Donor_Age,Blood_Type,Recency (months),Frequency (times),Monetary (c.c. blood),Time (months),Donation_Location,Target
48.0,4.0,26.0,37.0,14015.0,84.0,1.0,0
64.0,0.0,12.0,6.0,11302.0,85.0,2.0,1
46.0,1.0,23.0,16.0,3674.0,39.0,1.0,1
29.0,3.0,28.0,47.0,651.0,62.0,2.0,0
28.0,6.0,28.0,51.0,10540.0,68.0,0.0,0
23.0,5.0,9.0,6.0,3319.0,2.0,2.0,1
20.0,6.0,12.0,26.0,8347.0,2.0,0.0,1
33.0,6.0,16.0,15.0,3006.0,60.0,0.0,1
63.0,1.0,1.0,38.0,2764.0,10.0,1.0,1
20.0,2.0,13.0,31.0,13632.0,90.0,0.0,1
46.2,2.0,14.0,26.0,9421.0,21.0,2.0,1
26.0,7.0,24.0,48.0,5129.0,87.0,2.0,0
24.0,2.0,2.0,45.0,454.0,47.0,0.0,0
19.0,6.0,29.0,23.0,13145.0,17.0,2.0,1
44.0,2.0,13.0,45.0,11003.0,73.0,1.0,0
49.0,6.0,3.0,18.0,1450.0,16.0,0.0,1
48.0,0.0,13.0,24.0,13803.0,54.0,0.0,1
18.0,6.0,14.4,50.0,2979.0,16.0,1.0,0
48.0,4.0,20.0,51.0,2880.0,17.0,1.0,1
61.0,4.0,15.0,28.0,4898.0,81.0,1.0,0
35.0,7.0,27.0,54.0,12196.0,6.0,2.0,1
56.0,6.0,3.0,32.0,420.0,62.0,0.0,0
39.0,1.0,20.0,33.0,11263.0,86.0,2.0,0
30.0,2.0,7.0,3.0,4944.0,33.0,0.0,0
39.0,1.0,13.0,36.0,12063.0,87.0,2.0,1
29.0,7.0,4.0,6.0,9039.0,46.0,2.0,0
45.4,0.0,20.0,59.0,5696.0,82.0,1.0,1
30.0,6.0,9.4,9.0,1213.0,47.0,1.0,0
62.0,2.0,14.0,39.0,1788.0,94.0,2.0,0
23.0,6.0,2.0,34.0,13155.0,80.0,2.0,1
26.0,7.0,14.0,38.0,1819.0,4.0,2.0,1
29.0,7.0,23.0,46.0,7448.0,2.0,2.0,1
26.0,0.0,5.0,29.0,9095.0,61.0,2.0,0
55.0,4.0,25.0,39.0,5522.0,62.0,0.0,0
29.0,3.0,1.0,7.0,3981.0,29.0,2.0,1
41.0,4.0,23.0,47.0,2828.0,37.0,0.0,1
33.0,0.0,25.0,47.0,5612.0,31.0,2.0,1
64.0,1.0,28.0,2.0,7603.0,25.0,1.0,1
31.0,5.0,24.0,6.0,11504.0,23.0,1.0,1
23.0,5.0,25.0,11.0,7005.0,16.0,1.0,1
29.0,7.0,12.0,26.0,9595.0,81.0,2.0,0
33.0,0.0,27.0,8.0,11044.0,25.0,2.0,0
18.0,6.0,4.0,45.0,3656.0,47.0,2.0,0
62.0,5.0,17.0,52.0,6941.0,6.0,1.0,0
29.0,4.0,12.0,43.0,5733.0,77.0,1.0,1
61.0,7.0,16.0,14.0,14205.0,73.0,1.0,0
50.0,1.0,15.0,59.0,2437.0,99.0,0.0,0
34.0,2.0,3.0,17.0,1337.0,11.0,1.0,0
57.0,0.0,29.0,32.0,14453.0,75.0,0.0,0
35.0,4.0,6.0,49.0,9741.0,69.0,0.0,0
62.0,1.0,4.0,51.0,8982.0,63.0,1.0,1
35.0,5.0,17.0,35.0,13779.0,75.0,1.0,1
43.0,2.0,18.0,49.0,4451.0,55.0,1.0,1
30.0,5.0,12.0,52.0,259.0,7.0,2.0,0
28.0,2.0,20.0,55.0,14289.0,1.0,0.0,1
58.0,6.0,28.0,6.0,4398.0,59.0,0.0,0
61.0,5.0,21.0,50.0,12844.0,24.0,0.0,0
35.0,2.0,14.0,22.6,11804.0,3.0,0.0,0
26.0,3.0,4.0,5.0,8120.0,54.0,2.0,0
24.0,5.0,8.0,3.0,3506.0,54.0,0.0,1
55.0,0.0,13.0,45.0,4390.0,33.0,2.0,0
34.0,6.0,6.0,35.0,11221.0,41.0,0.0,0
60.0,4.0,18.0,34.0,3682.0,91.0,1.0,1
62.0,4.0,1.0,15.0,6628.0,68.0,1.0,1
47.0,6.0,16.0,24.0,10593.0,84.0,2.0,0
46.0,6.0,6.0,37.0,12297.0,13.0,1.0,0
22.0,5.0,26.0,11.0,8331.0,6.0,1.0,1
44.0,4.0,6.0,1.0,9780.0,65.0,2.0,0
31.0,3.0,17.0,58.0,2556.0,71.0,1.0,1
60.0,6.0,28.0,36.0,2878.0,93.0,2.0,0
21.0,1.0,14.0,8.0,11736.0,26.0,0.0,0
57.0,0.0,1.0,2.0,578.0,41.0,0.0,1
42.0,1.0,5.0,53.0,5177.0,8.0,2.0,1
47.0,4.0,29.0,22.0,12329.0,35.0,1.0,1
28.0,1.0,27.0,28.0,1803.0,39.0,1.0,0
32.0,1.0,13.0,20.0,8041.0,84.0,2.0,1
64.0,6.0,1.0,14.0,1816.0,41.0,0.0,0
61.0,0.0,9.0,44.0,14861.0,30.0,0.0,0
18.0,5.0,2.0,42.0,14774.0,55.0,0.0,0
31.0,7.0,7.0,32.0,14876.0,79.0,0.0,0
23.0,5.0,23.0,46.0,1739.0,17.0,1.0,0
60.0,5.0,17.0,40.0,10152.0,72.0,0.0,1
62.0,4.0,26.0,36.0,4820.0,46.0,2.0,0
40.4,3.0,17.0,13.0,4614.0,23.0,2.0,1
62.0,2.0,26.0,36.0,8412.0,25.0,0.0,0
39.0,4.0,15.0,56.0,1630.0,54.0,1.0,0
31.0,1.0,24.0,56.0,10416.0,22.0,2.0,0
24.0,4.0,21.0,30.0,999999.0,61.0,1.0,1
29.0,7.0,8.0,26.0,10206.0,51.0,1.0,0
24.0,0.0,16.0,44.0,1786.0,12.0,1.0,1
29.0,5.0,11.0,56.0,10889.0,72.0,2.0,1
30.0,1.0,24.0,26.0,7412.0,82.0,0.0,0
34.0,7.0,14.0,47.0,11976.0,35.0,2.0,0
51.0,7.0,1.0,48.0,8581.0,90.0,1.0,0
40.0,5.0,16.0,25.0,3055.0,85.0,2.0,1
49.0,5.0,14.0,56.0,14632.0,58.0,2.0,1
21.0,5.0,5.0,48.0,12209.0,76.0,0.0,1
47.0,4.0,23.0,43.0,3974.0,32.0,1.0,0
22.0,6.0,14.0,37.0,3431.0,85.0,0.0,0
31.0,5.0,14.0,59.0,366.0,71.0,1.0,0
53.0,6.0,19.0,51.0,3087.0,81.0,1.0,0
34.0,4.0,20.4,10.0,6960.0,12.0,2.0,1
30.0,4.0,17.0,39.0,8880.0,17.0,1.0,0
22.0,5.0,1.0,22.0,12337.0,12.0,1.0,0
27.0,7.0,23.0,16.8,10494.0,78.0,2.0,0
49.0,3.0,2.0,3.0,1506.0,84.0,1.0,1
43.0,6.0,19.0,18.0,3409.0,46.0,2.0,1
58.0,7.0,14.0,45.0,3542.0,91.0,1.0,1
59.0,0.0,2.0,48.0,7584.0,72.0,1.0,1
39.0,7.0,12.0,47.0,11907.0,50.0,1.0,1
54.0,4.0,12.2,9.0,14809.0,14.0,0.0,0
64.0,0.0,12.0,22.0,14245.0,36.0,1.0,1
58.0,7.0,21.0,36.0,12817.0,43.0,0.0,0
31.0,6.0,16.0,12.0,1193.0,71.0,2.0,1
18.0,1.0,10.0,5.0,10096.0,78.0,0.0,0
25.0,4.0,18.0,11.0,12056.0,67.0,2.0,0
54.0,4.0,18.0,48.0,3138.0,91.0,2.0,1
37.0,5.0,6.0,7.0,6952.0,53.0,1.0,0
33.0,1.0,6.0,43.0,7694.0,25.0,2.0,0
40.0,5.0,29.0,36.0,891.0,91.0,2.0,1
50.0,0.0,3.0,35.0,5434.0,76.0,0.0,1
49.0,5.0,27.0,32.4,2269.0,85.0,1.0,0
51.0,7.0,26.0,24.0,999999.0,33.0,1.0,0
60.0,1.0,4.0,57.0,11213.0,14.0,2.0,0
23.0,2.0,9.0,4.0,13565.0,94.0,0.0,1
33.0,2.0,5.0,20.0,10068.0,42.0,1.0,1
39.0,5.0,24.0,47.0,2657.0,2.0,1.0,1
58.0,5.0,26.0,42.0,9108.0,5.0,2.0,1
57.0,3.0,9.0,51.0,9050.0,44.0,1.0,0
26.0,3.0,12.0,16.0,12257.0,86.0,1.0,0
58.0,5.0,29.0,45.0,6783.0,18.0,1.0,1
38.2,2.0,29.0,32.0,5732.0,86.0,1.0,1
39.0,1.0,7.0,8.0,7796.0,30.0,2.0,0
37.0,2.0,7.0,19.0,902.0,1.0,0.0,1
48.0,3.0,25.0,24.0,2014.0,21.0,1.0,0
38.0,7.0,19.0,28.0,586.0,76.0,1.0,1
40.4,7.0,2.0,7.0,1196.0,73.0,2.0,1
64.0,0.0,20.8,4.0,3225.0,17.0,2.0,0
40.0,7.0,5.0,39.0,9466.0,71.0,0.0,0
30.0,3.0,2.0,11.0,9579.0,76.0,0.0,0
55.0,3.0,4.0,44.0,4345.0,9.0,1.0,1
21.0,1.0,10.0,55.0,14363.0,63.0,2.0,1
32.0,6.0,15.0,26.0,9746.0,71.0,1.0,0
19.0,4.0,9.8,36.0,10918.0,97.0,1.0,1
34.0,6.0,18.2,4.0,7621.0,12.0,0.0,1
37.0,6.0,21.0,59.0,8740.0,11.0,0.0,1
44.0,0.0,20.0,39.0,1097.0,25.0,2.0,0
34.0,2.0,11.0,16.0,7955.0,97.0,0.0,1
31.0,4.0,2.0,11.0,13650.0,59.0,1.0,0
59.0,7.0,16.6,47.0,617.0,82.0,2.0,1
22.0,0.0,2.0,45.0,14020.0,57.0,2.0,1
56.0,6.0,28.0,13.0,14083.0,93.0,1.0,1
26.0,4.0,26.0,45.0,8318.0,15.0,0.0,0
43.0,7.0,10.0,2.0,4569.0,83.0,0.0,1
59.0,4.0,19.0,42.0,7364.0,28.0,2.0,1
27.0,1.0,10.0,56.0,4270.0,54.0,1.0,0
62.0,3.0,22.0,49.0,9481.0,84.0,2.0,0
33.0,1.0,16.0,10.8,769.0,26.0,1.0,1
37.0,2.0,28.0,11.0,6939.0,14.0,0.0,1
53.0,5.0,14.0,16.0,1399.0,55.0,1.0,1
20.0,0.0,29.0,39.0,6874.0,58.0,0.0,0
41.0,0.0,29.0,34.0,2108.0,44.0,1.0,1
24.0,3.0,20.0,20.0,9877.0,36.0,1.0,0
25.0,2.0,14.0,16.0,3016.0,59.0,1.0,0
48.0,2.0,16.0,44.0,7250.0,20.0,2.0,1
39.0,3.0,6.0,57.0,8799.0,86.0,2.0,1
46.0,4.0,1.0,23.0,7508.0,98.0,0.0,1
21.0,1.0,15.0,14.0,8273.0,7.0,0.0,1
29.0,5.0,24.0,53.0,12129.0,4.0,2.0,1
41.0,2.0,21.0,48.0,3962.0,6.0,1.0,1
22.0,0.0,11.0,30.2,9755.0,89.0,1.0,1
34.0,5.0,7.0,19.0,12219.0,51.0,2.0,0
30.0,1.0,5.0,48.0,10660.0,35.0,2.0,0
45.0,3.0,6.0,33.0,8164.0,9.0,0.0,1
57.0,3.0,14.0,8.0,6222.0,15.0,0.0,0
46.0,5.0,27.0,7.0,3698.0,63.0,2.0,0
48.0,5.0,16.0,6.0,14615.0,19.0,1.0,0
27.0,3.0,13.0,12.0,4261.0,71.0,1.0,1
27.0,3.0,7.0,25.0,6408.0,42.0,2.0,1
60.0,3.0,7.0,52.0,4351.0,33.0,0.0,0
41.0,0.0,28.0,17.0,9990.0,68.0,2.0,1
25.0,4.0,9.0,23.0,4453.0,58.0,0.0,0
26.0,5.0,7.0,8.0,7509.0,94.0,0.0,0
32.0,0.0,24.0,16.0,10297.0,48.0,2.0,1
29.0,2.0,2.0,12.0,11526.0,86.0,2.0,0
39.8,7.0,9.0,23.0,8977.0,99.0,2.0,1
62.0,6.0,3.0,7.0,2902.0,61.0,0.0,0
62.0,3.0,28.0,28.0,495.0,10.0,0.0,0
25.0,1.0,4.0,47.0,1486.0,34.0,1.0,1
32.0,3.0,10.0,46.0,2396.0,7.0,2.0,1
34.0,2.0,4.0,47.0,1673.0,26.0,2.0,0
61.0,6.0,16.0,45.0,8867.0,79.0,1.0,0
22.0,7.0,20.0,15.8,11863.0,69.0,0.0,0
29.0,3.0,6.0,23.0,1640.0,90.0,2.0,0
49.0,5.0,6.0,38.4,497.0,63.0,2.0,1
45.0,0.0,17.2,43.0,5007.0,40.0,1.0,1
54.0,5.0,19.0,23.0,394.0,13.0,2.0,1
56.0,4.0,26.0,47.0,5216.0,47.0,1.0,1
58.0,6.0,28.0,57.0,2610.0,30.0,2.0,0
30.0,1.0,6.0,38.0,7150.0,62.0,1.0,0
28.0,7.0,10.0,3.0,1546.0,80.0,1.0,1
63.0,6.0,21.0,52.0,11203.0,23.0,0.0,1
52.0,3.0,1.0,41.4,12257.0,41.0,2.0,1
51.0,3.0,23.0,6.0,12448.0,38.0,2.0,1
35.0,5.0,19.0,50.0,10274.0,7.0,2.0,1
36.0,6.0,28.0,30.0,5634.0,8.0,1.0,0
30.0,7.0,9.0,12.0,7661.0,91.0,1.0,1
59.0,7.0,23.0,11.0,3338.0,43.0,2.0,0
34.0,0.0,9.0,48.0,10242.0,49.0,1.0,1
30.0,3.0,5.0,29.0,5724.0,74.0,2.0,0
28.0,0.0,3.0,19.0,13355.0,94.0,1.0,0
55.0,5.0,18.0,54.0,330.0,38.0,0.0,1
22.0,1.0,18.0,37.0,7945.0,65.0,2.0,1
35.0,5.0,3.0,13.0,1390.0,5.0,0.0,1
55.0,2.0,23.0,24.0,13219.0,6.0,1.0,1
37.2,2.0,19.6,11.0,8637.0,65.0,2.0,0
27.0,2.0,7.0,50.0,10869.0,12.0,1.0,0
58.0,6.0,10.8,14.0,5109.0,99.0,1.0,1
30.0,4.0,23.0,6.0,11932.0,7.0,2.0,1
63.0,3.0,26.0,41.0,12416.0,48.0,2.0,1
47.0,5.0,27.0,52.0,3232.0,81.0,2.0,1
31.0,3.0,6.0,35.0,9557.0,40.0,0.0,0
44.0,6.0,28.0,18.0,12350.0,19.0,2.0,1
39.0,4.0,11.0,18.0,3982.0,23.0,0.0,0
46.0,1.0,3.0,19.0,5059.0,5.0,2.0,1
51.0,7.0,21.0,15.0,3154.0,72.0,0.0,1
52.0,1.0,21.8,21.0,2062.0,60.0,2.0,1
21.0,7.0,29.0,3.0,11511.0,23.0,0.0,0
50.0,2.0,19.0,28.0,9149.0,35.0,2.0,1
20.0,2.0,27.0,28.2,13775.0,12.0,2.0,1
51.0,2.0,5.0,27.0,303.0,74.0,0.0,1
37.0,5.0,8.0,50.0,4617.0,28.0,1.0,0
19.0,5.0,9.0,2.0,2811.0,38.0,0.0,0
18.0,7.0,6.0,58.0,8528.0,31.0,2.0,0
20.0,1.0,19.0,25.0,7431.0,66.0,2.0,0
34.0,3.0,2.0,45.0,11347.0,24.0,1.0,1
35.0,7.0,1.0,20.0,9714.0,63.0,0.0,1
38.0,4.0,10.0,18.0,10966.0,88.0,2.0,1
20.0,5.0,7.0,56.0,14347.0,89.0,2.0,1
57.0,4.0,15.0,47.0,7409.0,58.0,2.0,0
41.0,6.0,24.0,51.0,1180.0,62.0,2.0,1
24.0,7.0,18.0,49.0,8893.0,74.0,2.0,1
51.0,3.0,7.0,49.0,10946.0,35.0,2.0,1
53.0,5.0,8.0,6.0,9190.0,51.0,0.0,1
41.0,4.0,15.0,46.0,8625.0,37.0,0.0,0
38.0,0.0,12.0,20.0,12254.0,24.0,0.0,0
64.0,3.0,17.2,10.0,5026.0,10.0,1.0,1
19.0,4.0,24.0,42.0,14066.0,41.0,2.0,0
33.0,5.0,5.0,15.0,7622.0,50.0,2.0,1
35.2,0.0,26.0,9.0,7109.0,10.0,1.0,0
45.0,6.0,7.0,8.0,2838.0,35.0,1.0,0
43.4,4.0,10.0,50.0,6407.0,18.0,1.0,0
49.0,0.0,5.0,24.0,3137.0,38.0,0.0,0
64.0,1.0,12.0,54.0,10667.0,13.0,0.0,0
35.0,6.0,10.0,9.0,7917.0,73.0,0.0,1
34.0,2.0,27.0,45.0,7259.0,64.0,2.0,0
39.0,1.0,18.4,27.0,9671.0,47.0,2.0,1
19.0,4.0,24.0,5.0,8643.0,72.0,1.0,0
27.0,4.0,16.0,46.0,480.0,93.0,1.0,0
47.0,7.0,19.0,14.0,5325.0,55.0,0.0,0
27.0,3.0,24.0,47.0,5371.0,96.0,1.0,0
18.0,5.0,16.0,11.0,12598.0,40.0,1.0,0
54.0,3.0,7.0,19.0,12858.0,47.0,0.0,0
23.0,7.0,24.0,15.0,719.0,97.0,2.0,0
51.0,1.0,19.0,14.0,497.0,61.0,0.0,0
61.0,1.0,13.0,47.0,6446.0,20.0,0.0,0
60.0,6.0,27.0,34.0,2173.0,48.0,1.0,0
52.0,1.0,10.0,32.0,6224.0,4.0,0.0,1
56.0,6.0,8.0,58.0,5705.0,33.0,2.0,0
25.0,1.0,15.0,54.0,5177.0,72.0,1.0,0
34.0,5.0,3.0,42.0,7181.0,53.0,2.0,0
61.0,0.0,29.0,36.0,10641.0,65.0,2.0,0
56.0,7.0,19.0,16.0,626.0,7.0,0.0,1
18.0,1.0,28.0,31.0,4161.0,99.0,0.0,0
45.6,7.0,8.8,12.0,8507.0,62.0,2.0,0
21.0,1.0,15.0,27.0,9487.0,67.0,2.0,0
41.2,4.0,19.0,49.0,6245.0,34.0,1.0,0
64.0,4.0,18.6,8.0,11210.0,61.0,1.0,0
28.0,3.0,25.0,13.0,11725.0,30.0,2.0,0
33.0,3.0,27.0,51.0,9743.0,24.0,1.0,0
35.0,6.0,9.0,18.0,2794.0,17.0,1.0,0
39.0,1.0,16.0,8.0,9840.0,80.0,2.0,0
27.0,7.0,24.0,20.0,10770.0,51.0,2.0,1
53.0,5.0,3.0,48.0,8703.0,67.0,2.0,0
40.0,5.0,15.0,30.4,14136.0,78.0,1.0,1
56.0,3.0,12.0,37.0,3240.0,75.0,0.0,1
45.4,4.0,6.0,46.0,3202.0,35.0,1.0,0
30.0,5.0,17.0,52.0,6772.0,76.0,2.0,0
28.0,4.0,25.0,17.0,3495.0,67.0,0.0,0
60.0,5.0,17.0,59.0,11615.0,70.0,1.0,0
28.0,6.0,3.0,40.0,9938.0,31.0,0.0,1
52.0,4.0,24.0,50.0,14306.0,85.0,0.0,0
64.0,7.0,13.0,47.0,6978.0,4.0,0.0,0
43.0,4.0,14.0,24.6,14317.0,17.0,1.0,0
19.0,5.0,20.0,24.0,7236.0,80.0,2.0,0
50.0,0.0,10.0,46.0,11861.0,51.0,1.0,1
26.0,1.0,9.0,2.0,4088.0,75.0,1.0,1
59.0,3.0,15.0,46.0,2484.0,33.0,2.0,1
19.0,1.0,14.0,10.0,5538.0,20.0,1.0,1
34.0,4.0,21.0,2.0,2439.0,83.0,2.0,1
24.0,3.0,10.0,4.0,3535.0,75.0,2.0,1
33.0,0.0,4.0,21.0,10722.0,49.0,1.0,1
61.0,6.0,18.0,24.0,8389.0,21.0,0.0,0
30.0,7.0,3.0,21.0,8162.0,70.0,2.0,1
56.0,1.0,9.0,51.0,1027.0,71.0,1.0,1
41.6,5.0,18.4,38.0,697.0,43.0,0.0,1
36.0,0.0,14.0,18.0,5203.0,52.0,1.0,1
57.0,6.0,25.0,45.0,9901.0,52.0,2.0,0
63.0,2.0,3.0,21.2,1914.0,90.0,1.0,0
45.0,1.0,29.0,32.0,14989.0,76.0,2.0,0
38.0,5.0,12.0,16.0,14533.0,58.0,2.0,0
43.0,7.0,15.0,45.0,9446.0,50.0,2.0,1
42.0,5.0,12.0,15.0,14311.0,80.0,1.0,0
46.0,2.0,29.0,2.0,3183.0,43.0,1.0,0
36.0,4.0,15.0,35.0,11101.0,22.0,2.0,0
44.0,3.0,6.0,15.0,4969.0,79.0,0.0,0
59.0,2.0,21.0,31.0,2627.0,92.0,0.0,1
52.0,1.0,29.0,6.0,12254.0,63.0,0.0,0
47.0,1.0,15.0,4.0,13875.0,56.0,1.0,0
37.0,0.0,12.0,22.8,3071.0,25.0,2.0,1
61.0,0.0,20.0,56.0,1986.0,14.0,2.0,0
29.0,2.0,7.0,29.4,8031.0,66.0,0.0,0
43.0,7.0,16.0,56.0,5020.0,32.0,1.0,0
32.0,3.0,3.0,31.0,14044.0,78.0,0.0,1
53.0,4.0,13.0,58.0,12295.0,84.0,0.0,1
48.0,4.0,8.0,27.0,625.0,99.0,2.0,1
55.0,4.0,13.0,15.0,14872.0,46.0,2.0,1
31.0,3.0,29.0,57.0,267.0,56.0,1.0,0
58.0,3.0,19.0,55.0,11874.0,85.0,2.0,1
56.0,2.0,27.0,49.0,5105.0,7.0,1.0,1
25.0,0.0,18.0,23.0,8850.0,85.0,1.0,1
28.0,6.0,12.0,25.0,8499.0,68.0,1.0,1
38.0,5.0,25.0,34.0,6821.0,30.0,2.0,0
23.0,3.0,1.0,22.0,4335.0,77.0,2.0,0
31.0,3.0,29.0,33.8,12264.0,15.0,0.0,1
35.0,0.0,21.0,15.0,2370.0,34.0,0.0,1
23.0,5.0,11.0,46.0,13823.0,88.0,1.0,1
46.0,1.0,10.0,20.8,11571.0,92.0,0.0,1
28.0,4.0,20.0,12.0,7576.0,80.0,1.0,1
55.0,3.0,26.0,50.0,13207.0,63.0,1.0,0
56.0,1.0,15.6,8.0,14110.0,65.0,1.0,1
52.0,5.0,12.0,4.0,10917.0,55.0,0.0,0
39.0,6.0,9.0,45.0,14273.0,2.0,2.0,1
20.0,3.0,10.0,47.0,10830.0,87.0,0.0,1
47.0,4.0,14.0,47.0,6437.0,42.0,1.0,1
23.0,7.0,13.0,7.0,3273.0,68.0,0.0,0
25.0,3.0,2.0,22.0,3391.0,47.0,0.0,0
62.0,3.0,12.0,28.0,4231.0,91.0,2.0,1
30.0,5.0,22.0,19.0,9924.0,46.0,2.0,1
41.0,7.0,4.0,57.0,7705.0,98.0,1.0,1
18.0,0.0,26.0,23.4,6109.0,49.0,2.0,1
43.2,4.0,24.0,31.0,4002.0,19.0,0.0,1
46.0,3.0,5.0,26.0,4860.0,49.0,2.0,1
56.0,4.0,19.0,55.0,4148.0,27.0,1.0,0
26.0,0.0,25.0,42.0,12249.0,37.0,0.0,0
44.0,5.0,15.0,10.0,8359.0,42.0,0.0,1
37.8,2.0,13.0,24.0,8544.0,24.0,0.0,0
48.0,7.0,6.0,4.0,9372.0,94.0,2.0,1
150.0,2.0,29.0,31.0,9102.0,68.0,2.0,0
34.0,6.0,25.0,12.0,14981.0,76.0,1.0,0
51.0,0.0,15.4,2.0,10331.0,74.0,2.0,0
21.0,4.0,26.0,30.0,11659.0,2.0,1.0,0
61.0,3.0,8.0,34.0,1996.0,50.0,2.0,0
49.0,6.0,10.0,55.0,9046.0,70.0,0.0,1
46.0,2.0,4.0,17.0,10151.0,15.0,1.0,0
42.6,0.0,7.0,40.0,12795.0,94.0,1.0,0
19.0,7.0,13.0,24.2,11151.0,46.0,2.0,0
49.0,2.0,19.0,21.0,14489.0,98.0,1.0,0
40.0,4.0,14.0,25.0,6476.0,74.0,0.0,1
35.0,2.0,29.0,40.0,11723.0,71.0,0.0,1
40.0,6.0,16.0,8.0,6377.0,71.0,2.0,0
24.0,3.0,2.0,11.0,13375.0,62.0,2.0,0
23.0,7.0,8.0,30.0,6569.0,45.0,0.0,1
56.0,7.0,21.0,4.0,14381.0,7.0,1.0,0
52.0,4.0,22.0,47.0,3326.0,85.0,1.0,1
52.0,1.0,2.0,44.0,8557.0,81.0,0.0,0
42.0,2.0,8.0,37.0,811.0,53.0,2.0,0
32.0,7.0,6.0,37.0,982.0,71.0,0.0,1
31.0,1.0,21.0,40.0,9320.0,11.0,2.0,0
34.0,1.0,14.0,24.0,9913.0,77.0,2.0,1
33.0,4.0,24.0,31.0,10144.0,30.0,0.0,1
48.0,1.0,5.0,15.0,5063.0,16.0,0.0,0
24.0,5.0,23.0,37.0,692.0,87.0,1.0,0
35.0,3.0,27.0,6.0,10891.0,33.0,0.0,1
23.0,0.0,17.0,2.0,9785.0,99.0,0.0,0
64.0,4.0,27.0,14.0,6200.0,23.0,0.0,1
40.0,2.0,1.0,21.0,2710.0,46.0,1.0,1
33.0,3.0,3.0,59.0,2365.0,99.0,2.0,1
59.0,6.0,4.0,11.0,6419.0,74.0,0.0,0
58.0,1.0,8.0,33.0,5050.0,50.0,0.0,0
59.0,4.0,21.0,26.0,9814.0,91.0,1.0,0
47.0,4.0,11.0,17.0,3444.0,11.0,1.0,0
35.0,2.0,8.0,33.0,6055.0,85.0,0.0,0
22.0,7.0,29.0,2.0,13865.0,97.0,2.0,0
49.0,3.0,14.6,6.0,6350.0,52.0,2.0,0
37.0,7.0,16.0,19.0,8840.0,51.0,2.0,0
47.0,3.0,25.0,5.0,3832.0,89.0,0.0,0
38.0,3.0,13.0,1.0,3207.0,96.0,2.0,1
54.0,2.0,21.0,17.0,7532.0,9.0,0.0,0
43.0,0.0,3.0,38.0,1104.0,86.0,0.0,1
20.0,5.0,3.0,22.0,7731.0,28.0,2.0,0
19.0,5.0,29.0,55.0,14822.0,78.0,1.0,1
37.6,2.0,22.0,49.0,4524.0,25.0,2.0,0
40.0,3.0,16.0,46.0,8864.0,68.0,2.0,1
40.0,7.0,12.0,53.0,7249.0,19.0,1.0,1
52.0,2.0,9.0,47.0,7996.0,24.0,2.0,0
55.0,1.0,17.0,55.0,14036.0,57.0,2.0,0
31.0,7.0,5.0,19.0,8206.0,57.0,2.0,0
25.0,1.0,16.0,36.0,6545.0,73.0,0.0,1
57.0,2.0,8.0,40.0,4280.0,58.0,1.0,0
33.0,1.0,3.0,30.0,12740.0,97.0,1.0,0
48.4,7.0,7.0,31.0,4276.0,7.0,1.0,1
58.0,1.0,4.0,45.0,1718.0,64.0,2.0,1
47.0,1.0,24.0,8.0,8904.0,34.0,1.0,0
39.0,6.0,15.0,37.0,7776.0,84.0,2.0,1
20.0,2.0,19.0,9.0,11909.0,91.0,0.0,1
41.0,4.0,10.0,39.0,8824.0,53.0,2.0,0
49.0,1.0,8.0,8.0,9144.0,25.0,2.0,1
56.0,4.0,15.0,51.0,472.0,53.0,2.0,1
21.0,2.0,7.0,7.0,6976.0,53.0,1.0,0
48.4,2.0,13.0,19.0,3288.0,42.0,0.0,1
39.0,5.0,11.0,36.0,999999.0,51.0,0.0,1
35.0,2.0,9.0,47.0,8864.0,65.0,2.0,1
22.0,3.0,5.0,13.0,6846.0,56.0,0.0,0
60.0,7.0,3.0,53.0,3397.0,58.0,0.0,1
22.0,5.0,24.0,30.0,8369.0,54.0,2.0,1
64.0,6.0,8.0,21.0,8328.0,32.0,0.0,0
64.0,5.0,26.0,21.0,4243.0,32.0,0.0,0
34.2,3.0,29.0,31.0,764.0,1.0,0.0,1
33.0,0.0,15.0,33.0,14395.0,69.0,2.0,1
22.0,6.0,27.0,50.0,13302.0,27.0,0.0,1
59.0,0.0,14.0,4.0,3670.0,91.0,2.0,0
60.0,4.0,12.0,6.0,5802.0,10.0,1.0,0
38.0,3.0,3.0,55.0,8830.0,45.0,0.0,0
28.0,6.0,28.0,43.0,9071.0,48.0,2.0,1
49.0,1.0,20.0,45.0,1995.0,88.0,2.0,1
49.0,6.0,7.0,11.0,13725.0,5.0,0.0,1
35.0,6.0,24.0,30.2,12947.0,34.0,0.0,1
45.0,3.0,26.0,13.0,4759.0,15.0,1.0,1
42.0,2.0,7.0,19.0,5459.0,13.0,2.0,0
25.0,7.0,13.0,43.0,10864.0,30.0,0.0,1
29.0,2.0,9.0,42.0,4563.0,44.0,2.0,0
34.0,1.0,16.0,43.0,7577.0,25.0,1.0,1
46.0,6.0,24.0,52.0,9403.0,87.0,1.0,1
43.0,7.0,9.0,52.0,1773.0,71.0,1.0,0
32.0,5.0,25.0,21.0,3221.0,20.0,1.0,0
49.0,3.0,11.0,55.0,13057.0,57.0,2.0,1
54.0,2.0,29.0,20.0,3358.0,80.0,1.0,1
40.0,4.0,3.0,30.0,10182.0,21.0,2.0,0
26.0,5.0,17.0,7.0,4651.0,47.0,0.0,1
51.0,4.0,28.0,33.0,2925.0,92.0,2.0,1
31.0,5.0,28.0,6.0,778.0,40.0,0.0,0
50.0,3.0,14.0,12.0,12976.0,32.0,1.0,0
31.0,4.0,23.0,33.0,9702.0,39.0,2.0,0
53.0,3.0,2.0,38.0,730.0,75.0,2.0,0
32.0,5.0,16.0,58.0,5151.0,64.0,1.0,1
49.0,4.0,26.0,51.0,11573.0,39.0,1.0,0
62.0,3.0,27.0,31.0,8978.0,49.0,0.0,0
25.0,1.0,9.0,29.0,7003.0,82.0,2.0,1
25.0,0.0,5.0,4.0,10447.0,80.0,1.0,0
40.0,7.0,29.0,38.0,9096.0,30.0,0.0,0
21.0,2.0,8.0,58.0,2754.0,66.0,1.0,1
34.0,1.0,20.0,5.0,11066.0,13.0,0.0,1
51.0,6.0,11.0,10.0,13747.0,21.0,0.0,1
20.0,0.0,21.0,5.0,8427.0,12.0,2.0,0
63.0,2.0,24.0,50.0,9445.0,98.0,0.0,1
42.0,3.0,22.0,27.0,7095.0,39.0,2.0,1
53.0,1.0,15.0,11.0,7132.0,92.0,0.0,1
31.0,3.0,9.0,31.0,599.0,84.0,0.0,1
55.0,1.0,17.0,52.0,13548.0,17.0,2.0,0
64.0,3.0,14.0,19.0,6792.0,46.0,0.0,0
41.0,4.0,20.0,22.6,2900.0,25.0,1.0,0
40.0,0.0,16.2,12.0,14886.0,99.0,0.0,0
40.0,4.0,16.0,35.0,331.0,60.0,2.0,0
52.0,0.0,10.0,20.0,11630.0,59.0,0.0,1
27.0,4.0,2.0,54.0,6995.0,26.0,0.0,1
22.0,4.0,21.0,53.0,3552.0,13.0,1.0,1
40.0,2.0,15.0,50.0,3508.0,11.0,0.0,1
46.0,7.0,24.0,20.0,9366.0,3.0,0.0,1
41.0,4.0,20.0,21.0,10052.0,3.0,0.0,1
23.0,2.0,22.0,4.0,10806.0,81.0,2.0,0
55.0,7.0,15.0,36.0,3261.0,81.0,0.0,0
21.0,2.0,28.0,15.0,12743.0,55.0,2.0,0
38.0,4.0,14.0,19.0,1779.0,30.0,0.0,1
30.0,1.0,9.0,9.0,12794.0,21.0,0.0,1
56.0,6.0,6.0,59.0,2120.0,59.0,0.0,0
25.0,6.0,26.0,46.0,2719.0,92.0,2.0,0
50.0,3.0,28.0,54.0,648.0,81.0,1.0,0
20.0,0.0,16.0,8.0,12075.0,12.0,2.0,1
21.0,7.0,25.0,28.0,1302.0,96.0,0.0,1
52.0,7.0,25.0,56.0,8352.0,33.0,0.0,1
56.0,6.0,1.0,52.0,8722.0,40.0,2.0,0
42.0,4.0,8.0,9.0,1777.0,98.0,1.0,0
57.0,4.0,6.0,7.0,11543.0,48.0,2.0,1
31.0,3.0,6.0,51.0,12447.0,52.0,1.0,0
41.0,6.0,19.0,2.0,13003.0,34.0,1.0,0
21.0,3.0,7.0,4.0,14783.0,97.0,2.0,1
64.0,4.0,14.0,58.0,14766.0,36.0,2.0,0
52.0,5.0,6.0,11.0,7537.0,16.0,0.0,0
50.0,1.0,16.0,7.0,8686.0,28.0,0.0,1
63.0,1.0,25.0,47.0,5582.0,68.0,0.0,1
33.0,7.0,6.0,31.0,1357.0,70.0,0.0,1
51.0,3.0,13.0,13.0,12440.0,18.0,0.0,0
50.0,7.0,27.0,3.0,2092.0,76.0,2.0,1
54.0,4.0,20.0,29.0,2421.0,51.0,0.0,0
54.0,1.0,19.0,21.0,9900.0,77.0,1.0,1
56.0,7.0,1.0,56.0,3576.0,81.0,2.0,0
58.0,2.0,21.0,1.0,7326.0,15.0,1.0,0
29.0,2.0,26.0,23.4,3290.0,76.0,2.0,0
18.0,1.0,25.0,28.0,8349.0,89.0,0.0,0
41.0,1.0,6.0,50.0,3383.0,21.0,1.0,1
27.0,1.0,13.0,48.0,8516.0,46.0,2.0,1
46.0,5.0,21.0,52.0,7004.0,87.0,0.0,0
23.0,3.0,24.0,53.0,6279.0,23.0,0.0,1
46.0,5.0,29.0,12.0,11157.0,2.0,1.0,0
25.0,5.0,17.0,19.0,6894.0,1.0,2.0,0
51.0,2.0,6.0,26.0,3677.0,97.0,0.0,0
33.0,6.0,4.0,6.0,7097.0,66.0,1.0,0
32.0,7.0,2.0,28.0,12726.0,65.0,0.0,0
47.4,3.0,2.0,54.0,2435.0,16.0,1.0,0
38.0,4.0,27.0,42.0,5425.0,11.0,0.0,0
44.0,3.0,2.0,54.0,10438.0,96.0,0.0,0
45.0,1.0,29.0,31.4,9689.0,53.0,1.0,1
49.0,5.0,22.0,11.0,7648.0,48.0,1.0,0
43.0,3.0,26.0,25.0,9947.0,49.0,0.0,1
29.0,3.0,16.0,22.0,6196.0,4.0,2.0,0
22.0,1.0,6.0,46.0,4616.0,29.0,0.0,0
39.0,6.0,29.0,20.0,9823.0,88.0,1.0,0
48.0,0.0,25.0,11.0,7631.0,41.0,2.0,1
52.0,4.0,12.0,36.0,7695.0,79.0,2.0,0
22.0,3.0,14.0,6.0,4536.0,55.0,2.0,0
64.0,7.0,28.0,51.0,4233.0,91.0,1.0,0
57.0,0.0,23.0,35.0,3560.0,30.0,0.0,1
36.0,6.0,11.0,24.6,2417.0,64.0,0.0,1
47.0,2.0,20.0,1.0,14955.0,35.0,0.0,1
39.0,5.0,27.0,55.0,9709.0,86.0,1.0,0
37.0,6.0,9.0,6.0,3365.0,64.0,0.0,0
44.0,4.0,24.0,59.0,12742.0,34.0,0.0,0
34.0,3.0,18.0,27.0,11667.0,16.0,1.0,1
28.0,5.0,29.0,23.0,5710.0,61.0,0.0,1
33.0,1.0,24.0,27.0,9533.0,91.0,0.0,1
50.0,1.0,10.0,58.0,5997.0,38.0,2.0,0
40.0,1.0,25.0,58.0,460.0,64.0,2.0,1
39.0,7.0,9.0,57.0,4068.0,12.0,2.0,1
21.0,2.0,1.0,46.0,6116.0,97.0,0.0,0
22.0,0.0,26.0,40.0,4323.0,42.0,0.0,1
60.0,2.0,21.0,19.0,5597.0,36.0,2.0,0
53.0,5.0,12.0,44.0,1277.0,89.0,0.0,1
23.0,2.0,16.0,40.0,10409.0,51.0,1.0,1
31.0,5.0,5.0,43.0,8156.0,86.0,0.0,1
31.0,7.0,15.0,8.0,10425.0,82.0,1.0,0
52.0,6.0,15.0,48.0,4309.0,47.0,0.0,0
37.0,3.0,20.0,11.0,581.0,15.0,1.0,0
39.0,0.0,24.0,6.0,4452.0,71.0,2.0,0
54.0,5.0,15.0,6.0,2269.0,81.0,0.0,0
33.0,3.0,5.0,2.0,5530.0,90.0,0.0,1
52.0,3.0,3.0,49.0,5090.0,97.0,0.0,1
62.0,3.0,8.0,9.0,12867.0,69.0,1.0,0
43.0,6.0,8.0,21.0,12952.0,6.0,2.0,0
53.0,2.0,7.0,50.0,9763.0,91.0,1.0,0
29.0,4.0,23.0,25.0,1626.0,11.0,1.0,1
44.0,0.0,19.0,20.6,4185.0,10.0,0.0,0
55.0,1.0,14.0,1.0,13647.0,94.0,1.0,0
36.0,4.0,2.0,17.0,8027.0,65.0,2.0,0
46.0,4.0,28.0,33.0,10852.0,84.0,0.0,0
44.0,0.0,6.0,22.0,11807.0,82.0,2.0,1
53.0,6.0,11.2,6.0,14372.0,59.0,2.0,0
46.0,6.0,28.0,3.0,5185.0,70.0,0.0,0
62.0,2.0,21.0,42.0,2451.0,8.0,0.0,0
51.0,5.0,10.0,12.0,13071.0,83.0,0.0,0
45.0,2.0,7.0,13.0,14974.0,2.0,2.0,1
34.0,2.0,3.0,55.0,13242.0,9.0,0.0,1
27.0,5.0,24.0,16.0,5487.0,51.0,2.0,1
54.0,4.0,8.0,17.0,11089.0,81.0,0.0,1
61.0,5.0,22.0,22.0,1436.0,28.0,2.0,1
59.0,7.0,24.0,43.0,6283.0,51.0,1.0,1
35.0,2.0,28.0,3.0,13219.0,66.0,1.0,0
62.0,7.0,29.0,48.0,14429.0,69.0,0.0,0
20.0,3.0,28.0,9.0,13121.0,3.0,2.0,1
47.0,6.0,21.0,23.0,1957.0,71.0,0.0,0
42.8,4.0,18.0,55.0,1116.0,46.0,2.0,0
47.0,0.0,18.0,46.0,4225.0,70.0,0.0,1
50.0,7.0,23.0,45.0,10787.0,92.0,2.0,0
20.0,5.0,12.0,59.0,8019.0,67.0,1.0,1
55.0,6.0,21.0,15.0,10732.0,98.0,1.0,1
43.0,1.0,18.0,6.0,5730.0,82.0,0.0,1
62.0,6.0,22.0,56.0,1620.0,47.0,1.0,0
36.0,1.0,20.0,52.0,1538.0,96.0,2.0,1
60.0,7.0,13.0,22.0,9427.0,15.0,1.0,1
55.0,3.0,4.0,24.0,8569.0,38.0,1.0,0
46.0,0.0,20.0,18.0,6786.0,80.0,0.0,0
62.0,1.0,19.0,15.0,10532.0,5.0,1.0,0
30.0,4.0,13.0,31.4,4149.0,19.0,0.0,1
56.0,3.0,17.0,21.0,3226.0,77.0,1.0,0
46.0,5.0,16.0,34.6,13627.0,54.0,1.0,1
28.0,4.0,25.0,36.0,13394.0,71.0,1.0,1
27.0,1.0,3.0,32.2,5649.0,2.0,1.0,0
60.0,1.0,2.0,51.0,7461.0,50.0,0.0,1
64.0,5.0,8.0,39.0,10965.0,64.0,0.0,1
38.0,7.0,6.0,13.0,5070.0,93.0,1.0,0
44.0,1.0,6.0,23.0,5898.0,52.0,1.0,0
44.0,3.0,26.0,54.0,7909.0,81.0,0.0,0
44.0,2.0,8.0,35.0,13324.0,90.0,2.0,1
27.0,0.0,24.0,56.0,13216.0,91.0,1.0,1
35.0,4.0,15.6,32.0,4809.0,11.0,2.0,1
42.0,6.0,16.0,53.0,14247.0,91.0,0.0,1
64.0,0.0,14.0,21.0,1603.0,67.0,1.0,1
51.0,4.0,28.0,7.0,5496.0,12.0,0.0,0
45.4,5.0,13.0,7.0,7638.0,29.0,2.0,0
34.0,0.0,29.0,51.0,11962.0,95.0,1.0,1
53.0,1.0,13.0,27.0,9008.0,71.0,0.0,1
41.2,7.0,4.0,34.0,655.0,70.0,2.0,0
46.0,3.0,1.0,43.0,14054.0,89.0,0.0,0
21.0,3.0,18.0,35.0,6250.0,23.0,0.0,0
23.0,2.0,25.0,56.0,3712.0,32.0,0.0,0
56.0,0.0,26.0,6.0,5434.0,58.0,1.0,0
51.0,7.0,2.0,16.0,14877.0,28.0,1.0,1
39.0,0.0,5.0,22.0,2534.0,61.0,1.0,1
42.0,0.0,17.0,1.0,2396.0,59.0,0.0,1
39.0,0.0,17.0,3.0,2085.0,53.0,2.0,1
36.0,2.0,27.0,55.0,9388.0,78.0,0.0,1
41.0,6.0,27.0,43.0,14260.0,48.0,2.0,1
46.0,6.0,1.0,9.0,14518.0,36.0,0.0,0
37.0,5.0,20.0,46.0,6901.0,21.0,1.0,1
51.0,3.0,7.0,35.0,13141.0,93.0,1.0,1
37.0,5.0,4.0,42.0,6238.0,15.0,2.0,1
18.0,6.0,1.0,24.0,10936.0,35.0,1.0,0
56.0,7.0,23.0,46.0,8124.0,48.0,1.0,0
44.0,2.0,9.0,47.0,3734.0,67.0,2.0,1
37.0,5.0,6.0,36.0,4248.0,45.0,1.0,1
51.0,7.0,29.0,8.0,2987.0,5.0,1.0,1
33.0,2.0,10.0,28.2,1908.0,14.0,0.0,1
19.0,4.0,22.0,17.0,9691.0,8.0,0.0,1
23.0,2.0,7.0,35.0,8622.0,96.0,1.0,1
39.0,6.0,26.0,56.0,1535.0,87.0,1.0,0
42.0,2.0,8.0,26.8,4503.0,8.0,0.0,0
54.0,0.0,16.0,35.0,8179.0,89.0,1.0,1
38.0,1.0,12.0,32.0,9926.0,18.0,2.0,0
52.0,5.0,20.0,9.0,10137.0,49.0,2.0,0
54.0,7.0,27.0,43.0,4696.0,69.0,2.0,0
20.0,6.0,14.0,47.0,2218.0,89.0,1.0,1
25.0,3.0,28.0,8.0,14621.0,83.0,1.0,1
53.0,3.0,14.0,14.0,11553.0,54.0,2.0,0
36.0,7.0,17.2,39.0,2614.0,85.0,1.0,1
19.0,0.0,28.0,56.0,3999.0,63.0,2.0,0
47.0,2.0,10.0,17.0,6727.0,6.0,0.0,0
60.0,1.0,21.0,45.0,8098.0,19.0,0.0,1
59.0,3.0,8.8,16.0,3129.0,5.0,1.0,0
55.0,4.0,17.0,41.0,12981.0,15.0,0.0,1
45.4,2.0,16.0,59.0,10370.0,82.0,2.0,1
28.0,0.0,15.0,4.0,6091.0,49.0,0.0,0
30.0,5.0,13.0,28.0,1786.0,94.0,0.0,0
36.0,4.0,14.0,9.0,3674.0,99.0,0.0,0
63.0,7.0,14.0,21.6,5035.0,7.0,2.0,0
28.0,2.0,6.0,23.0,12529.0,65.0,2.0,0
35.0,4.0,6.0,19.0,3806.0,16.0,1.0,0
50.0,5.0,11.0,30.0,4292.0,15.0,2.0,0
29.0,1.0,27.0,37.0,6989.0,97.0,0.0,0
22.0,3.0,25.0,56.0,3156.0,33.0,0.0,1
38.0,7.0,13.0,20.0,3747.0,67.0,1.0,0
30.0,6.0,21.0,30.0,14231.0,97.0,0.0,0
61.0,7.0,10.0,27.0,4330.0,80.0,2.0,0
28.0,1.0,1.0,5.0,6127.0,13.0,0.0,1
57.0,3.0,19.0,5.0,8305.0,86.0,0.0,1
55.0,7.0,25.0,4.0,2105.0,91.0,0.0,1
54.0,4.0,14.0,31.0,13052.0,86.0,0.0,1
61.0,3.0,6.0,30.0,3187.0,46.0,1.0,1
36.0,2.0,10.0,31.6,3641.0,81.0,2.0,1
37.0,0.0,2.0,41.0,4520.0,82.0,0.0,0
37.0,5.0,14.0,47.0,12910.0,60.0,2.0,0
22.0,0.0,19.0,14.0,10620.0,71.0,0.0,0
21.0,3.0,21.0,30.0,12486.0,84.0,0.0,1
30.0,6.0,4.0,47.0,5338.0,17.0,2.0,0
55.0,2.0,15.0,39.8,8187.0,39.0,1.0,0
55.0,6.0,18.0,42.0,11359.0,89.0,1.0,1
61.0,6.0,15.0,19.0,11375.0,14.0,2.0,0
29.0,3.0,18.0,23.0,2637.0,48.0,1.0,0
54.0,6.0,12.0,18.0,13575.0,41.0,1.0,0
37.0,7.0,14.0,25.0,8440.0,4.0,1.0,0
60.0,1.0,2.0,22.0,7272.0,71.0,1.0,0
63.0,6.0,2.0,29.0,9102.0,74.0,2.0,0
41.0,5.0,11.0,24.6,7969.0,90.0,1.0,0
70.6,0.0,4.0,36.0,11314.0,66.0,1.0,1
36.0,6.0,19.0,30.0,4762.0,54.0,2.0,0
39.0,0.0,13.0,19.0,8880.0,37.0,0.0,1
57.0,6.0,17.0,27.0,1944.0,13.0,0.0,1
19.0,0.0,4.0,35.0,7339.0,44.0,1.0,0
50.0,6.0,15.2,52.0,14737.0,30.0,2.0,1
48.0,1.0,25.0,11.0,6811.0,24.0,2.0,0
54.0,6.0,9.0,44.0,2837.0,4.0,1.0,0
51.0,4.0,2.0,35.0,5715.0,21.0,2.0,1
62.0,6.0,26.0,19.0,7738.0,67.0,0.0,1
47.0,1.0,26.0,57.0,2601.0,30.0,2.0,0
62.0,6.0,27.0,2.0,12591.0,48.0,0.0,0
32.0,1.0,25.0,32.4,3209.0,25.0,1.0,0
21.0,0.0,28.0,30.0,2852.0,47.0,0.0,1
33.0,7.0,20.0,5.0,6822.0,12.0,1.0,0
55.0,7.0,18.0,41.6,10890.0,45.0,1.0,0
41.0,3.0,12.0,38.0,6119.0,39.0,2.0,0
30.0,2.0,15.6,49.0,4364.0,45.0,0.0,1
29.0,5.0,9.0,28.0,11996.0,87.0,1.0,0
27.0,1.0,7.0,4.0,7397.0,17.0,0.0,0
43.0,3.0,10.0,55.0,14700.0,65.0,0.0,0
23.0,2.0,12.0,31.0,4850.0,52.0,1.0,0
26.0,0.0,15.0,4.0,5162.0,38.0,0.0,1
42.0,7.0,12.0,11.0,7017.0,21.0,0.0,1
32.0,7.0,6.0,51.0,11888.0,60.0,1.0,1
49.0,0.0,26.0,34.0,4355.0,38.0,0.0,1
36.0,5.0,26.0,30.6,4665.0,73.0,1.0,0
27.0,2.0,17.0,43.0,3462.0,59.0,2.0,1
49.0,5.0,14.0,16.0,10311.0,12.0,2.0,1
48.0,0.0,17.0,33.0,3384.0,16.0,1.0,1
35.2,1.0,19.0,46.0,1523.0,14.0,2.0,0
40.0,6.0,20.0,7.0,4881.0,41.0,1.0,1
31.0,6.0,8.0,14.0,14647.0,45.0,0.0,0
41.0,3.0,16.0,56.0,566.0,98.0,0.0,0
33.0,2.0,9.0,7.0,4449.0,98.0,2.0,1
31.0,6.0,8.0,48.0,6921.0,38.0,2.0,0
59.0,1.0,15.0,51.0,12062.0,89.0,2.0,1
46.0,1.0,7.0,30.0,9846.0,12.0,2.0,0
45.0,6.0,6.0,12.0,1028.0,54.0,1.0,0
53.0,4.0,27.0,7.0,1805.0,71.0,1.0,1
48.0,2.0,11.0,22.0,14325.0,2.0,1.0,0
30.0,7.0,9.0,37.0,12772.0,96.0,2.0,1
18.0,0.0,26.0,23.0,5540.0,92.0,2.0,1
44.0,7.0,13.0,32.0,12601.0,46.0,2.0,1
56.0,3.0,15.0,19.0,11448.0,43.0,2.0,0
52.0,6.0,1.0,23.0,10948.0,77.0,1.0,1
21.0,3.0,11.0,57.0,6855.0,90.0,1.0,1
54.0,5.0,16.0,58.0,1225.0,3.0,1.0,0
47.0,7.0,4.0,4.0,621.0,44.0,0.0,1
53.0,3.0,14.0,33.0,4649.0,83.0,2.0,1
44.0,2.0,12.0,44.0,3159.0,65.0,1.0,1
54.0,4.0,5.0,14.2,8644.0,29.0,1.0,1
35.0,7.0,24.0,41.0,2621.0,71.0,2.0,0
58.0,5.0,5.0,12.0,13013.0,79.0,2.0,1
54.0,2.0,2.0,19.0,5234.0,82.0,1.0,1
39.0,0.0,18.0,12.0,3770.0,49.0,1.0,0
60.0,6.0,18.0,15.0,13346.0,41.0,0.0,0
44.0,2.0,4.0,46.0,6144.0,4.0,0.0,0
63.0,6.0,29.0,2.0,3595.0,60.0,2.0,1
20.0,1.0,25.0,27.4,13578.0,80.0,2.0,1
48.0,6.0,11.0,4.0,4995.0,10.0,1.0,0
32.0,0.0,10.0,34.0,2974.0,35.0,2.0,0
49.0,2.0,2.0,58.0,12675.0,50.0,0.0,1
26.0,3.0,23.0,55.0,4140.0,60.0,2.0,1
28.0,5.0,9.0,20.0,13442.0,95.0,0.0,1
35.8,3.0,15.0,50.0,14654.0,39.0,1.0,1
27.0,3.0,1.0,33.0,14695.0,33.0,2.0,0
37.0,3.0,26.0,33.0,2747.0,92.0,2.0,0
41.0,6.0,25.0,37.0,1981.0,46.0,0.0,0
35.0,3.0,16.0,52.0,10544.0,50.0,0.0,1
39.0,7.0,25.0,19.0,11350.0,21.0,1.0,1
54.0,3.0,9.0,55.0,4700.0,25.0,1.0,1
22.0,7.0,7.0,29.0,6880.0,76.0,0.0,0
62.0,5.0,21.0,48.0,3027.0,27.0,1.0,1
51.0,4.0,3.0,58.0,11224.0,23.0,2.0,0
32.0,3.0,12.0,54.0,3719.0,51.0,2.0,1
50.0,5.0,22.0,2.0,10223.0,8.0,2.0,1
61.0,4.0,9.0,43.0,7308.0,72.0,0.0,1
28.0,3.0,13.0,59.0,2369.0,76.0,2.0,0
44.0,6.0,8.0,2.0,13002.0,39.0,0.0,0
54.0,2.0,9.0,43.0,6167.0,14.0,0.0,0
52.0,4.0,24.0,57.0,2059.0,56.0,1.0,0
18.0,5.0,24.0,29.0,6814.0,50.0,0.0,0
34.0,0.0,16.0,39.0,4159.0,97.0,0.0,0
61.0,5.0,19.0,10.0,5368.0,67.0,2.0,1
48.0,1.0,9.0,58.0,13519.0,53.0,2.0,0
44.0,5.0,12.0,4.0,608.0,88.0,2.0,0
35.0,6.0,22.0,41.0,12624.0,98.0,2.0,1
33.0,2.0,22.0,27.0,6039.0,61.0,0.0,0
51.0,2.0,5.0,26.0,5715.0,74.0,2.0,0
37.0,4.0,3.0,42.0,8865.0,39.0,0.0,1
23.0,7.0,20.0,16.0,1756.0,55.0,1.0,1
50.0,1.0,22.0,14.0,920.0,86.0,1.0,0
18.0,6.0,24.0,14.0,7203.0,73.0,2.0,0
22.0,0.0,25.0,44.0,7109.0,84.0,2.0,1
48.0,0.0,24.0,49.0,1458.0,40.0,1.0,0
56.0,5.0,22.0,16.0,11629.0,95.0,0.0,1
20.0,6.0,21.0,54.0,12145.0,80.0,1.0,0
35.0,1.0,29.0,6.0,14571.0,52.0,1.0,1
43.6,4.0,6.0,25.0,1373.0,86.0,2.0,1
49.0,6.0,21.0,10.0,14746.0,19.0,0.0,0
46.0,5.0,8.0,15.0,4182.0,3.0,1.0,1
64.0,2.0,13.0,57.0,12632.0,95.0,0.0,0
54.0,3.0,22.0,1.0,11038.0,26.0,0.0,1
35.0,2.0,26.0,36.0,6794.0,12.0,1.0,0
28.0,6.0,23.0,24.0,3252.0,99.0,2.0,0
20.0,3.0,22.0,2.0,5627.0,10.0,0.0,0
27.0,5.0,29.0,5.0,13087.0,48.0,0.0,0
43.0,0.0,18.2,12.0,6237.0,77.0,1.0,1
44.0,7.0,23.0,27.0,9266.0,99.0,2.0,0
53.0,7.0,2.0,23.0,4336.0,17.0,0.0,0
38.0,4.0,19.0,58.0,12979.0,53.0,2.0,1
39.0,5.0,10.0,39.0,409.0,43.0,1.0,1
44.0,3.0,1.0,41.0,12725.0,69.0,1.0,0
45.0,6.0,13.0,21.0,3468.0,94.0,2.0,0
45.0,4.0,23.0,51.0,2564.0,47.0,1.0,0
41.0,6.0,9.0,13.0,8286.0,86.0,0.0,0
44.0,7.0,17.0,48.0,10160.0,89.0,2.0,1
18.0,4.0,7.0,12.0,10810.0,50.0,0.0,0
25.0,3.0,17.0,48.0,9873.0,2.0,2.0,1
58.0,1.0,20.0,20.0,3954.0,33.0,1.0,0
62.0,6.0,11.0,28.0,1549.0,58.0,0.0,0
45.0,4.0,18.0,7.0,8388.0,34.0,0.0,0
30.0,6.0,17.0,20.0,11117.0,79.0,2.0,0
43.0,2.0,18.0,30.0,11406.0,10.0,1.0,0
46.0,0.0,2.0,16.0,7476.0,7.0,1.0,0
49.0,1.0,11.0,57.0,449.0,67.0,0.0,1
39.0,0.0,10.0,47.0,4487.0,38.0,1.0,0
30.0,7.0,23.0,46.0,8271.0,71.0,1.0,1
31.0,5.0,19.0,41.0,5654.0,7.0,1.0,0
18.0,7.0,24.0,6.0,1506.0,66.0,1.0,0
41.0,0.0,23.0,5.0,13679.0,25.0,1.0,0
24.0,5.0,25.0,42.0,6568.0,21.0,2.0,1
40.0,1.0,25.0,45.0,8089.0,27.0,2.0,1
19.0,6.0,17.0,59.0,9802.0,69.0,2.0,0
32.0,7.0,2.0,35.0,10414.0,6.0,0.0,0
48.0,0.0,23.0,47.0,13525.0,2.0,0.0,0
32.0,1.0,22.0,5.0,8989.0,91.0,0.0,0
30.0,5.0,5.0,48.0,9288.0,82.0,0.0,1
41.0,4.0,20.0,8.0,10051.0,58.0,2.0,1
31.0,4.0,8.0,57.0,4544.0,82.0,2.0,0
53.0,5.0,22.0,45.0,5169.0,8.0,2.0,0
40.0,3.0,22.0,12.0,9128.0,62.0,2.0,1
59.0,0.0,5.0,35.0,8326.0,1.0,1.0,0
54.0,0.0,22.0,55.0,1361.0,69.0,0.0,0
21.0,1.0,16.2,21.0,13181.0,59.0,1.0,0
40.0,0.0,14.0,23.0,11062.0,50.0,1.0,0
33.0,7.0,28.0,50.0,9821.0,15.0,1.0,0
40.6,4.0,8.0,58.0,13945.0,33.0,2.0,0
24.0,5.0,18.0,30.0,11678.0,99.0,1.0,1
55.0,6.0,26.0,29.0,14189.0,56.0,0.0,1
64.0,6.0,6.0,20.0,5080.0,89.0,1.0,0
19.0,0.0,29.0,32.0,4582.0,72.0,0.0,1
22.0,5.0,15.0,53.0,1058.0,74.0,2.0,1
58.0,7.0,11.0,29.0,11960.0,43.0,2.0,1
42.0,4.0,9.0,20.0,11859.0,2.0,0.0,0
50.0,7.0,27.0,9.0,6735.0,96.0,1.0,1
47.0,6.0,14.0,23.0,999999.0,64.0,1.0,1
58.0,6.0,9.0,8.0,7860.0,56.0,0.0,1
32.0,7.0,8.0,8.0,6704.0,11.0,0.0,1
54.0,2.0,27.0,54.0,9092.0,28.0,1.0,0
35.8,6.0,11.0,57.0,9370.0,73.0,1.0,0
30.0,6.0,29.0,46.0,3529.0,70.0,0.0,0
33.0,4.0,20.0,48.0,13337.0,97.0,0.0,0
32.0,6.0,6.0,56.0,9639.0,16.0,1.0,0
23.0,1.0,22.0,31.0,14117.0,40.0,2.0,1
29.0,7.0,14.0,4.0,13247.0,55.0,1.0,0
33.0,4.0,7.0,34.0,13314.0,3.0,2.0,1
58.0,1.0,28.0,30.0,483.0,89.0,0.0,0
64.0,7.0,13.2,36.0,8636.0,86.0,0.0,0
62.0,4.0,27.0,53.0,5266.0,69.0,0.0,0
52.0,5.0,15.0,16.0,7736.0,6.0,2.0,1
50.0,0.0,26.0,24.0,6557.0,15.0,1.0,0
53.0,5.0,11.0,7.0,12295.0,72.0,0.0,0
54.0,1.0,1.0,57.0,6216.0,76.0,0.0,0
31.0,4.0,16.0,37.0,6526.0,66.0,2.0,0
54.0,7.0,4.0,48.0,1104.0,16.0,1.0,0
46.0,3.0,25.0,51.0,5578.0,74.0,0.0,0
40.0,6.0,26.0,38.0,12099.0,44.0,2.0,0
57.0,7.0,3.0,37.0,12988.0,94.0,0.0,1
52.0,3.0,19.0,33.0,8775.0,75.0,0.0,0
55.0,2.0,3.0,26.0,1990.0,58.0,1.0,0
60.0,0.0,27.0,51.0,4469.0,39.0,2.0,0
35.0,2.0,4.0,43.0,6870.0,26.0,1.0,0
58.0,3.0,29.0,6.0,2951.0,50.0,1.0,0
23.0,4.0,14.0,45.0,1556.0,99.0,2.0,0
39.0,6.0,16.0,42.0,9768.0,51.0,0.0,1
64.0,7.0,26.0,10.0,6626.0,62.0,1.0,0
34.0,1.0,18.0,53.0,2096.0,98.0,1.0,1
45.0,7.0,24.0,31.0,12037.0,20.0,1.0,1
24.0,0.0,11.0,33.0,12894.0,79.0,1.0,0
50.0,5.0,3.0,49.0,3581.0,97.0,1.0,1
27.0,5.0,8.0,39.0,3513.0,60.0,0.0,1
47.0,1.0,16.0,24.0,8949.0,12.0,0.0,0
45.0,4.0,9.0,33.0,14008.0,38.0,0.0,0
21.0,7.0,17.0,38.0,12588.0,33.0,0.0,1
28.0,2.0,26.0,4.0,887.0,70.0,1.0,1
31.0,0.0,2.0,32.0,674.0,12.0,2.0,0
38.0,4.0,16.0,34.0,11532.0,27.0,2.0,0
35.0,2.0,22.0,51.0,10106.0,12.0,1.0,1
31.0,5.0,16.0,1.0,4943.0,97.0,0.0,0
62.0,4.0,7.0,15.0,11537.0,99.0,0.0,1
37.0,6.0,2.0,35.0,6459.0,74.0,1.0,0
37.0,1.0,7.0,9.0,6950.0,43.0,1.0,0
33.0,6.0,5.0,54.0,2449.0,11.0,1.0,1
56.0,6.0,9.0,44.0,3902.0,25.0,0.0,1
41.0,0.0,23.0,30.0,2903.0,68.0,1.0,1
53.0,1.0,27.0,52.0,8831.0,16.0,1.0,0
55.0,1.0,12.0,47.0,4675.0,89.0,1.0,0
24.0,4.0,5.0,27.0,10344.0,56.0,0.0,1
34.0,5.0,9.0,24.4,4084.0,96.0,2.0,1
25.0,2.0,25.0,47.0,12418.0,67.0,2.0,0
18.0,2.0,5.0,31.8,1286.0,75.0,1.0,0
62.0,7.0,1.0,51.0,10686.0,38.0,1.0,0
25.0,3.0,13.0,33.0,2326.0,72.0,1.0,1
21.0,7.0,7.0,19.0,5525.0,95.0,2.0,0
36.0,4.0,28.0,55.0,12124.0,31.0,1.0,0
46.0,6.0,14.0,15.0,12441.0,59.0,0.0,1
39.0,5.0,19.0,7.0,999999.0,49.0,2.0,0
21.0,6.0,27.0,24.0,14878.0,87.0,1.0,0
35.0,1.0,2.0,37.0,12755.0,81.0,1.0,0
48.0,5.0,13.0,46.0,9521.0,59.0,1.0,1
30.0,6.0,3.0,51.0,12808.0,2.0,1.0,1
39.0,3.0,27.0,5.0,6580.0,27.0,2.0,1
25.0,4.0,19.0,53.0,7935.0,96.0,2.0,0
38.0,2.0,18.0,25.8,9897.0,32.0,2.0,0
54.0,0.0,25.0,15.0,14894.0,96.0,0.0,0
62.0,1.0,27.0,16.0,2041.0,6.0,0.0,1
47.8,6.0,16.0,10.0,10392.0,20.0,1.0,1
64.0,5.0,21.0,4.0,7161.0,50.0,1.0,0
56.0,5.0,27.0,50.0,1402.0,73.0,1.0,1
20.0,1.0,18.0,26.0,6077.0,62.0,0.0,0
19.0,5.0,10.0,41.0,4864.0,97.0,0.0,1
62.0,0.0,4.0,42.2,12041.0,22.0,0.0,0
55.0,1.0,6.0,22.8,5825.0,70.0,2.0,1
44.0,1.0,18.0,48.0,411.0,49.0,2.0,1
58.0,2.0,29.0,54.0,9356.0,7.0,0.0,1
38.0,4.0,15.2,3.0,1245.0,2.0,1.0,0
58.0,6.0,12.0,27.2,9968.0,37.0,0.0,1
55.0,1.0,5.0,27.2,11729.0,43.0,0.0,1
24.0,6.0,23.0,53.0,13045.0,47.0,0.0,1
39.8,1.0,29.0,7.0,1838.0,93.0,1.0,1
44.0,5.0,3.0,25.0,10213.0,99.0,2.0,1
36.0,3.0,5.0,9.0,10180.0,45.0,1.0,0
49.0,5.0,7.0,22.6,4798.0,9.0,0.0,0
46.0,1.0,2.0,1.0,11513.0,56.0,0.0,0
48.0,1.0,13.6,22.0,4490.0,56.0,1.0,0
22.0,3.0,18.0,7.0,1363.0,97.0,1.0,0
39.0,4.0,29.0,56.0,14087.0,33.0,0.0,0
18.0,3.0,26.0,26.0,13603.0,81.0,2.0,1
51.0,5.0,10.0,6.0,12671.0,18.0,2.0,0
57.0,4.0,20.0,23.0,12941.0,32.0,1.0,1
37.0,1.0,20.0,52.0,13964.0,39.0,0.0,1
21.0,1.0,11.0,31.0,7412.0,21.0,0.0,0
32.0,5.0,5.0,53.0,1078.0,57.0,2.0,0
44.0,0.0,9.0,22.0,1044.0,72.0,2.0,1
65.6,6.0,23.0,12.0,13751.0,49.0,1.0,0
32.0,6.0,12.0,54.0,2918.0,55.0,0.0,1
44.0,7.0,23.0,54.0,6785.0,1.0,2.0,0
56.0,3.0,28.0,12.0,7622.0,52.0,2.0,0
30.0,1.0,17.0,42.0,13970.0,39.0,2.0,1
60.0,3.0,15.0,31.0,3284.0,34.0,0.0,1
64.0,4.0,13.0,22.0,6056.0,37.0,2.0,1
44.0,4.0,27.0,13.0,1746.0,74.0,0.0,1
32.0,4.0,25.0,50.0,10982.0,74.0,2.0,0
45.0,7.0,28.0,11.0,1544.0,18.0,1.0,1
62.0,7.0,10.0,15.0,11694.0,24.0,0.0,1
25.0,3.0,28.0,11.0,6059.0,64.0,0.0,1
44.0,0.0,9.0,55.0,11042.0,98.0,0.0,0
59.0,5.0,29.0,42.0,6242.0,62.0,0.0,1
33.0,7.0,13.0,17.0,10892.0,90.0,1.0,1
28.0,3.0,13.0,37.0,2945.0,30.0,1.0,1
37.0,6.0,10.0,48.0,6513.0,25.0,0.0,1
61.0,1.0,12.0,39.0,5576.0,8.0,1.0,0
34.0,4.0,12.0,25.0,1691.0,49.0,0.0,0
21.0,2.0,19.0,35.0,11977.0,22.0,2.0,0
30.0,4.0,7.0,12.0,7459.0,99.0,0.0,1
62.0,0.0,28.0,59.0,2648.0,64.0,0.0,0
37.8,5.0,21.0,50.0,12363.0,41.0,0.0,1
64.0,0.0,18.0,36.6,880.0,8.0,2.0,1
64.0,7.0,25.0,9.0,12927.0,95.0,0.0,1
35.0,0.0,9.2,39.0,3804.0,83.0,1.0,0
54.0,3.0,29.0,46.0,2292.0,57.0,1.0,1
64.0,5.0,1.0,52.0,5254.0,64.0,2.0,0
54.0,2.0,15.0,3.0,9536.0,9.0,0.0,1
27.0,7.0,20.0,12.0,1997.0,40.0,2.0,0
47.0,3.0,10.0,11.0,10525.0,70.0,2.0,0
46.0,7.0,7.0,21.0,11615.0,47.0,1.0,1
39.0,0.0,27.0,29.0,3035.0,25.0,0.0,0
34.0,4.0,20.0,39.0,8180.0,30.0,1.0,0
44.4,3.0,8.0,27.0,13875.0,38.0,2.0,1
52.0,1.0,10.0,39.0,4293.0,5.0,0.0,0
59.0,6.0,17.0,38.0,4356.0,10.0,2.0,0
27.0,3.0,28.0,51.0,4154.0,67.0,0.0,1
29.0,5.0,7.0,51.0,6356.0,34.0,0.0,1
54.0,6.0,20.0,30.0,4440.0,87.0,1.0,1
47.0,1.0,29.0,14.0,14195.0,59.0,2.0,0
49.0,0.0,22.0,3.0,1899.0,6.0,1.0,0
20.0,5.0,7.0,4.0,2906.0,84.0,2.0,0
22.0,0.0,29.0,16.0,6165.0,79.0,1.0,1
38.8,4.0,18.0,52.0,7060.0,36.0,2.0,1
51.0,0.0,21.0,15.0,1848.0,19.0,1.0,0
50.0,5.0,20.0,12.0,13804.0,66.0,0.0,0
44.0,1.0,21.0,34.0,3709.0,44.0,0.0,0
28.0,3.0,2.0,38.0,13798.0,25.0,2.0,0
36.0,2.0,14.0,21.0,10412.0,46.0,0.0,1
56.0,3.0,8.0,8.0,6837.0,66.0,1.0,0
40.0,2.0,2.0,29.0,10918.0,93.0,0.0,0
20.0,0.0,19.0,59.0,3804.0,37.0,1.0,0
34.0,5.0,23.0,9.0,8945.0,35.0,2.0,0
57.0,0.0,17.0,47.0,11487.0,45.0,2.0,1
36.0,3.0,13.0,30.0,1657.0,21.0,1.0,1
18.0,7.0,16.0,9.0,521.0,59.0,0.0,0
19.0,1.0,2.0,39.0,5853.0,89.0,2.0,1
27.0,5.0,2.0,31.0,13166.0,26.0,0.0,1
55.0,1.0,22.0,29.0,7361.0,71.0,1.0,0
51.0,3.0,2.0,50.0,2898.0,68.0,2.0,1
36.0,3.0,16.0,47.0,2422.0,94.0,0.0,0
51.0,6.0,20.0,19.0,1582.0,85.0,1.0,1
46.0,0.0,10.0,21.0,4035.0,31.0,0.0,1
62.0,4.0,29.0,19.0,10410.0,89.0,2.0,1
38.0,5.0,17.0,30.0,2191.0,79.0,1.0,0
40.0,0.0,3.0,44.0,11589.0,6.0,1.0,1
33.0,3.0,11.2,46.0,12019.0,29.0,0.0,1
24.0,4.0,25.0,32.0,13965.0,15.0,1.0,1
18.0,0.0,26.0,39.0,11359.0,22.0,2.0,0
56.0,2.0,14.0,39.0,4648.0,98.0,0.0,1
40.0,2.0,3.0,8.0,459.0,46.0,1.0,1
29.0,0.0,2.0,10.0,5061.0,44.0,2.0,0
37.0,0.0,19.0,9.0,3354.0,58.0,0.0,0
39.0,6.0,6.4,54.0,6070.0,93.0,0.0,1
20.0,3.0,24.0,46.0,6381.0,25.0,0.0,0
52.0,4.0,22.0,39.0,9177.0,58.0,0.0,0
30.0,3.0,21.0,50.0,1318.0,39.0,2.0,1
32.0,4.0,4.0,49.0,503.0,39.0,0.0,0
29.0,1.0,1.0,2.0,3888.0,52.0,2.0,0
23.0,3.0,8.0,59.0,4281.0,94.0,2.0,1
44.0,5.0,28.0,16.0,14679.0,36.0,0.0,1
57.0,1.0,21.0,14.0,1833.0,42.0,2.0,0
23.0,0.0,6.0,31.0,6359.0,78.0,2.0,1
21.0,7.0,24.0,26.0,941.0,33.0,0.0,0
44.0,5.0,23.0,52.0,635.0,7.0,0.0,1
24.0,2.0,24.0,26.0,3640.0,7.0,1.0,0
22.0,4.0,29.0,8.0,10103.0,28.0,2.0,0
43.0,2.0,17.0,29.0,13203.0,23.0,2.0,1
47.4,2.0,4.0,29.0,5271.0,32.0,2.0,0
49.0,7.0,19.0,18.0,9212.0,91.0,0.0,1
55.0,7.0,6.0,19.0,2875.0,93.0,0.0,1
45.0,0.0,4.0,48.0,2881.0,34.0,1.0,1
49.0,3.0,24.0,19.0,2709.0,44.0,2.0,0
31.0,0.0,10.0,4.0,9140.0,6.0,2.0,0
36.0,1.0,4.0,6.0,13337.0,27.0,2.0,1
57.0,4.0,3.0,46.0,8832.0,77.0,2.0,0
48.0,4.0,15.0,7.0,9228.0,73.0,0.0,1
26.0,0.0,19.0,45.0,1509.0,87.0,2.0,1
26.0,7.0,12.0,42.0,781.0,97.0,0.0,1
41.0,2.0,4.0,53.0,14354.0,22.0,0.0,1
46.8,5.0,19.0,3.0,8686.0,92.0,2.0,0
24.0,6.0,19.0,49.0,10212.0,95.0,2.0,0
30.0,6.0,10.0,33.0,12864.0,66.0,0.0,0
35.0,5.0,9.0,9.0,13119.0,10.0,1.0,1
54.0,5.0,9.0,30.0,9010.0,54.0,0.0,1
39.0,5.0,1.0,46.0,9428.0,89.0,2.0,0
36.0,7.0,9.0,34.0,359.0,69.0,1.0,1
40.0,7.0,1.0,14.0,8402.0,34.0,1.0,0
39.0,1.0,28.0,39.0,13240.0,20.0,0.0,1
41.0,1.0,18.0,21.0,5664.0,56.0,1.0,1
25.0,4.0,17.0,56.0,6491.0,41.0,1.0,0
58.0,5.0,16.0,1.0,14645.0,98.0,2.0,1
57.0,6.0,27.0,53.0,9256.0,67.0,0.0,1
29.0,2.0,14.0,37.0,7931.0,61.0,1.0,1
41.0,7.0,11.0,58.0,13850.0,52.0,2.0,0
61.0,3.0,28.0,30.0,2511.0,32.0,0.0,1
49.0,6.0,14.0,40.0,13107.0,49.0,1.0,0
150.0,0.0,18.0,16.0,6299.0,9.0,2.0,0
37.0,3.0,15.0,44.0,1558.0,42.0,0.0,0
43.0,6.0,20.0,47.0,9892.0,34.0,2.0,0
32.0,5.0,9.0,27.0,5159.0,65.0,1.0,0
38.0,7.0,20.0,8.0,13315.0,14.0,1.0,0
19.0,6.0,12.0,58.0,5134.0,31.0,2.0,1
25.0,5.0,23.0,24.0,7868.0,28.0,2.0,1
24.0,3.0,26.0,20.0,5038.0,35.0,0.0,0
27.0,4.0,3.0,9.0,2915.0,51.0,0.0,0
24.0,5.0,29.0,6.0,3267.0,46.0,2.0,1
43.0,1.0,20.0,8.0,14036.0,17.0,2.0,1
56.0,6.0,21.0,55.0,13960.0,66.0,1.0,0
48.0,2.0,19.0,13.0,5530.0,73.0,2.0,0
43.0,0.0,18.0,31.0,12398.0,46.0,1.0,1
27.0,6.0,10.0,24.0,13983.0,62.0,1.0,0
39.0,3.0,9.0,2.0,13513.0,34.0,1.0,1
46.0,7.0,26.0,34.0,8202.0,14.0,1.0,1
19.0,0.0,20.0,23.0,9968.0,83.0,2.0,0
36.0,6.0,23.0,36.0,11215.0,57.0,0.0,0
35.0,5.0,28.0,5.0,3692.0,47.0,1.0,0
39.0,6.0,13.0,45.0,4600.0,29.0,1.0,1
43.0,0.0,18.0,12.0,14299.0,87.0,2.0,1
38.0,0.0,26.0,40.0,11374.0,62.0,0.0,0
56.0,5.0,18.0,28.0,12663.0,63.0,1.0,1
35.0,1.0,11.0,25.0,2538.0,62.0,2.0,1
45.0,2.0,17.0,11.0,4636.0,57.0,1.0,0
18.0,5.0,27.0,19.0,14070.0,16.0,1.0,1
24.0,0.0,6.0,21.0,12090.0,3.0,0.0,0
45.0,4.0,28.0,53.0,7134.0,85.0,1.0,1
50.0,5.0,3.0,19.0,4285.0,18.0,1.0,0
47.0,1.0,20.0,15.0,963.0,69.0,1.0,1
45.0,5.0,15.0,37.0,5335.0,98.0,0.0,0
23.0,3.0,28.0,14.0,5571.0,69.0,1.0,0
33.0,1.0,14.0,53.0,6143.0,52.0,2.0,1
25.0,0.0,20.0,33.0,7625.0,54.0,2.0,1
63.0,4.0,27.0,14.0,582.0,7.0,1.0,0
58.0,6.0,16.0,14.0,3771.0,51.0,2.0,0
59.0,6.0,17.0,22.0,13589.0,46.0,2.0,1
53.0,7.0,5.0,27.0,13462.0,50.0,1.0,0
47.0,5.0,16.0,18.0,4782.0,45.0,2.0,0
41.0,3.0,2.0,2.0,13507.0,45.0,1.0,0
43.0,0.0,25.0,51.0,306.0,74.0,1.0,0
27.0,1.0,3.0,2.0,14053.0,3.0,2.0,0
24.0,3.0,1.0,38.0,1413.0,1.0,1.0,1
32.0,5.0,27.0,36.0,5492.0,33.0,0.0,0
48.0,3.0,26.0,58.0,9804.0,48.0,1.0,0
48.0,0.0,9.0,51.0,11658.0,98.0,2.0,0
58.0,1.0,3.0,46.0,7936.0,53.0,0.0,0
43.0,4.0,6.0,39.0,5109.0,27.0,2.0,1
22.0,7.0,2.0,8.0,10464.0,64.0,0.0,0
30.0,3.0,11.0,19.0,7310.0,60.0,2.0,0
64.0,5.0,14.0,36.0,2765.0,30.0,2.0,0
60.0,4.0,28.0,6.0,6921.0,45.0,1.0,1
48.0,1.0,22.0,8.0,429.0,2.0,0.0,0
38.0,6.0,14.0,1.0,11215.0,76.0,2.0,1
50.0,5.0,27.0,45.0,14581.0,40.0,2.0,1
29.0,4.0,28.0,47.0,3221.0,91.0,1.0,0
57.0,0.0,14.0,7.0,900.0,57.0,1.0,1
45.0,0.0,2.0,44.0,13333.0,65.0,2.0,1
37.0,4.0,20.0,8.0,13184.0,38.0,0.0,0
55.0,7.0,17.0,34.6,9417.0,80.0,2.0,0
20.0,5.0,7.0,44.0,12139.0,26.0,1.0,0
39.0,1.0,10.0,5.0,13672.0,98.0,2.0,0
36.0,7.0,7.8,26.0,6062.0,93.0,2.0,1
23.0,5.0,21.0,48.0,7278.0,52.0,1.0,0
26.0,0.0,27.0,25.0,12596.0,17.0,1.0,1
51.0,0.0,17.8,39.0,4427.0,90.0,0.0,1
43.0,5.0,20.0,39.0,10215.0,44.0,1.0,1
53.0,3.0,18.2,43.0,3055.0,89.0,1.0,0
33.0,0.0,15.6,54.0,12593.0,51.0,1.0,0
57.0,5.0,12.0,2.0,6574.0,34.0,1.0,1
26.0,7.0,24.0,5.0,12776.0,39.0,2.0,1
46.0,5.0,28.0,46.0,3701.0,5.0,2.0,0
52.0,1.0,13.0,12.0,8538.0,57.0,1.0,1
38.0,3.0,12.0,57.0,9821.0,3.0,0.0,0
47.0,2.0,4.0,31.0,1523.0,42.0,0.0,0
19.0,2.0,22.0,20.0,14960.0,70.0,1.0,1
24.0,3.0,20.0,47.0,13081.0,34.0,0.0,1
43.0,4.0,24.0,27.0,10407.0,51.0,1.0,0
28.0,6.0,10.4,17.0,3374.0,24.0,2.0,1
46.0,0.0,18.0,36.0,12917.0,2.0,0.0,1
63.0,7.0,8.0,20.0,13494.0,53.0,1.0,1
38.0,5.0,2.0,2.0,12680.0,94.0,1.0,0
42.2,1.0,13.0,36.0,9969.0,37.0,2.0,1
56.0,1.0,9.0,26.0,13842.0,99.0,1.0,1
48.0,5.0,7.0,22.0,9796.0,18.0,1.0,0
49.0,5.0,17.0,55.0,9740.0,75.0,2.0,0
23.0,4.0,25.0,44.2,8188.0,83.0,2.0,0
36.0,7.0,8.0,59.0,12997.0,22.0,1.0,1
60.0,2.0,10.0,46.0,7835.0,97.0,1.0,1
47.0,1.0,25.0,4.0,14978.0,67.0,0.0,0
40.6,7.0,26.0,50.0,4977.0,59.0,0.0,0
44.0,2.0,9.4,53.0,12816.0,69.0,2.0,0
45.0,1.0,2.0,37.0,11630.0,6.0,1.0,0
63.0,7.0,29.0,58.0,8055.0,7.0,1.0,1
51.0,5.0,15.0,7.0,5938.0,28.0,2.0,0
25.0,4.0,13.0,3.0,7831.0,51.0,2.0,1
49.0,2.0,3.0,30.0,14128.0,86.0,2.0,0
21.0,6.0,7.0,14.0,12808.0,12.0,1.0,0
43.0,3.0,3.0,38.0,6367.0,34.0,1.0,1
41.0,7.0,6.0,22.0,7618.0,7.0,2.0,0
42.0,5.0,7.0,2.0,9359.0,88.0,2.0,1
21.0,5.0,18.0,59.0,3450.0,65.0,2.0,1
55.0,6.0,10.0,40.0,3593.0,73.0,0.0,0
45.0,5.0,18.6,56.0,12775.0,28.0,0.0,0
39.0,1.0,4.0,14.0,9520.0,53.0,2.0,0
52.0,7.0,5.0,36.0,9704.0,86.0,1.0,1
38.8,6.0,5.0,23.0,13172.0,1.0,0.0,1
54.0,0.0,23.0,35.0,12050.0,27.0,0.0,0
21.0,6.0,18.0,8.0,11462.0,12.0,0.0,0
60.0,2.0,6.0,17.0,5890.0,77.0,2.0,1
51.0,6.0,8.4,33.0,12038.0,61.0,0.0,1
37.0,1.0,26.0,47.0,14360.0,39.0,2.0,0
44.0,2.0,2.0,43.0,6341.0,43.0,0.0,1
49.0,0.0,20.0,58.0,6558.0,46.0,1.0,0
27.2,5.0,24.0,28.0,13639.0,83.0,2.0,1
40.0,2.0,11.0,37.0,4110.0,95.0,0.0,0
31.0,2.0,1.0,5.0,11233.0,67.0,1.0,1
28.0,6.0,8.0,57.0,11406.0,24.0,0.0,0
64.0,3.0,18.0,11.0,1573.0,40.0,1.0,1
39.0,5.0,1.0,43.0,13644.0,23.0,1.0,1
21.0,3.0,19.0,3.0,2315.0,74.0,2.0,0
51.0,3.0,1.0,25.8,13572.0,44.0,1.0,1
36.4,0.0,24.0,11.0,12934.0,27.0,1.0,1
41.0,5.0,6.0,32.0,9674.0,49.0,0.0,1
51.0,1.0,26.0,27.4,14612.0,1.0,2.0,0
39.0,1.0,27.0,3.0,5606.0,20.0,2.0,1
38.0,4.0,29.0,54.0,8527.0,82.0,0.0,0
23.0,7.0,25.0,15.0,1439.0,96.0,2.0,0
32.0,3.0,4.0,42.0,13091.0,77.0,2.0,0
19.0,2.0,17.0,50.0,2153.0,14.0,1.0,1
29.0,7.0,2.0,54.0,12381.0,31.0,1.0,1
46.0,3.0,21.0,37.0,10350.0,16.0,1.0,1
21.0,6.0,23.0,26.0,1621.0,23.0,1.0,0
41.8,0.0,11.0,33.0,10812.0,25.0,2.0,1
55.0,2.0,17.0,3.0,3663.0,16.0,2.0,1
28.0,5.0,13.0,57.0,1161.0,14.0,1.0,0
36.0,3.0,10.0,51.0,8237.0,64.0,1.0,1
36.0,0.0,25.0,17.0,6231.0,26.0,1.0,1
47.0,1.0,12.0,21.0,10188.0,84.0,2.0,0
56.0,0.0,24.0,35.0,9162.0,92.0,0.0,1
34.0,3.0,5.0,12.0,1014.0,47.0,0.0,1
58.0,2.0,21.0,21.0,3572.0,62.0,0.0,1
20.0,4.0,16.0,27.0,14421.0,24.0,1.0,0
24.0,7.0,13.0,2.0,7768.0,10.0,0.0,0
21.0,6.0,12.0,15.0,5811.0,1.0,1.0,1
45.0,2.0,4.0,17.0,3150.0,72.0,2.0,1
36.0,7.0,13.0,32.0,453.0,54.0,2.0,0
24.0,0.0,22.0,20.0,384.0,76.0,2.0,1
24.0,4.0,28.0,24.0,1201.0,95.0,0.0,0
19.0,4.0,19.0,1.0,13342.0,33.0,2.0,1
40.0,1.0,22.0,25.0,4703.0,84.0,0.0,0
40.0,2.0,14.4,46.0,491.0,88.0,1.0,0
44.2,2.0,8.0,29.0,11699.0,46.0,2.0,0
31.0,6.0,15.0,47.0,6801.0,36.0,2.0,0
60.0,2.0,21.0,18.0,8719.0,10.0,1.0,0
21.0,4.0,28.0,47.0,5352.0,13.0,0.0,0
46.0,1.0,11.0,47.0,2297.0,88.0,1.0,0
36.0,0.0,22.0,37.0,11683.0,61.0,0.0,0
23.0,1.0,9.0,18.0,9135.0,19.0,1.0,0
56.0,5.0,28.0,35.0,7980.0,2.0,2.0,0
31.0,3.0,13.0,44.0,7737.0,83.0,2.0,1
46.0,0.0,1.0,19.0,12793.0,21.0,2.0,1
62.0,3.0,24.0,24.0,14140.0,48.0,1.0,0
33.0,0.0,3.0,32.6,7861.0,28.0,1.0,0
63.0,5.0,6.0,57.0,6136.0,34.0,1.0,1
55.0,0.0,14.0,48.0,8517.0,98.0,2.0,0
38.4,7.0,22.0,28.0,14154.0,98.0,2.0,1
32.0,1.0,7.0,5.0,11854.0,79.0,2.0,1
62.0,5.0,22.0,11.0,7451.0,74.0,0.0,0
46.0,3.0,21.0,47.0,2938.0,80.0,1.0,1
20.0,1.0,7.0,22.0,13899.0,99.0,2.0,0
23.0,3.0,5.0,44.0,2243.0,91.0,0.0,1
64.0,3.0,2.0,1.0,5362.0,23.0,2.0,1
50.0,7.0,24.0,9.0,1185.0,82.0,0.0,1
43.0,5.0,1.0,36.0,1218.0,31.0,0.0,0
26.0,5.0,17.0,33.0,7746.0,60.0,0.0,0
47.0,5.0,9.0,48.0,1226.0,70.0,1.0,1
59.0,3.0,2.0,45.0,2219.0,85.0,0.0,0
40.0,3.0,6.0,12.0,2219.0,45.0,2.0,0
61.0,0.0,6.0,48.0,2484.0,30.0,1.0,1
44.6,7.0,19.0,49.0,2786.0,36.0,2.0,0
25.0,1.0,7.0,8.0,12968.0,94.0,0.0,1
46.0,1.0,27.0,52.0,13289.0,76.0,1.0,1
29.0,3.0,3.0,40.0,6948.0,22.0,1.0,0
23.0,6.0,22.0,38.0,389.0,31.0,0.0,0
59.0,3.0,8.0,17.0,13333.0,36.0,1.0,0
61.0,7.0,2.0,11.0,7716.0,3.0,1.0,1
64.0,6.0,13.0,52.0,3031.0,94.0,0.0,0
20.0,3.0,22.0,50.0,12552.0,23.0,2.0,1
41.0,4.0,8.0,52.0,10175.0,50.0,0.0,0
32.8,6.0,23.0,13.0,747.0,2.0,2.0,1
24.0,5.0,29.0,28.0,8784.0,51.0,0.0,1
57.0,7.0,24.0,54.0,3497.0,64.0,2.0,0
53.0,6.0,2.0,54.0,10067.0,15.0,0.0,1
43.0,6.0,18.0,33.6,722.0,70.0,1.0,0
61.0,3.0,22.0,2.0,14948.0,38.0,1.0,0
30.0,0.0,5.0,52.0,4424.0,38.0,1.0,0
40.0,5.0,5.0,14.0,1675.0,51.0,2.0,1
40.6,4.0,14.0,34.0,6716.0,4.0,0.0,0
60.0,1.0,10.0,41.0,3958.0,38.0,0.0,0
50.0,2.0,29.0,5.0,5266.0,64.0,2.0,1
32.0,2.0,27.0,10.0,10937.0,58.0,2.0,0
36.0,1.0,22.0,8.0,8613.0,20.0,0.0,1
51.0,7.0,25.0,3.0,7389.0,28.0,0.0,1
52.0,2.0,3.0,50.0,5214.0,58.0,0.0,1
25.0,5.0,14.0,38.0,12552.0,21.0,2.0,0
30.0,1.0,21.0,47.0,12693.0,14.0,1.0,0
45.0,4.0,20.0,10.0,502.0,86.0,1.0,1
31.0,5.0,28.0,28.0,14481.0,34.0,1.0,1
50.0,7.0,7.0,55.0,10465.0,50.0,2.0,1
39.0,5.0,12.0,1.0,5328.0,65.0,1.0,0
51.0,6.0,26.0,6.0,10035.0,33.0,1.0,0
57.0,0.0,11.0,45.0,8001.0,68.0,2.0,0
39.0,6.0,18.0,56.0,9523.0,33.0,0.0,1
47.0,3.0,19.0,27.0,12903.0,32.0,0.0,0
27.0,5.0,7.0,30.0,13240.0,5.0,1.0,1
37.0,5.0,6.0,12.0,11560.0,47.0,1.0,1
62.0,2.0,10.0,31.0,2274.0,46.0,1.0,1
61.0,4.0,14.0,23.0,14628.0,73.0,0.0,0
31.0,6.0,16.0,20.0,7920.0,92.0,2.0,1
62.0,0.0,3.0,59.0,2259.0,13.0,0.0,0
34.0,2.0,15.0,14.0,659.0,29.0,2.0,1
46.0,6.0,19.0,1.0,3819.0,12.0,1.0,0
29.0,0.0,2.0,39.0,1531.0,20.0,2.0,0
58.0,5.0,14.0,6.0,13765.0,52.0,2.0,1
47.0,4.0,14.0,1.0,10074.0,17.0,2.0,1
48.0,6.0,8.0,1.0,10437.0,62.0,1.0,1
45.0,4.0,9.0,43.0,2746.0,34.0,2.0,1
20.0,4.0,29.0,35.0,12947.0,39.0,2.0,1
58.0,6.0,4.0,24.0,13414.0,83.0,0.0,0
34.0,1.0,4.0,55.0,1263.0,73.0,0.0,1
58.0,5.0,16.0,18.0,7944.0,40.0,0.0,1
39.0,2.0,20.0,37.0,13577.0,50.0,1.0,1
35.0,6.0,9.0,36.0,2832.0,78.0,2.0,1
41.0,2.0,24.0,14.0,2305.0,59.0,0.0,1
19.0,7.0,26.0,13.0,4931.0,74.0,1.0,0
60.0,5.0,9.0,17.0,5502.0,27.0,1.0,1
34.0,1.0,26.0,47.0,7654.0,86.0,1.0,1
35.0,4.0,24.0,7.0,11259.0,16.0,2.0,0
20.0,3.0,21.0,3.0,3602.0,18.0,0.0,0
55.0,3.0,26.0,33.0,4108.0,83.0,0.0,1
30.0,5.0,14.0,38.0,394.0,67.0,2.0,1
43.0,5.0,29.0,41.0,6619.0,67.0,0.0,1
57.0,3.0,7.0,54.0,12224.0,54.0,2.0,0
60.0,1.0,21.0,6.0,8749.0,51.0,2.0,0
29.0,0.0,21.0,39.6,7718.0,82.0,1.0,0
48.0,1.0,24.0,41.0,12637.0,9.0,2.0,0
42.0,5.0,3.0,2.0,2728.0,81.0,0.0,0
27.0,0.0,10.0,16.0,6484.0,7.0,1.0,0
52.0,6.0,5.0,10.0,1915.0,95.0,0.0,0
28.0,7.0,3.0,45.0,8994.0,95.0,0.0,1
53.0,4.0,29.0,6.0,4084.0,28.0,2.0,0
46.0,7.0,25.0,34.0,4270.0,65.0,2.0,0
44.0,3.0,23.0,19.0,5610.0,7.0,1.0,1
23.0,6.0,29.0,56.0,8027.0,66.0,0.0,1
31.0,3.0,7.0,5.0,3488.0,70.0,1.0,0
34.0,4.0,22.0,29.0,3837.0,70.0,0.0,0
31.0,2.0,24.0,23.0,2516.0,72.0,0.0,0
44.0,5.0,18.0,43.0,12860.0,71.0,1.0,0
39.0,2.0,27.0,28.0,3960.0,60.0,2.0,0
19.0,0.0,17.0,53.0,9040.0,57.0,2.0,1
54.0,4.0,21.0,2.0,8065.0,49.0,0.0,0
58.0,7.0,26.0,51.0,10370.0,59.0,1.0,0
43.0,7.0,10.0,43.0,13948.0,41.0,1.0,1
52.0,2.0,2.0,15.0,13452.0,93.0,2.0,0
26.0,0.0,22.0,28.0,12126.0,78.0,2.0,0
31.0,6.0,23.0,44.4,10380.0,97.0,2.0,0
63.0,7.0,29.0,10.0,12733.0,26.0,1.0,0
25.0,4.0,29.0,18.0,12839.0,46.0,2.0,1
18.0,1.0,29.0,27.0,9050.0,56.0,0.0,1
44.0,6.0,16.0,18.0,4373.0,72.0,1.0,0
57.0,5.0,17.0,14.0,8628.0,41.0,0.0,0
58.0,5.0,4.0,9.0,9542.0,35.0,0.0,0
37.0,0.0,21.0,43.0,7387.0,78.0,1.0,0
54.0,7.0,22.0,9.0,1573.0,56.0,1.0,1
44.0,2.0,4.0,5.0,10575.0,95.0,1.0,0
28.0,2.0,26.0,27.0,9683.0,84.0,1.0,1
29.4,6.0,13.0,49.0,11888.0,10.0,0.0,0
60.0,1.0,20.0,9.0,566.0,10.0,1.0,1
29.0,0.0,2.0,47.0,6050.0,80.0,1.0,0
25.0,5.0,29.0,23.0,3630.0,43.0,1.0,0
39.0,7.0,16.0,10.0,12581.0,94.0,0.0,1
31.0,5.0,26.0,50.0,14374.0,50.0,0.0,1
58.0,1.0,13.0,56.0,8082.0,57.0,1.0,1
25.0,4.0,27.0,29.0,3730.0,12.0,0.0,0
51.0,7.0,14.0,19.0,12474.0,34.0,2.0,0
60.0,4.0,24.0,28.0,13916.0,57.0,0.0,0
32.0,6.0,27.0,33.0,597.0,98.0,1.0,0
29.0,5.0,16.0,26.0,11026.0,69.0,2.0,1
21.0,1.0,2.0,37.0,7703.0,94.0,2.0,1
57.0,2.0,24.0,14.0,13572.0,40.0,1.0,1
22.0,1.0,12.0,57.0,14755.0,11.0,2.0,0
62.0,5.0,22.0,34.0,12178.0,9.0,1.0,0
23.0,2.0,9.0,4.0,10533.0,39.0,1.0,0
45.0,2.0,19.0,12.0,11771.0,32.0,1.0,0
48.0,1.0,25.0,19.0,3140.0,15.0,1.0,0
43.2,0.0,2.0,12.0,6920.0,4.0,0.0,0
27.0,6.0,24.0,6.0,12812.0,8.0,1.0,0
53.0,1.0,1.0,25.0,13899.0,9.0,2.0,0
35.0,2.0,9.0,36.0,14235.0,29.0,2.0,0
35.0,5.0,14.4,16.0,10426.0,70.0,0.0,0
47.0,1.0,21.0,1.0,2445.0,84.0,0.0,0
48.0,5.0,20.0,52.0,4182.0,81.0,2.0,0
59.0,2.0,16.0,2.0,8901.0,90.0,0.0,1
64.0,7.0,15.0,3.0,10651.0,50.0,2.0,1
30.0,0.0,1.0,45.0,1655.0,32.0,1.0,0
39.0,6.0,25.0,2.0,1786.0,3.0,2.0,0
33.0,5.0,5.0,35.0,1965.0,80.0,0.0,1
62.0,6.0,25.0,53.0,6657.0,16.0,2.0,1
47.0,5.0,14.0,54.0,6237.0,55.0,0.0,1
46.0,5.0,15.0,44.0,1127.0,79.0,1.0,1
57.0,5.0,3.0,30.0,2960.0,46.0,2.0,1
31.0,0.0,13.0,15.0,7733.0,88.0,1.0,0
29.0,2.0,15.0,59.0,1151.0,38.0,2.0,1
45.0,5.0,19.0,1.0,3818.0,15.0,2.0,0
58.0,0.0,22.0,27.0,7095.0,37.0,1.0,1
60.0,6.0,2.0,42.0,9007.0,73.0,0.0,1
29.0,0.0,8.0,40.0,9175.0,60.0,2.0,1
62.0,2.0,20.0,48.0,2250.0,96.0,2.0,1
22.0,3.0,24.0,54.0,13078.0,94.0,2.0,0
25.0,6.0,1.0,39.0,8050.0,26.0,1.0,0
44.0,4.0,11.0,58.0,4908.0,97.0,0.0,1
30.0,0.0,21.0,10.0,2002.0,80.0,1.0,0
56.0,5.0,9.0,57.0,2714.0,85.0,2.0,0
34.0,2.0,11.0,25.0,5287.0,41.0,1.0,1
42.0,5.0,9.0,25.0,2522.0,50.0,0.0,1
63.0,6.0,24.0,52.0,5049.0,84.0,0.0,1
37.0,1.0,27.0,42.0,14636.0,43.0,1.0,0
60.0,4.0,20.0,36.0,2102.0,30.0,0.0,0
47.0,0.0,1.0,53.0,5634.0,36.0,1.0,1
57.0,1.0,10.0,51.0,9480.0,2.0,0.0,1
54.0,5.0,12.6,44.0,12259.0,88.0,1.0,0
42.0,7.0,9.0,27.4,14139.0,27.0,0.0,1
22.0,4.0,9.0,26.0,3400.0,87.0,0.0,1
46.2,7.0,13.4,44.0,14586.0,71.0,1.0,0
36.0,4.0,6.0,47.0,8270.0,86.0,2.0,0
38.0,0.0,22.0,38.0,2050.0,15.0,0.0,1
61.0,3.0,10.0,38.0,6315.0,69.0,2.0,0
33.0,7.0,19.0,8.0,14784.0,90.0,1.0,1
44.0,2.0,28.0,47.0,7008.0,10.0,0.0,1
41.0,6.0,21.0,21.0,13966.0,47.0,2.0,0
37.0,7.0,25.0,17.0,1829.0,26.0,1.0,1
55.0,6.0,21.0,37.0,11008.0,19.0,2.0,0
45.0,6.0,13.0,54.0,11946.0,9.0,0.0,0
61.0,4.0,16.0,42.0,14483.0,68.0,1.0,1
60.0,7.0,7.0,35.0,1240.0,17.0,0.0,1
39.8,5.0,16.0,38.0,9286.0,55.0,2.0,0
21.0,6.0,21.0,6.0,9795.0,5.0,1.0,0
46.0,6.0,13.0,43.0,9101.0,28.0,2.0,0
49.0,7.0,6.0,20.0,10530.0,63.0,0.0,0
40.0,7.0,19.0,42.0,13147.0,1.0,2.0,0
33.0,3.0,13.0,59.0,3241.0,17.0,1.0,1
55.0,2.0,8.0,13.0,10646.0,12.0,2.0,0
48.0,6.0,13.0,35.0,12759.0,24.0,1.0,1
51.0,1.0,24.0,4.0,13392.0,7.0,0.0,1
49.0,3.0,15.0,52.0,8005.0,12.0,1.0,1
40.4,0.0,13.0,50.0,7341.0,39.0,2.0,0
27.0,0.0,27.0,15.0,14971.0,81.0,2.0,0
20.0,1.0,16.6,49.0,3306.0,56.0,0.0,1
44.0,3.0,2.0,24.0,11823.0,97.0,1.0,0
62.0,2.0,13.2,21.0,9584.0,94.0,2.0,0
61.0,4.0,16.0,47.0,13808.0,30.0,1.0,0
35.0,5.0,10.0,21.0,2630.0,11.0,2.0,1
35.0,4.0,4.0,53.0,6757.0,14.0,1.0,0
38.0,6.0,22.0,18.0,9912.0,53.0,2.0,0
25.0,1.0,4.0,58.0,2033.0,36.0,2.0,1
33.0,1.0,12.0,59.0,2170.0,33.0,2.0,1
54.0,6.0,9.8,43.0,10449.0,37.0,1.0,1
60.0,5.0,1.0,37.0,13790.0,90.0,1.0,1
30.0,1.0,18.0,18.0,8819.0,17.0,1.0,0
34.0,3.0,13.0,22.0,414.0,55.0,1.0,1
58.0,3.0,27.0,52.0,8997.0,46.0,0.0,0
25.0,0.0,3.0,37.0,7983.0,98.0,2.0,0
41.0,3.0,21.0,25.0,11636.0,54.0,1.0,0
54.0,1.0,13.0,6.0,5154.0,80.0,2.0,0
38.0,1.0,28.0,32.0,3394.0,82.0,0.0,1
25.0,3.0,21.0,10.0,13196.0,57.0,1.0,0
18.0,3.0,13.0,19.0,1700.0,72.0,1.0,1
62.0,2.0,9.0,21.0,6301.0,83.0,2.0,1
35.0,1.0,28.0,9.0,13265.0,16.0,1.0,0
43.0,2.0,2.0,58.0,10398.0,44.0,2.0,0
56.0,7.0,15.0,35.0,11088.0,76.0,0.0,1
32.0,6.0,1.0,45.0,14804.0,7.0,0.0,1
34.0,6.0,8.0,9.0,1282.0,60.0,0.0,0
52.0,3.0,22.0,49.0,1043.0,61.0,0.0,1
37.0,1.0,14.0,55.0,2114.0,93.0,0.0,0
33.0,6.0,7.0,12.0,7057.0,48.0,2.0,1
36.0,6.0,20.0,3.0,6391.0,40.0,2.0,0
26.0,4.0,27.0,8.0,10475.0,29.0,0.0,1
25.0,7.0,14.0,23.0,7001.0,1.0,1.0,1
20.0,3.0,1.0,34.0,12323.0,4.0,1.0,0
40.0,1.0,18.0,36.0,14329.0,56.0,1.0,1
39.0,0.0,13.2,47.0,2754.0,70.0,2.0,1
43.0,1.0,18.0,50.0,3046.0,65.0,2.0,1
61.0,3.0,19.0,59.0,4676.0,42.0,0.0,0
33.0,5.0,21.0,48.0,14799.0,4.0,2.0,1
38.0,6.0,14.0,31.0,2229.0,43.0,1.0,0
64.0,2.0,20.0,6.0,2474.0,54.0,2.0,0
53.0,5.0,29.0,29.0,4307.0,45.0,0.0,1
48.0,3.0,3.0,17.0,6048.0,95.0,1.0,0
41.0,1.0,15.0,32.0,1728.0,87.0,2.0,0
56.0,6.0,1.0,13.0,8797.0,14.0,0.0,1
34.0,4.0,8.0,46.0,4669.0,50.0,0.0,1
30.0,6.0,24.0,29.0,13470.0,23.0,2.0,1
31.0,5.0,12.0,34.0,7366.0,99.0,1.0,0
55.0,1.0,22.0,3.0,9506.0,84.0,0.0,0
52.0,1.0,1.0,55.0,1700.0,26.0,0.0,0
30.0,6.0,5.0,17.0,6344.0,22.0,1.0,1
27.0,7.0,9.0,2.0,6517.0,56.0,1.0,0
27.0,5.0,24.0,28.0,2845.0,72.0,0.0,0
55.0,5.0,1.0,37.0,10365.0,97.0,1.0,0
58.0,2.0,11.0,34.0,1926.0,59.0,1.0,0
30.0,1.0,16.0,15.0,1333.0,18.0,1.0,1
42.0,5.0,3.0,40.0,4786.0,79.0,2.0,1
56.0,3.0,22.0,12.0,12584.0,15.0,2.0,1
35.0,1.0,24.0,45.0,11793.0,86.0,1.0,1
20.0,4.0,1.0,13.0,2718.0,41.0,1.0,1
38.0,0.0,18.0,59.0,3874.0,57.0,1.0,1
52.0,5.0,2.0,27.0,2461.0,13.0,1.0,1
25.8,0.0,4.0,51.0,6282.0,8.0,1.0,0
34.0,0.0,7.0,17.0,6685.0,66.0,2.0,1
29.0,7.0,14.0,54.0,4152.0,44.0,2.0,1
61.0,5.0,18.0,47.0,6464.0,79.0,1.0,1
48.0,7.0,8.0,37.0,4420.0,15.0,0.0,1
42.0,2.0,4.0,7.0,6736.0,3.0,2.0,0
61.0,5.0,9.0,50.0,11065.0,4.0,1.0,0
28.0,0.0,10.6,4.0,315.0,36.0,0.0,0
42.0,2.0,23.0,22.0,14882.0,32.0,0.0,1
41.0,5.0,20.0,19.0,4160.0,75.0,2.0,0
38.8,4.0,17.0,39.0,11471.0,4.0,0.0,0
61.0,1.0,27.0,25.0,10836.0,14.0,2.0,1
26.0,0.0,26.0,58.0,264.0,81.0,0.0,1
59.0,7.0,25.0,44.0,2596.0,85.0,1.0,1
59.0,7.0,4.0,20.0,10303.0,89.0,2.0,0
38.8,0.0,4.0,55.0,13879.0,86.0,1.0,0
50.0,3.0,13.0,36.0,7279.0,97.0,0.0,0
60.0,5.0,22.0,14.0,2203.0,44.0,1.0,1
50.0,0.0,14.0,1.0,10342.0,27.0,1.0,0
47.0,6.0,25.0,47.0,6667.0,99.0,2.0,1
39.0,6.0,12.0,50.0,12045.0,55.0,2.0,1
36.0,3.0,29.0,18.0,14889.0,52.0,0.0,0
29.0,1.0,28.0,5.0,12437.0,32.0,2.0,0
26.0,3.0,10.0,6.0,3651.0,15.0,2.0,1
56.0,3.0,6.0,21.0,12115.0,31.0,0.0,0
47.0,4.0,19.0,17.0,7076.0,48.0,1.0,1
31.0,4.0,4.0,1.0,14466.0,4.0,1.0,0
42.0,1.0,29.0,30.0,7250.0,63.0,0.0,0
30.0,7.0,8.0,2.0,3642.0,17.0,1.0,1
29.0,5.0,7.0,15.0,2517.0,46.0,0.0,0
42.0,6.0,20.0,48.0,2233.0,99.0,1.0,1
42.0,2.0,3.0,11.0,12088.0,40.0,2.0,1
53.0,1.0,23.0,55.0,972.0,77.0,0.0,1
54.0,7.0,22.0,59.0,7746.0,54.0,2.0,0
55.0,0.0,20.0,41.0,5031.0,15.0,2.0,0
23.0,3.0,1.0,50.0,5444.0,98.0,1.0,0
18.0,3.0,27.0,46.0,698.0,28.0,1.0,1
28.0,6.0,25.0,57.0,7174.0,39.0,0.0,0
30.0,7.0,9.0,40.0,2213.0,79.0,1.0,1
61.0,5.0,15.0,38.0,14901.0,24.0,2.0,1
52.0,2.0,21.0,34.0,330.0,89.0,1.0,0
43.0,1.0,9.0,5.0,11250.0,52.0,2.0,1
41.0,7.0,24.0,27.0,12215.0,51.0,1.0,0
53.0,1.0,16.8,24.0,11160.0,90.0,0.0,1
23.0,7.0,22.0,37.0,11886.0,99.0,1.0,0
21.0,5.0,9.0,50.0,9573.0,82.0,1.0,1
26.0,6.0,17.4,57.0,14553.0,83.0,1.0,1
20.0,2.0,29.0,18.0,2681.0,81.0,0.0,1
38.0,7.0,14.2,7.0,5573.0,93.0,0.0,0
40.0,7.0,23.0,39.0,10065.0,86.0,1.0,0
49.0,6.0,25.0,6.0,3652.0,78.0,0.0,0
22.0,6.0,15.0,49.0,10393.0,3.0,2.0,0
63.0,4.0,10.0,40.0,947.0,77.0,0.0,0
60.0,3.0,25.0,41.0,5685.0,80.0,2.0,1
48.0,1.0,23.0,8.0,4198.0,12.0,1.0,1
53.0,4.0,8.0,39.0,5638.0,48.0,1.0,1
62.0,1.0,6.0,29.0,13234.0,17.0,0.0,0
36.0,7.0,14.0,34.0,8426.0,66.0,0.0,1
41.0,3.0,20.0,58.0,4959.0,80.0,0.0,1
26.0,7.0,4.0,40.0,9897.0,24.0,2.0,0
58.0,6.0,13.0,43.0,12917.0,85.0,1.0,0
50.0,6.0,22.0,13.0,3705.0,7.0,2.0,1
50.8,6.0,22.0,36.0,10664.0,46.0,0.0,1
31.0,4.0,7.0,33.0,3109.0,39.0,1.0,1
52.0,0.0,17.0,16.0,10391.0,1.0,2.0,0
44.6,3.0,20.0,16.0,4281.0,99.0,0.0,0
47.6,3.0,24.0,13.0,7557.0,27.0,0.0,0
54.0,6.0,2.0,21.0,12329.0,10.0,0.0,1
44.0,6.0,29.0,23.0,12767.0,75.0,2.0,0
31.0,1.0,13.0,15.0,1005.0,38.0,1.0,1
59.0,3.0,27.0,44.8,2067.0,64.0,0.0,0
42.0,0.0,19.0,30.0,5590.0,77.0,2.0,1
39.0,4.0,7.0,28.0,9166.0,71.0,1.0,0
41.0,4.0,8.0,6.0,2266.0,66.0,2.0,1
63.0,0.0,3.0,27.0,3184.0,24.0,2.0,1
37.0,5.0,20.0,56.0,5641.0,33.0,1.0,1
42.0,4.0,19.0,39.0,3337.0,89.0,1.0,0
62.0,0.0,6.0,9.0,11587.0,96.0,2.0,1
44.0,5.0,2.0,43.0,8875.0,59.0,0.0,0
24.0,0.0,3.0,48.0,5040.0,80.0,1.0,1
53.0,5.0,21.0,46.0,13660.0,57.0,0.0,0
24.0,3.0,23.0,11.0,2480.0,19.0,0.0,1
41.0,7.0,19.0,51.0,6893.0,1.0,1.0,1
24.0,7.0,26.0,53.0,11032.0,76.0,2.0,0
34.0,6.0,22.0,4.0,6971.0,18.0,0.0,1
52.0,1.0,10.0,32.0,13310.0,41.0,2.0,1
55.0,2.0,29.0,43.0,2989.0,46.0,0.0,0
33.0,4.0,16.0,24.0,8043.0,79.0,1.0,0
30.0,7.0,25.0,16.0,9743.0,63.0,0.0,1
36.0,6.0,2.0,16.0,13176.0,6.0,1.0,1
46.0,7.0,23.0,31.0,4823.0,39.0,1.0,1
44.0,5.0,13.0,51.0,14299.0,95.0,2.0,0
46.0,2.0,16.0,21.0,10721.0,70.0,1.0,1
56.0,1.0,1.0,2.0,8888.0,56.0,2.0,1
60.0,3.0,13.0,44.0,7172.0,53.0,1.0,0
51.2,6.0,24.0,20.0,8832.0,95.0,2.0,1
58.0,5.0,19.0,49.0,13308.0,94.0,2.0,0
20.0,2.0,5.0,21.0,14601.0,25.0,1.0,0
41.2,0.0,26.0,54.0,2545.0,36.0,0.0,0
46.0,5.0,5.0,29.0,1683.0,44.0,0.0,1
31.0,0.0,9.0,24.0,5859.0,73.0,2.0,0
35.0,7.0,28.0,36.0,9976.0,73.0,2.0,0
42.0,7.0,15.2,41.0,14828.0,49.0,1.0,0
47.0,3.0,16.0,43.0,4247.0,51.0,2.0,1
18.0,7.0,23.0,13.0,8613.0,77.0,0.0,1
21.0,6.0,1.0,10.0,5843.0,39.0,2.0,1
57.0,3.0,27.0,26.0,8493.0,88.0,2.0,1
36.0,2.0,25.0,36.0,13723.0,10.0,1.0,0
37.0,3.0,17.0,44.0,3889.0,2.0,2.0,0
50.0,5.0,5.0,42.0,14097.0,97.0,1.0,1
19.0,7.0,23.0,40.0,6411.0,4.0,2.0,1
64.0,0.0,14.4,24.0,7488.0,33.0,2.0,1
55.0,0.0,12.0,21.0,12828.0,95.0,2.0,0
37.0,3.0,4.0,30.0,5924.0,58.0,2.0,0
20.0,1.0,29.0,2.0,778.0,44.0,1.0,1
150.0,3.0,19.0,45.0,10165.0,71.0,2.0,0
50.0,6.0,6.0,12.0,3404.0,46.0,0.0,0
61.0,5.0,18.0,11.0,9983.0,31.0,2.0,1
45.0,5.0,5.0,53.0,13786.0,34.0,0.0,1
44.0,5.0,1.0,24.0,10679.0,58.0,1.0,0
39.0,6.0,9.0,15.0,7542.0,69.0,0.0,0
41.0,4.0,24.0,11.0,11929.0,43.0,0.0,1
24.0,6.0,6.0,25.0,668.0,44.0,0.0,0
58.0,0.0,18.0,10.0,1881.0,44.0,1.0,1
55.0,4.0,24.0,40.0,11152.0,62.0,2.0,0
64.0,4.0,8.0,4.0,11624.0,35.0,0.0,0
59.0,0.0,3.0,27.0,8224.0,58.0,2.0,1
20.0,4.0,29.0,11.0,9197.0,40.0,2.0,0
24.0,4.0,6.0,54.0,4927.0,29.0,0.0,0
62.0,4.0,27.0,1.0,5685.0,63.0,2.0,1
63.0,0.0,20.0,57.0,14489.0,31.0,1.0,0
45.0,7.0,24.0,59.0,6575.0,48.0,1.0,1
19.0,5.0,11.0,33.0,14619.0,65.0,2.0,1
63.0,7.0,14.0,57.0,755.0,48.0,0.0,0
23.0,7.0,1.0,6.0,3368.0,64.0,2.0,1
38.0,4.0,8.0,43.0,517.0,29.0,1.0,0
60.0,3.0,7.0,13.0,14356.0,64.0,1.0,1
42.0,7.0,3.0,59.0,7295.0,37.0,2.0,1
46.0,7.0,11.0,25.0,9214.0,67.0,1.0,0
25.0,3.0,24.0,47.0,12679.0,28.0,0.0,0
48.0,6.0,18.0,55.0,8935.0,96.0,0.0,1
32.0,7.0,8.0,27.0,4831.0,63.0,0.0,0
30.0,2.0,17.0,31.0,14610.0,96.0,0.0,1
35.0,5.0,9.0,58.0,8440.0,69.0,1.0,1
32.0,6.0,23.0,46.0,8714.0,14.0,1.0,1
43.0,7.0,14.0,19.0,11450.0,41.0,2.0,0
22.0,5.0,1.0,7.0,13330.0,7.0,2.0,1
25.0,0.0,3.0,5.0,1719.0,30.0,0.0,1
35.0,7.0,20.0,14.0,1898.0,87.0,2.0,1
23.0,3.0,12.0,59.0,3859.0,33.0,2.0,0
33.0,5.0,14.0,25.0,9184.0,54.0,0.0,1
29.0,5.0,21.0,26.6,14750.0,85.0,0.0,0
35.0,3.0,28.0,40.0,3366.0,70.0,2.0,0
63.0,7.0,10.0,34.0,4579.0,24.0,1.0,0
36.0,1.0,26.0,25.0,14084.0,8.0,0.0,0
45.0,1.0,14.0,4.0,11017.0,35.0,1.0,0
46.0,0.0,11.0,59.0,14947.0,64.0,1.0,1
51.0,0.0,3.0,5.0,6519.0,28.0,1.0,0
27.0,0.0,20.0,23.0,12059.0,58.0,2.0,0
44.6,7.0,10.0,45.0,12042.0,64.0,1.0,1
40.0,2.0,8.0,25.4,5520.0,2.0,1.0,1
62.0,4.0,15.0,52.0,13435.0,84.0,0.0,0
34.0,0.0,3.4,15.0,5697.0,3.0,2.0,0
58.0,4.0,29.0,21.0,4088.0,94.0,1.0,1
35.0,6.0,5.0,54.0,5239.0,44.0,0.0,1
18.0,0.0,21.0,32.0,10946.0,77.0,0.0,0
44.0,7.0,22.0,17.0,814.0,53.0,0.0,0
47.0,4.0,24.0,58.0,3715.0,56.0,2.0,0
38.0,2.0,15.0,25.0,10612.0,14.0,0.0,1
60.0,4.0,14.0,32.0,10122.0,67.0,2.0,1
63.0,3.0,20.0,50.0,6705.0,10.0,2.0,0
23.0,4.0,4.0,19.0,14981.0,30.0,2.0,0
50.0,4.0,21.0,56.0,13412.0,61.0,0.0,0
54.0,2.0,3.0,53.0,12357.0,74.0,0.0,1
51.0,0.0,24.0,2.0,2675.0,88.0,2.0,0
19.0,6.0,3.0,13.0,9302.0,42.0,2.0,1
58.0,3.0,17.0,56.0,2520.0,53.0,2.0,1
29.0,5.0,6.0,39.0,1086.0,99.0,1.0,1
63.0,1.0,22.0,2.0,2234.0,5.0,2.0,0
22.0,3.0,10.8,8.0,7705.0,28.0,0.0,1
28.0,2.0,5.0,14.0,13955.0,80.0,1.0,0
52.0,7.0,21.0,38.0,12378.0,50.0,1.0,0
52.0,4.0,16.0,16.0,4610.0,28.0,1.0,0
30.0,6.0,25.0,30.8,5525.0,26.0,1.0,0
33.0,5.0,15.0,29.0,9076.0,86.0,2.0,0
150.0,6.0,9.0,22.0,10069.0,41.0,2.0,0
40.0,5.0,20.0,36.0,8643.0,7.0,1.0,0
31.0,1.0,29.0,35.0,12520.0,27.0,1.0,1
27.0,6.0,7.0,6.0,3730.0,62.0,0.0,0
57.0,3.0,23.0,12.0,7418.0,67.0,2.0,1
60.0,6.0,25.0,28.0,4333.0,58.0,1.0,0
38.0,5.0,6.0,28.0,3108.0,53.0,1.0,0
30.0,6.0,16.0,47.0,2222.0,70.0,0.0,1
20.0,1.0,7.0,58.0,10539.0,92.0,1.0,1
35.0,5.0,23.8,14.0,9843.0,95.0,0.0,1
58.0,1.0,26.0,27.0,4209.0,97.0,0.0,0
48.0,6.0,19.0,41.0,636.0,66.0,0.0,1
62.0,6.0,9.0,43.0,14015.0,67.0,1.0,0
44.0,3.0,6.0,49.0,12535.0,16.0,0.0,1
58.0,7.0,4.0,56.0,5176.0,16.0,1.0,0
60.0,7.0,28.0,39.0,13347.0,31.0,2.0,1
48.0,3.0,8.0,2.0,7779.0,72.0,2.0,1
50.0,3.0,3.0,15.0,1912.0,61.0,2.0,0
56.0,7.0,12.2,9.0,9643.0,17.0,2.0,1
41.0,2.0,10.0,5.0,9323.0,75.0,1.0,1
33.6,5.0,19.0,20.8,532.0,31.0,1.0,1
38.0,4.0,6.0,29.0,2476.0,67.0,1.0,1
22.0,1.0,10.0,8.0,801.0,95.0,1.0,1
21.0,2.0,8.0,29.0,10171.0,51.0,0.0,0
34.0,6.0,11.0,21.6,11831.0,84.0,0.0,1
36.0,7.0,4.0,42.0,9014.0,6.0,2.0,0
36.0,7.0,20.0,36.0,11516.0,46.0,2.0,0
55.0,2.0,11.6,25.0,14208.0,17.0,1.0,0
18.0,2.0,11.0,9.0,2147.0,52.0,0.0,0
32.8,2.0,22.0,37.0,7238.0,69.0,0.0,1
23.0,5.0,7.0,56.0,6539.0,92.0,0.0,1
58.0,5.0,20.0,16.0,11688.0,13.0,1.0,1
55.0,5.0,26.0,15.0,8967.0,80.0,1.0,0
63.0,3.0,29.0,58.0,1964.0,39.0,2.0,0
46.0,1.0,10.8,49.0,1818.0,64.0,0.0,0
42.0,1.0,3.0,46.0,8916.0,46.0,1.0,0
54.0,3.0,2.0,45.0,6050.0,17.0,2.0,0
18.0,7.0,11.0,15.0,13312.0,69.0,2.0,1
20.0,0.0,13.0,42.0,11840.0,9.0,0.0,1
59.0,0.0,23.0,12.0,13083.0,96.0,2.0,0
24.0,3.0,14.0,32.6,4252.0,92.0,0.0,0
50.0,4.0,6.0,45.0,646.0,15.0,0.0,1
43.0,1.0,16.0,30.0,14320.0,85.0,1.0,0
33.0,6.0,12.0,52.0,7603.0,65.0,1.0,1
28.0,6.0,1.0,49.0,1125.0,32.0,1.0,0
53.0,7.0,20.0,25.0,873.0,68.0,1.0,0
39.0,2.0,12.0,51.0,533.0,12.0,0.0,0
29.0,5.0,1.0,13.0,13962.0,3.0,2.0,1
63.0,4.0,28.0,31.0,2294.0,24.0,0.0,0
31.0,0.0,14.0,26.0,6960.0,21.0,2.0,1
30.0,7.0,12.4,45.0,5884.0,56.0,0.0,0
56.0,7.0,16.0,37.0,13976.0,68.0,2.0,0
57.0,3.0,21.0,2.0,3870.0,97.0,0.0,1
54.0,1.0,21.0,28.0,4760.0,47.0,2.0,1
59.0,2.0,24.0,16.0,10499.0,5.0,1.0,0
49.0,4.0,23.0,34.0,6447.0,44.0,0.0,0
33.0,7.0,2.0,56.0,12155.0,18.0,2.0,0
28.0,5.0,11.8,52.0,3467.0,47.0,2.0,1
59.0,2.0,16.0,28.0,2150.0,67.0,0.0,0
21.0,0.0,5.0,17.0,10511.0,48.0,0.0,0
19.0,0.0,20.0,29.0,12856.0,87.0,1.0,1
49.0,7.0,25.0,31.0,5240.0,82.0,2.0,1
40.0,4.0,23.0,48.0,9412.0,62.0,2.0,1
51.0,5.0,11.0,12.0,11709.0,80.0,2.0,0
35.0,0.0,7.0,20.0,13189.0,91.0,1.0,1
48.0,7.0,1.0,45.0,6019.0,74.0,2.0,1
35.0,5.0,12.0,29.4,9024.0,84.0,0.0,1
33.0,3.0,28.0,26.0,14291.0,94.0,0.0,1
49.0,1.0,12.0,28.4,12832.0,84.0,2.0,0
40.0,1.0,25.0,42.0,11086.0,82.0,0.0,1
19.0,1.0,24.0,36.0,8561.0,32.0,1.0,1
18.0,1.0,3.0,8.0,6899.0,48.0,0.0,0
43.0,2.0,17.0,34.0,1833.0,66.0,0.0,0
45.0,3.0,5.0,15.0,443.0,41.0,2.0,0
22.0,5.0,25.0,23.0,5587.0,51.0,1.0,0
52.0,5.0,24.0,35.0,7041.0,76.0,0.0,0
63.0,3.0,19.0,25.0,749.0,46.0,2.0,0
50.0,0.0,29.0,4.0,1593.0,78.0,0.0,0
45.0,5.0,26.0,35.6,12658.0,84.0,0.0,0
44.0,2.0,8.0,44.0,2179.0,48.0,1.0,0
37.0,3.0,8.0,32.0,345.0,98.0,0.0,0
29.0,5.0,28.0,20.0,10280.0,2.0,0.0,1
41.0,7.0,8.0,9.0,781.0,64.0,0.0,0
45.0,4.0,22.0,28.0,14099.0,10.0,0.0,1
22.0,0.0,25.0,49.0,9613.0,32.0,2.0,1
36.0,2.0,5.0,57.0,3495.0,77.0,2.0,0
35.0,6.0,16.0,19.0,2446.0,26.0,1.0,1
48.0,3.0,16.0,58.0,3788.0,56.0,0.0,1
20.0,7.0,7.0,55.0,10011.0,47.0,2.0,1
22.0,3.0,26.0,12.0,4503.0,18.0,0.0,1
26.0,2.0,2.0,11.0,9448.0,34.0,1.0,1
38.0,6.0,1.0,46.0,726.0,17.0,1.0,1
48.0,5.0,14.4,9.0,2456.0,46.0,1.0,0
37.0,7.0,2.0,16.0,2920.0,89.0,2.0,0
20.0,1.0,3.0,18.0,11736.0,93.0,1.0,1
38.2,4.0,13.0,26.0,4211.0,25.0,0.0,1
43.0,4.0,4.0,52.0,2867.0,92.0,0.0,0
25.0,4.0,10.0,27.0,5645.0,47.0,1.0,1
59.0,3.0,9.0,34.0,4139.0,52.0,0.0,1
47.0,0.0,1.0,28.0,14442.0,42.0,2.0,1
56.0,7.0,18.0,39.0,9723.0,16.0,2.0,0
54.0,3.0,17.0,48.0,541.0,70.0,0.0,1
33.0,2.0,3.0,50.0,10194.0,28.0,1.0,1
28.0,7.0,24.0,53.0,674.0,65.0,1.0,1
30.2,1.0,14.0,31.0,7287.0,13.0,0.0,1
61.0,2.0,4.0,23.4,4560.0,76.0,2.0,1
43.0,4.0,5.0,7.0,6417.0,70.0,0.0,0
60.0,0.0,20.0,43.0,4036.0,72.0,2.0,0
37.0,4.0,8.0,22.0,8141.0,30.0,2.0,0
54.6,5.0,15.4,13.0,10202.0,13.0,0.0,1
35.0,3.0,28.0,21.0,7729.0,52.0,1.0,1
56.0,4.0,3.0,16.0,6146.0,74.0,0.0,1
57.0,3.0,9.0,19.0,8646.0,28.0,1.0,1
59.0,6.0,24.0,17.0,10459.0,26.0,2.0,1
60.0,4.0,25.0,21.0,11459.0,77.0,1.0,1
33.0,5.0,14.2,11.0,6765.0,39.0,1.0,1
63.0,1.0,24.0,44.0,10444.0,13.0,2.0,0
20.0,6.0,22.0,19.0,11800.0,27.0,2.0,1
29.0,2.0,6.0,36.0,4196.0,99.0,2.0,0
55.0,3.0,3.0,40.0,13477.0,61.0,0.0,0
24.0,3.0,26.0,17.0,7594.0,48.0,0.0,0
38.0,2.0,10.0,18.0,7076.0,1.0,1.0,0
57.0,0.0,8.0,44.0,2676.0,92.0,1.0,0
41.0,4.0,29.0,11.0,2888.0,65.0,1.0,0
18.0,3.0,5.0,30.0,7278.0,32.0,0.0,0
35.0,1.0,4.0,15.0,11403.0,38.0,0.0,1
63.0,5.0,1.0,54.0,11083.0,4.0,1.0,0
30.0,1.0,18.0,53.0,4355.0,22.0,0.0,1
30.0,7.0,4.0,55.0,983.0,63.0,0.0,1
37.0,0.0,14.0,19.0,999999.0,1.0,0.0,0
34.0,0.0,18.0,36.2,13292.0,19.0,2.0,1
18.0,7.0,29.0,50.0,11029.0,78.0,2.0,0
45.2,2.0,20.0,18.0,3601.0,64.0,0.0,0
58.0,0.0,19.0,11.0,340.0,34.0,1.0,0
33.0,7.0,27.0,59.0,12262.0,14.0,0.0,1
38.0,7.0,17.0,18.0,13914.0,8.0,0.0,1
26.0,7.0,4.0,31.0,3640.0,66.0,1.0,0
20.0,7.0,6.0,55.0,10915.0,85.0,0.0,1
37.0,1.0,22.0,39.0,2573.0,89.0,1.0,1
40.2,4.0,28.0,55.0,6390.0,7.0,0.0,1
45.0,4.0,25.0,35.2,7030.0,1.0,2.0,0
57.0,5.0,1.0,17.0,6377.0,93.0,0.0,0
44.0,4.0,16.0,6.0,999999.0,32.0,0.0,0
42.0,7.0,7.8,21.0,361.0,22.0,2.0,1
36.0,2.0,14.0,56.0,4134.0,39.0,2.0,1
48.0,3.0,12.0,55.0,5262.0,33.0,2.0,1
19.0,0.0,24.0,16.0,9861.0,61.0,2.0,0
49.0,6.0,16.0,59.0,3936.0,60.0,2.0,0
62.0,0.0,21.0,35.0,14984.0,57.0,2.0,1
42.0,1.0,28.0,23.0,13588.0,76.0,2.0,0
51.0,7.0,22.0,52.0,8926.0,41.0,0.0,0
31.0,5.0,26.0,28.0,3253.0,54.0,1.0,0
36.0,4.0,23.0,25.0,8933.0,34.0,0.0,0
55.0,1.0,11.0,45.0,11574.0,19.0,1.0,0
40.0,7.0,4.0,57.0,8856.0,30.0,1.0,1
61.0,6.0,9.0,23.0,5135.0,78.0,2.0,0
40.2,0.0,29.0,29.0,4323.0,8.0,2.0,0
33.0,7.0,13.0,36.0,4273.0,40.0,2.0,0
45.0,2.0,29.0,41.0,5182.0,58.0,2.0,1
55.0,5.0,8.0,18.0,12658.0,98.0,0.0,0
50.2,5.0,22.0,39.0,13381.0,27.0,1.0,1
32.0,5.0,15.0,36.0,14506.0,20.0,1.0,1
22.0,6.0,6.0,58.0,8202.0,62.0,2.0,1
25.0,0.0,25.0,46.0,8095.0,56.0,1.0,0
41.0,5.0,22.0,54.0,1933.0,58.0,1.0,0
64.0,5.0,26.0,28.0,1269.0,43.0,0.0,0
42.0,4.0,29.0,27.8,10957.0,85.0,1.0,1
47.0,6.0,28.0,27.0,10775.0,43.0,1.0,0
31.0,1.0,20.0,34.0,12587.0,83.0,2.0,0
64.0,5.0,3.0,1.0,12113.0,67.0,0.0,0
38.0,6.0,15.0,18.0,9590.0,23.0,1.0,1
61.0,5.0,12.6,26.0,1533.0,47.0,1.0,1
20.0,3.0,14.0,27.0,2621.0,97.0,2.0,1
49.0,2.0,28.0,58.0,2750.0,97.0,1.0,1
62.0,1.0,19.0,39.0,4154.0,12.0,0.0,1
28.0,4.0,19.0,25.0,2119.0,62.0,2.0,1
36.4,5.0,17.0,25.0,595.0,23.0,0.0,0
41.0,5.0,1.0,32.0,9269.0,2.0,1.0,0
37.0,1.0,14.0,20.0,5922.0,73.0,1.0,0
38.0,4.0,22.0,24.0,11075.0,58.0,0.0,0
48.0,6.0,11.6,53.0,597.0,61.0,1.0,0
40.8,5.0,22.0,8.0,5370.0,70.0,1.0,0
47.0,4.0,15.0,55.0,3294.0,56.0,0.0,1
61.0,3.0,29.0,51.0,6658.0,25.0,0.0,1
48.0,0.0,16.0,24.0,13259.0,3.0,1.0,0
28.0,4.0,5.0,59.0,3863.0,85.0,2.0,0
31.0,3.0,24.0,19.0,2744.0,12.0,0.0,1
55.0,2.0,15.4,45.0,14881.0,14.0,0.0,1
33.0,6.0,26.0,15.0,7502.0,12.0,0.0,0
25.0,0.0,20.0,53.0,1534.0,13.0,0.0,1
58.0,2.0,20.0,42.0,2902.0,62.0,0.0,1
45.0,3.0,19.0,38.0,14516.0,32.0,1.0,0
62.0,7.0,24.0,52.0,10501.0,41.0,2.0,0
39.0,3.0,8.0,16.0,7339.0,18.0,2.0,0
60.0,2.0,19.0,55.0,6073.0,32.0,1.0,0
28.0,3.0,27.0,16.0,7954.0,89.0,2.0,0
38.0,1.0,16.0,9.0,8051.0,51.0,1.0,1
27.0,7.0,5.0,37.0,3002.0,59.0,0.0,1
49.0,2.0,9.0,45.0,6601.0,7.0,2.0,0
23.0,6.0,9.0,59.0,14509.0,31.0,1.0,0
46.0,1.0,11.0,13.0,2418.0,33.0,1.0,1
29.0,4.0,26.0,15.0,11247.0,92.0,2.0,1
57.0,2.0,6.0,45.0,6027.0,12.0,1.0,0
47.0,2.0,1.0,29.0,12102.0,89.0,0.0,0
52.0,0.0,5.0,9.0,6022.0,85.0,2.0,1
42.0,6.0,14.0,28.0,1487.0,96.0,2.0,1
58.0,2.0,23.0,6.0,3863.0,44.0,2.0,1
40.0,5.0,27.0,14.0,14508.0,49.0,2.0,0
48.0,7.0,7.0,40.0,9584.0,40.0,0.0,1
36.0,0.0,15.0,22.0,10509.0,35.0,0.0,1
47.0,6.0,23.0,10.0,8604.0,19.0,0.0,1
31.0,7.0,27.0,47.0,11541.0,48.0,1.0,1
50.0,5.0,6.0,36.0,10379.0,19.0,0.0,0
150.0,2.0,27.0,29.0,5630.0,41.0,0.0,0
34.0,2.0,26.0,34.0,14207.0,71.0,2.0,1
22.0,2.0,20.0,51.0,12645.0,11.0,0.0,1
30.0,3.0,7.0,24.0,1886.0,19.0,2.0,0
64.0,5.0,22.0,25.0,14275.0,27.0,0.0,0
47.0,1.0,19.0,45.0,6852.0,41.0,0.0,1
56.0,2.0,8.0,19.0,7515.0,92.0,2.0,1
45.0,4.0,15.0,56.0,12243.0,29.0,2.0,1
41.0,4.0,11.0,56.0,6955.0,97.0,1.0,0
19.0,7.0,24.0,25.2,13648.0,73.0,0.0,0
25.0,7.0,24.0,31.0,436.0,25.0,0.0,0
32.0,0.0,17.0,45.0,3117.0,79.0,0.0,0
63.0,2.0,3.0,29.0,13049.0,44.0,1.0,0
51.0,2.0,6.0,50.0,4504.0,6.0,1.0,0
46.0,3.0,10.0,10.0,8706.0,36.0,2.0,1
39.8,6.0,27.0,14.0,14258.0,78.0,0.0,0
28.0,3.0,28.0,36.0,7420.0,59.0,1.0,0
50.0,5.0,13.0,9.0,7910.0,26.0,1.0,1
28.0,1.0,7.0,50.0,1932.0,36.0,2.0,1
32.0,4.0,1.0,34.0,1708.0,57.0,2.0,1
25.0,2.0,15.0,8.0,1977.0,47.0,0.0,1
24.0,6.0,27.0,2.0,7366.0,69.0,0.0,1
28.0,3.0,10.0,22.0,8526.0,21.0,0.0,0
41.0,3.0,13.0,48.0,1762.0,34.0,1.0,0
57.0,5.0,20.0,11.0,8962.0,67.0,2.0,1
41.0,4.0,24.0,33.0,3041.0,90.0,2.0,1
46.0,5.0,19.0,23.0,8138.0,15.0,1.0,0
58.0,5.0,5.0,27.2,6081.0,47.0,2.0,0
33.0,7.0,6.0,55.0,6746.0,15.0,0.0,0
40.0,5.0,17.2,7.0,12456.0,9.0,0.0,0
21.0,3.0,22.0,17.0,10580.0,58.0,2.0,0
22.0,5.0,17.0,31.0,11116.0,98.0,0.0,0
49.0,7.0,11.0,21.0,14437.0,76.0,1.0,1
26.0,4.0,22.0,46.0,2612.0,81.0,1.0,0
22.0,5.0,29.0,46.0,9252.0,30.0,0.0,1
54.0,5.0,3.0,38.0,858.0,64.0,2.0,1
20.0,6.0,16.0,58.0,11246.0,47.0,0.0,0
59.0,7.0,5.0,14.0,3138.0,82.0,1.0,1
36.0,4.0,13.0,57.0,2684.0,34.0,0.0,1
53.0,0.0,9.0,2.0,4387.0,93.0,2.0,1
39.0,3.0,29.0,55.0,4877.0,31.0,1.0,0
27.0,2.0,10.0,43.0,12587.0,97.0,1.0,0
26.0,3.0,5.0,33.0,2324.0,38.0,0.0,1
22.0,3.0,8.0,53.0,437.0,83.0,1.0,1
54.0,5.0,21.0,29.0,7683.0,63.0,0.0,1
26.0,7.0,10.0,25.0,8669.0,73.0,1.0,0
18.0,1.0,15.0,14.0,8736.0,63.0,2.0,1
33.0,4.0,5.0,33.0,323.0,87.0,1.0,0
57.0,7.0,23.0,24.0,8010.0,13.0,1.0,1
45.0,7.0,13.0,40.0,2257.0,37.0,0.0,1
52.0,3.0,27.0,59.0,2987.0,25.0,0.0,0
46.0,1.0,8.0,33.0,3743.0,60.0,2.0,1
56.0,6.0,29.0,59.0,5453.0,66.0,1.0,1
56.0,4.0,7.0,28.0,8904.0,3.0,1.0,1
44.0,6.0,19.0,27.0,7878.0,96.0,0.0,1
36.0,3.0,1.0,38.0,515.0,34.0,0.0,1
38.0,1.0,9.0,6.0,4007.0,13.0,2.0,1
38.0,4.0,12.0,12.0,6208.0,81.0,2.0,0
42.0,0.0,13.0,43.0,6245.0,63.0,0.0,1
63.0,7.0,8.0,7.0,13270.0,38.0,0.0,0
59.0,5.0,18.0,40.0,10322.0,3.0,2.0,1
27.0,6.0,10.0,18.0,12033.0,52.0,0.0,1
58.0,4.0,19.0,50.0,11733.0,82.0,0.0,0
150.0,6.0,20.0,22.0,4601.0,54.0,0.0,1
18.0,1.0,10.0,43.0,6291.0,88.0,0.0,1
26.0,7.0,29.0,14.0,12088.0,64.0,2.0,1
38.0,1.0,28.0,12.0,813.0,81.0,0.0,0
57.0,7.0,29.0,17.0,11830.0,46.0,0.0,1
37.0,0.0,16.0,55.0,835.0,8.0,2.0,1
64.0,2.0,15.0,36.0,2736.0,34.0,1.0,0
63.0,6.0,1.0,27.0,3144.0,40.0,1.0,1
24.0,0.0,9.0,6.0,3598.0,53.0,0.0,1
44.0,6.0,13.0,17.0,2736.0,18.0,0.0,1
36.0,1.0,4.0,17.0,14297.0,80.0,0.0,1
46.0,0.0,17.0,12.0,5816.0,9.0,0.0,1
43.0,2.0,20.0,22.0,13185.0,19.0,2.0,1
37.0,4.0,6.0,36.0,5645.0,40.0,0.0,0
45.0,0.0,7.0,25.8,11659.0,47.0,1.0,0
46.0,5.0,7.0,3.0,14241.0,69.0,1.0,0
47.0,2.0,25.0,54.0,9719.0,51.0,2.0,0
45.0,2.0,29.0,25.0,4696.0,68.0,0.0,0
64.0,1.0,2.0,38.0,7670.0,85.0,1.0,1
21.0,3.0,17.0,48.0,8013.0,59.0,2.0,1
40.0,6.0,3.0,3.0,11468.0,31.0,0.0,0
43.0,6.0,17.0,45.0,14059.0,35.0,0.0,1
33.0,1.0,24.0,11.0,6283.0,91.0,1.0,0
19.0,2.0,11.0,38.0,7804.0,2.0,2.0,0
34.4,2.0,29.0,1.0,1341.0,23.0,0.0,1
28.0,5.0,6.0,1.0,303.0,82.0,0.0,1
53.0,3.0,20.0,9.0,971.0,19.0,2.0,0
49.0,4.0,1.0,22.0,7495.0,90.0,2.0,0
29.0,2.0,7.0,6.0,5289.0,35.0,1.0,0
29.0,1.0,27.0,31.0,4139.0,16.0,1.0,1
24.0,6.0,13.0,55.0,6178.0,52.0,2.0,1
26.0,4.0,5.0,40.0,13446.0,69.0,2.0,0
56.0,5.0,1.0,23.0,366.0,39.0,0.0,1
33.0,0.0,11.0,34.0,14590.0,52.0,0.0,0
53.0,7.0,29.0,52.0,999999.0,94.0,0.0,1
26.0,0.0,9.0,8.0,329.0,15.0,2.0,1
28.0,5.0,28.0,40.0,2317.0,91.0,2.0,0
54.0,4.0,24.0,38.0,11634.0,25.0,2.0,0
31.0,7.0,6.0,19.0,13441.0,91.0,1.0,0
26.0,3.0,22.0,42.0,4708.0,3.0,2.0,1
35.0,3.0,24.0,13.0,11310.0,40.0,0.0,0
41.0,1.0,28.0,29.0,7662.0,98.0,0.0,0
36.0,1.0,19.0,59.0,14537.0,26.0,0.0,0
19.0,0.0,18.0,57.0,11352.0,40.0,0.0,1
60.0,2.0,4.0,34.2,1374.0,71.0,1.0,0
24.0,3.0,5.0,50.0,2831.0,31.0,2.0,0
42.0,3.0,1.0,27.0,6489.0,52.0,0.0,1
54.0,7.0,10.0,23.0,7057.0,56.0,1.0,1
35.0,2.0,21.0,46.0,10977.0,3.0,1.0,0
28.0,0.0,26.0,29.0,9868.0,17.0,2.0,0
31.0,2.0,6.0,43.0,6441.0,27.0,2.0,0
28.0,7.0,22.0,34.0,10426.0,62.0,2.0,1
38.0,0.0,17.0,34.0,13356.0,74.0,2.0,1
28.0,7.0,29.0,11.0,6853.0,21.0,1.0,1
58.0,3.0,2.0,39.0,7886.0,11.0,0.0,0
43.0,4.0,24.0,27.0,7606.0,42.0,2.0,0
46.8,3.0,21.0,24.0,9945.0,99.0,1.0,0
47.0,7.0,18.0,15.0,5372.0,58.0,1.0,1
24.0,1.0,16.0,16.0,972.0,28.0,0.0,0
46.0,6.0,26.0,39.0,10392.0,86.0,1.0,1
27.0,2.0,26.0,18.0,12283.0,92.0,0.0,0
56.0,0.0,22.0,57.0,3487.0,70.0,2.0,0
20.0,6.0,11.0,38.0,13985.0,35.0,2.0,1
58.0,5.0,6.0,57.0,1602.0,83.0,0.0,1
24.0,0.0,11.0,55.0,8988.0,89.0,2.0,0
28.0,2.0,3.0,55.0,11261.0,28.0,2.0,0
18.0,0.0,13.0,10.0,8721.0,31.0,0.0,1
32.0,7.0,12.0,22.0,997.0,96.0,1.0,0
37.6,6.0,12.0,42.0,3499.0,26.0,1.0,0
56.0,0.0,13.0,15.0,8977.0,78.0,0.0,0
22.0,1.0,28.0,57.0,10229.0,61.0,1.0,1
22.0,2.0,18.0,11.0,3976.0,76.0,1.0,1
30.0,4.0,18.0,26.0,11135.0,99.0,0.0,1
32.0,7.0,21.0,15.0,14542.0,73.0,2.0,1
47.0,4.0,15.0,32.0,10497.0,9.0,2.0,0
29.0,0.0,9.0,41.0,2883.0,26.0,1.0,0
52.0,2.0,1.0,41.0,11367.0,66.0,1.0,0
35.0,1.0,19.0,59.0,7628.0,93.0,0.0,0
27.0,1.0,14.0,1.0,6840.0,41.0,1.0,0
61.0,2.0,13.0,33.0,2120.0,67.0,1.0,0
28.0,0.0,9.0,7.0,10729.0,59.0,2.0,0
40.0,5.0,18.8,46.0,11372.0,4.0,2.0,1
57.0,5.0,11.0,35.0,2829.0,60.0,2.0,1
24.0,3.0,18.0,28.0,3084.0,86.0,1.0,1
23.0,0.0,27.0,49.0,4970.0,37.0,0.0,0
33.0,1.0,1.0,4.0,7491.0,55.0,2.0,1
49.0,4.0,10.0,1.0,9812.0,15.0,2.0,0
44.8,4.0,18.0,49.0,5607.0,97.0,2.0,1
51.0,0.0,22.0,19.0,10234.0,27.0,1.0,0
36.0,3.0,11.0,54.0,8438.0,22.0,2.0,0
44.0,2.0,4.0,45.0,5977.0,10.0,0.0,1
36.0,1.0,10.0,40.0,2170.0,99.0,2.0,1
57.0,4.0,2.0,28.0,3127.0,20.0,1.0,1
24.0,1.0,25.0,32.0,12482.0,99.0,1.0,1
27.0,1.0,17.0,42.0,8270.0,86.0,2.0,0
40.0,6.0,21.0,14.0,5626.0,69.0,0.0,1
30.0,2.0,12.0,36.0,2777.0,88.0,2.0,1
43.0,3.0,21.0,57.0,3869.0,36.0,1.0,0
46.0,6.0,3.0,10.0,11512.0,24.0,1.0,0
46.0,3.0,12.4,3.0,9747.0,6.0,0.0,0
54.0,2.0,3.0,40.0,6812.0,20.0,2.0,1
33.0,7.0,18.0,23.0,2986.0,2.0,0.0,1
35.0,3.0,19.0,37.0,12533.0,31.0,2.0,1
24.0,0.0,20.0,45.0,14386.0,69.0,0.0,1
26.0,2.0,21.0,21.0,11885.0,42.0,2.0,0
23.0,7.0,1.0,23.0,1186.0,40.0,1.0,0
39.0,3.0,17.0,10.0,6523.0,73.0,0.0,0
18.0,7.0,10.0,43.0,7423.0,64.0,2.0,1
47.0,5.0,5.0,8.0,4815.0,78.0,2.0,0
51.0,2.0,1.0,20.0,1838.0,64.0,2.0,0
47.0,3.0,12.0,24.0,12537.0,83.0,0.0,1
54.0,7.0,21.0,12.0,9415.0,70.0,2.0,1
21.0,4.0,19.0,32.0,10925.0,32.0,0.0,0
43.0,1.0,18.0,7.0,10967.0,85.0,1.0,0
43.0,6.0,15.0,18.0,7003.0,86.0,1.0,0
41.0,1.0,16.0,18.0,4414.0,46.0,0.0,0
36.0,1.0,5.0,24.0,1094.0,45.0,2.0,1
35.0,0.0,2.0,34.0,1178.0,8.0,2.0,1
25.0,7.0,11.4,22.0,14338.0,68.0,1.0,0
45.6,0.0,1.0,23.0,4793.0,21.0,2.0,0
29.0,3.0,28.0,44.0,4095.0,58.0,2.0,0
24.0,1.0,15.4,8.0,14094.0,54.0,1.0,1
31.0,7.0,23.0,40.0,8794.0,42.0,1.0,0
49.0,5.0,3.0,40.0,10464.0,19.0,0.0,0
52.0,0.0,15.0,57.0,5620.0,1.0,0.0,0
30.0,7.0,28.0,1.0,6012.0,30.0,0.0,0
30.0,4.0,28.0,56.0,2765.0,11.0,0.0,1
47.0,3.0,5.0,7.0,8409.0,80.0,2.0,0
150.0,1.0,5.0,33.0,11307.0,63.0,2.0,0
31.0,7.0,26.0,19.0,666.0,15.0,2.0,1
29.0,3.0,3.0,58.0,13081.0,91.0,1.0,0
30.0,0.0,6.0,40.0,7942.0,22.0,1.0,0
36.0,4.0,24.0,43.0,14182.0,10.0,2.0,1
27.0,4.0,19.0,16.0,14529.0,24.0,2.0,0
59.0,0.0,19.0,58.0,8144.0,86.0,0.0,1
43.0,5.0,12.0,10.0,14000.0,5.0,1.0,1
48.0,3.0,24.4,5.0,1148.0,87.0,0.0,0
38.0,6.0,13.4,10.0,9655.0,79.0,1.0,1
26.0,7.0,27.0,5.0,8671.0,58.0,0.0,1
49.0,1.0,23.0,18.0,1384.0,76.0,1.0,0
36.0,0.0,14.0,51.0,7818.0,39.0,1.0,0
53.0,1.0,17.0,5.0,4075.0,1.0,2.0,0
30.0,1.0,18.0,30.0,3966.0,69.0,0.0,1
44.0,5.0,15.0,47.0,5276.0,83.0,1.0,0
43.0,0.0,11.0,44.0,11879.0,69.0,2.0,0
52.0,6.0,16.0,45.0,6521.0,96.0,2.0,1
64.0,4.0,28.0,48.0,943.0,1.0,1.0,1
24.0,5.0,10.0,23.0,12035.0,28.0,1.0,0
40.0,6.0,1.0,31.0,13968.0,94.0,0.0,1
41.0,0.0,13.2,56.0,8429.0,2.0,1.0,1
44.0,4.0,23.0,4.0,6635.0,32.0,1.0,1
59.0,2.0,25.0,10.0,4129.0,78.0,0.0,0
29.0,0.0,4.0,33.8,4716.0,41.0,2.0,0
31.0,7.0,14.0,44.0,6831.0,59.0,2.0,0
35.0,5.0,15.0,26.0,11172.0,41.0,0.0,0
59.0,3.0,18.0,18.0,7979.0,33.0,2.0,1
31.0,4.0,18.0,4.0,12274.0,74.0,2.0,1
44.0,7.0,15.0,53.0,5744.0,57.0,1.0,0
28.8,2.0,28.0,23.0,14840.0,48.0,1.0,1
43.0,1.0,4.0,20.0,7093.0,67.0,2.0,0
57.0,5.0,28.0,56.0,2455.0,13.0,0.0,0
52.0,1.0,24.0,9.0,4808.0,18.0,0.0,0
48.0,5.0,28.0,42.0,13012.0,54.0,0.0,1
21.0,2.0,16.0,21.8,879.0,15.0,0.0,0
33.0,1.0,11.0,3.0,7872.0,65.0,2.0,0
18.0,3.0,8.0,44.0,3491.0,90.0,2.0,0
51.0,0.0,9.2,39.0,2542.0,69.0,1.0,1
62.0,4.0,15.0,6.0,8549.0,16.0,2.0,0
52.0,7.0,16.0,26.0,1152.0,78.0,2.0,0
47.0,5.0,27.0,56.0,8771.0,77.0,0.0,0
47.0,2.0,4.0,33.0,8432.0,68.0,0.0,1
37.0,2.0,23.0,7.0,11872.0,70.0,0.0,1
38.0,7.0,22.0,34.0,1636.0,15.0,1.0,0
21.0,3.0,25.0,45.0,14608.0,21.0,2.0,0
32.0,0.0,17.0,18.0,13531.0,84.0,0.0,1
25.0,5.0,16.0,28.0,1147.0,52.0,0.0,0
54.0,7.0,11.0,42.0,8025.0,28.0,1.0,0
26.0,3.0,8.0,58.0,9438.0,92.0,1.0,1
61.0,1.0,22.0,21.0,3441.0,34.0,0.0,0
51.0,5.0,3.0,38.0,496.0,85.0,0.0,1
23.0,5.0,10.0,4.0,8706.0,33.0,1.0,0
28.0,1.0,13.0,10.0,7621.0,91.0,1.0,1
46.0,7.0,28.0,34.0,2487.0,61.0,0.0,0
33.0,3.0,4.0,34.0,4525.0,46.0,1.0,1
49.0,7.0,8.0,27.0,9424.0,83.0,0.0,0
31.0,3.0,15.0,19.0,13544.0,55.0,0.0,1
53.0,5.0,16.0,38.0,3505.0,42.0,0.0,1
26.0,1.0,6.0,25.0,2340.0,17.0,1.0,0
49.0,1.0,6.0,14.0,13728.0,13.0,0.0,0
40.0,5.0,13.0,1.0,427.0,93.0,2.0,0
54.0,5.0,17.0,37.0,5764.0,2.0,2.0,1
64.0,0.0,10.0,26.0,13157.0,23.0,1.0,0
38.0,5.0,10.0,12.0,9111.0,64.0,2.0,1
23.0,0.0,26.0,43.6,10860.0,43.0,1.0,0
29.0,3.0,4.0,42.0,4284.0,28.0,0.0,0
59.0,3.0,24.0,12.0,3719.0,14.0,2.0,1
60.0,5.0,23.0,56.0,939.0,87.0,0.0,1
20.0,0.0,23.0,36.0,9975.0,83.0,2.0,1
31.8,7.0,7.0,45.0,6056.0,97.0,0.0,0
43.0,1.0,7.0,9.0,13699.0,25.0,0.0,0
34.0,5.0,12.0,49.0,4659.0,11.0,0.0,0
19.0,1.0,14.0,44.0,6722.0,68.0,1.0,1
37.6,1.0,29.0,58.0,6704.0,86.0,1.0,1
29.0,0.0,9.0,12.0,8874.0,99.0,0.0,0
58.0,0.0,6.0,22.0,8763.0,63.0,1.0,1
47.0,1.0,21.0,53.0,4956.0,36.0,2.0,1
63.0,1.0,19.0,27.0,10345.0,90.0,1.0,0
33.4,6.0,29.0,41.0,3004.0,11.0,0.0,1
51.0,3.0,20.0,58.0,8725.0,27.0,2.0,0
49.0,2.0,29.0,53.0,3930.0,38.0,2.0,1
45.0,1.0,3.0,16.0,960.0,52.0,1.0,0
42.0,1.0,21.0,25.0,13945.0,79.0,1.0,0
24.0,5.0,21.0,1.0,13133.0,90.0,0.0,1
62.0,4.0,18.0,25.0,14606.0,51.0,1.0,1
52.0,4.0,9.0,34.0,4642.0,10.0,1.0,1
64.0,4.0,11.0,5.0,6724.0,73.0,0.0,0
38.0,7.0,20.0,19.0,12065.0,3.0,0.0,0
48.0,4.0,28.0,7.0,3749.0,25.0,2.0,1
20.0,0.0,6.0,16.0,5151.0,97.0,1.0,1
38.0,5.0,11.0,52.0,8178.0,91.0,0.0,1
58.0,1.0,15.0,51.0,8956.0,54.0,2.0,1
36.0,4.0,14.0,57.0,4138.0,64.0,0.0,0
53.0,3.0,25.0,47.0,1315.0,5.0,2.0,1
57.0,4.0,23.0,6.0,3875.0,35.0,0.0,0
27.0,5.0,19.0,3.0,14152.0,38.0,2.0,0
51.0,5.0,17.0,19.4,9361.0,42.0,0.0,0
36.0,4.0,29.0,15.0,3446.0,59.0,2.0,1
28.0,5.0,7.0,27.4,14723.0,64.0,2.0,1
62.0,5.0,4.0,19.0,5124.0,55.0,0.0,0
18.0,4.0,24.0,20.0,3916.0,10.0,1.0,1
58.0,5.0,17.6,44.0,2171.0,99.0,0.0,0
18.0,3.0,14.8,38.0,2099.0,76.0,1.0,1
41.0,0.0,20.0,57.0,6029.0,66.0,0.0,1
23.0,7.0,5.0,33.0,3327.0,93.0,0.0,0
42.0,0.0,16.0,47.0,5581.0,83.0,0.0,1
62.0,3.0,19.0,21.0,6637.0,10.0,1.0,1
27.0,4.0,19.0,40.0,1433.0,88.0,0.0,1
34.0,6.0,11.0,33.0,14376.0,1.0,2.0,1
30.0,6.0,11.0,2.0,3467.0,38.0,2.0,0
34.0,0.0,19.0,57.0,835.0,18.0,2.0,0
45.4,1.0,24.0,20.0,11178.0,86.0,0.0,1
40.0,5.0,11.0,26.4,1388.0,45.0,0.0,1
58.0,0.0,24.0,26.0,658.0,33.0,2.0,0
19.0,4.0,24.0,15.0,2242.0,74.0,1.0,0
63.0,3.0,19.0,29.0,14912.0,51.0,2.0,1
58.0,7.0,3.0,3.0,13620.0,99.0,0.0,1
26.0,3.0,29.0,56.0,13686.0,27.0,2.0,1
42.0,1.0,19.0,33.0,8002.0,67.0,0.0,1
28.0,5.0,20.0,1.0,10849.0,69.0,2.0,1
41.0,1.0,9.0,21.0,9042.0,40.0,1.0,0
41.0,3.0,5.0,20.0,9808.0,10.0,0.0,1
42.0,0.0,4.0,39.0,1456.0,64.0,0.0,1
56.0,6.0,28.0,54.0,14826.0,48.0,2.0,0
25.0,4.0,9.0,42.0,5010.0,10.0,1.0,0
22.0,3.0,18.0,27.0,2333.0,56.0,0.0,1
42.0,4.0,10.0,7.0,1996.0,8.0,1.0,0
40.0,6.0,9.0,14.0,369.0,7.0,1.0,0
30.0,0.0,1.0,57.0,3358.0,5.0,1.0,0
34.0,6.0,6.0,49.0,9155.0,21.0,2.0,1
56.0,5.0,23.0,38.0,6507.0,71.0,2.0,0
49.0,1.0,8.0,33.0,9759.0,53.0,2.0,1
28.0,1.0,8.0,34.0,14317.0,75.0,2.0,1
35.6,4.0,26.0,59.0,5005.0,54.0,0.0,1
30.0,5.0,17.0,19.0,13768.0,94.0,1.0,1
60.0,1.0,27.0,54.0,957.0,65.0,2.0,1
50.0,2.0,26.0,26.0,6060.0,19.0,0.0,1
48.0,2.0,5.0,12.0,4699.0,35.0,0.0,0
18.0,4.0,1.0,21.0,14156.0,5.0,0.0,1
44.8,0.0,13.0,42.0,8593.0,42.0,2.0,1
49.0,3.0,3.0,30.0,2411.0,91.0,1.0,1
25.0,4.0,11.0,55.0,1103.0,4.0,2.0,1
47.0,7.0,23.0,41.0,10877.0,65.0,1.0,0
26.0,7.0,13.0,41.0,14829.0,54.0,2.0,1
63.0,7.0,10.0,54.0,9844.0,52.0,0.0,1
55.0,4.0,13.0,58.0,11747.0,83.0,2.0,1
52.0,1.0,11.0,21.0,3415.0,88.0,1.0,1
24.0,2.0,4.0,15.0,14407.0,41.0,2.0,0
55.0,3.0,29.0,47.0,928.0,55.0,2.0,0
30.6,1.0,5.0,41.0,6174.0,98.0,1.0,0
18.0,1.0,10.0,1.0,1791.0,55.0,2.0,0
31.0,3.0,25.0,39.0,4473.0,90.0,1.0,1
43.8,3.0,3.0,42.0,12867.0,35.0,1.0,0
60.0,6.0,5.0,14.0,4790.0,15.0,1.0,1
41.8,7.0,2.0,40.0,11555.0,53.0,0.0,0
20.0,1.0,24.0,58.0,5573.0,22.0,1.0,1
38.0,6.0,29.0,47.0,14635.0,44.0,0.0,0
32.6,1.0,26.0,26.0,6095.0,5.0,0.0,1
25.0,6.0,14.0,13.0,3678.0,5.0,0.0,0
23.0,6.0,9.0,8.0,14191.0,32.0,2.0,0
43.0,0.0,4.0,5.0,7443.0,72.0,0.0,0
57.0,1.0,14.8,36.0,3532.0,21.0,2.0,0
51.0,6.0,24.0,57.0,1005.0,70.0,1.0,0
18.0,1.0,6.0,2.0,325.0,55.0,0.0,0
31.0,5.0,9.0,4.0,9461.0,94.0,1.0,0
21.0,5.0,27.0,26.0,544.0,37.0,0.0,1
26.0,6.0,6.0,38.0,1956.0,67.0,0.0,0
35.0,0.0,8.0,41.0,2947.0,21.0,1.0,1
41.0,3.0,28.0,27.0,1184.0,74.0,2.0,0
64.0,5.0,18.0,45.0,13842.0,79.0,2.0,0
37.0,2.0,25.0,50.0,4805.0,17.0,1.0,1
39.0,6.0,4.0,25.0,3812.0,3.0,2.0,1
22.0,7.0,1.0,41.0,6886.0,94.0,2.0,0
28.0,7.0,2.0,52.0,13528.0,80.0,1.0,1
42.0,2.0,21.0,33.0,6478.0,11.0,0.0,0
52.0,3.0,20.0,19.2,11016.0,25.0,2.0,0
35.0,1.0,5.0,16.0,5672.0,54.0,2.0,0
25.0,7.0,15.0,33.0,9184.0,13.0,1.0,1
59.0,0.0,20.0,58.0,9882.0,48.0,0.0,0
43.2,6.0,17.0,39.0,6354.0,57.0,0.0,0
46.0,2.0,23.0,28.0,12292.0,47.0,1.0,0
25.0,3.0,12.0,24.8,5525.0,93.0,2.0,0
19.0,3.0,12.0,57.0,607.0,97.0,2.0,0
38.0,6.0,5.0,27.0,7469.0,56.0,0.0,0
40.0,2.0,6.0,25.0,12842.0,87.0,0.0,0
22.0,1.0,23.0,24.0,6918.0,66.0,2.0,0
62.0,0.0,11.0,54.0,2334.0,57.0,1.0,1
41.0,2.0,14.0,2.0,5293.0,96.0,0.0,0
35.0,4.0,17.0,33.0,7411.0,63.0,0.0,1
49.0,4.0,9.0,34.0,7767.0,53.0,1.0,0
38.0,1.0,19.0,22.0,7972.0,23.0,1.0,0
56.0,5.0,13.0,21.0,7564.0,98.0,1.0,0
54.0,2.0,6.0,1.0,999999.0,62.0,2.0,0
34.0,7.0,9.0,33.0,6497.0,28.0,2.0,1
46.0,6.0,1.0,6.0,8700.0,70.0,1.0,1
39.0,0.0,29.0,34.0,13058.0,57.0,0.0,0
54.0,2.0,2.0,41.0,9080.0,29.0,1.0,1
45.0,0.0,1.0,43.0,2422.0,14.0,2.0,0
60.0,6.0,15.8,34.0,2551.0,4.0,0.0,0
33.0,4.0,14.0,49.0,7082.0,38.0,2.0,1
24.0,6.0,21.0,49.0,1836.0,31.0,1.0,0
59.0,7.0,3.0,42.0,13460.0,87.0,0.0,0
55.0,2.0,19.0,40.0,5095.0,83.0,1.0,1
51.0,2.0,13.6,41.0,5173.0,13.0,0.0,1
42.0,5.0,16.0,50.0,10304.0,87.0,0.0,0
25.0,5.0,15.0,8.0,2456.0,33.0,2.0,1
34.2,4.0,27.0,53.0,12270.0,19.0,0.0,0
37.0,4.0,9.0,30.0,14142.0,62.0,2.0,0
28.0,5.0,3.0,46.0,11972.0,61.0,2.0,1
50.0,0.0,10.8,20.0,8455.0,1.0,1.0,1
34.0,6.0,13.0,46.0,13974.0,20.0,0.0,0
58.0,7.0,22.0,50.0,8144.0,7.0,2.0,0
31.0,3.0,10.0,54.0,13569.0,22.0,1.0,1
57.0,3.0,22.0,33.0,11581.0,18.0,1.0,0
50.0,1.0,25.0,4.0,13694.0,94.0,1.0,0
42.0,4.0,8.0,29.0,14572.0,65.0,0.0,0
35.0,2.0,22.0,32.0,12093.0,83.0,0.0,0
54.0,1.0,6.0,6.0,4112.0,37.0,0.0,1
21.0,5.0,24.0,50.0,3128.0,34.0,0.0,1
42.0,6.0,1.0,52.0,5655.0,37.0,2.0,1
58.0,0.0,9.0,29.0,10546.0,49.0,0.0,1
52.0,5.0,25.0,49.0,13086.0,53.0,0.0,1
53.0,7.0,7.0,46.0,4535.0,93.0,2.0,1
47.0,2.0,28.0,35.0,3436.0,86.0,0.0,0
36.0,6.0,17.0,11.0,3459.0,15.0,2.0,1
39.0,6.0,8.0,13.0,2847.0,64.0,1.0,1
59.0,7.0,4.0,28.0,10200.0,35.0,1.0,1
46.0,6.0,29.0,7.0,4938.0,70.0,2.0,1
29.0,1.0,11.0,49.0,3321.0,4.0,2.0,0
35.0,1.0,2.0,46.0,4744.0,76.0,0.0,1
36.0,7.0,11.0,34.0,13606.0,25.0,0.0,1
38.6,5.0,7.0,46.0,10009.0,51.0,1.0,1
38.2,7.0,27.0,21.0,9238.0,97.0,0.0,0
51.0,6.0,2.0,43.0,10963.0,51.0,1.0,0
53.0,1.0,21.0,46.0,2975.0,77.0,2.0,0
30.0,3.0,10.0,15.0,3385.0,59.0,1.0,1
19.0,1.0,14.0,28.0,2305.0,36.0,2.0,0
55.0,6.0,4.0,18.0,7954.0,64.0,2.0,1
24.0,7.0,20.0,35.0,10812.0,32.0,1.0,1
46.0,0.0,24.0,8.0,2475.0,88.0,0.0,0
38.0,5.0,8.0,54.0,3399.0,14.0,0.0,0
22.0,6.0,26.0,4.0,12337.0,33.0,1.0,0
46.0,2.0,10.0,57.0,921.0,8.0,2.0,1
60.0,3.0,8.0,43.0,2860.0,11.0,0.0,0
48.0,6.0,4.0,5.0,2985.0,98.0,2.0,1
30.0,5.0,21.0,46.0,13231.0,36.0,2.0,0
40.0,6.0,17.0,3.0,9887.0,39.0,0.0,1
57.0,7.0,9.0,30.0,1281.0,40.0,0.0,1
34.0,7.0,9.0,47.0,8653.0,50.0,2.0,0
21.0,4.0,18.0,25.0,12257.0,75.0,1.0,0
49.0,0.0,5.0,8.0,2269.0,43.0,0.0,1
29.0,6.0,18.0,53.0,657.0,91.0,1.0,0
45.0,2.0,6.0,6.0,5567.0,56.0,1.0,1
54.0,7.0,10.0,30.0,14963.0,46.0,2.0,1
50.0,5.0,3.0,37.0,1185.0,53.0,2.0,0
31.0,1.0,3.0,56.0,9718.0,8.0,2.0,0
49.0,1.0,29.0,51.0,5074.0,27.0,1.0,0
24.0,5.0,13.0,34.0,9978.0,35.0,1.0,0
69.8,7.0,16.0,10.0,11300.0,64.0,2.0,1
42.8,7.0,8.0,23.0,13128.0,65.0,0.0,0
64.0,0.0,8.0,29.0,12976.0,23.0,2.0,0
33.0,4.0,25.0,55.0,6640.0,38.0,2.0,0
31.0,6.0,21.0,16.0,8469.0,59.0,1.0,0
20.0,6.0,17.0,13.0,11546.0,66.0,0.0,0
51.0,1.0,17.0,57.0,6017.0,20.0,0.0,1
54.0,6.0,13.0,16.0,9350.0,50.0,1.0,0
41.0,1.0,20.0,47.0,2143.0,79.0,0.0,0
32.0,5.0,5.0,22.0,11193.0,28.0,0.0,0
42.0,0.0,7.0,31.0,3799.0,64.0,0.0,1
47.0,0.0,15.0,12.0,4521.0,8.0,1.0,0
26.0,0.0,8.0,43.0,11862.0,84.0,0.0,1
34.0,3.0,10.0,45.0,2834.0,15.0,2.0,0
35.0,7.0,20.0,7.0,8338.0,82.0,2.0,1
40.0,3.0,16.0,24.6,7445.0,57.0,1.0,1
62.0,4.0,16.0,7.0,1299.0,10.0,1.0,0
24.0,5.0,26.0,16.0,2315.0,58.0,2.0,0
21.0,4.0,15.0,50.0,2708.0,93.0,2.0,0
25.0,6.0,29.0,8.0,4395.0,51.0,1.0,1
39.0,3.0,16.0,19.0,11519.0,70.0,0.0,1
46.0,1.0,7.0,55.0,5613.0,42.0,2.0,0
63.0,1.0,14.0,47.0,11843.0,32.0,2.0,0
24.0,1.0,4.0,35.0,7486.0,54.0,1.0,1
61.0,5.0,24.0,30.0,14261.0,36.0,1.0,0
41.6,5.0,12.0,8.0,6129.0,49.0,2.0,1
22.0,1.0,20.0,58.0,11478.0,72.0,1.0,1
50.0,5.0,8.8,37.0,2941.0,40.0,2.0,1
40.0,6.0,20.0,27.0,4568.0,71.0,1.0,1
31.0,6.0,5.0,36.0,6935.0,92.0,0.0,1
56.0,2.0,7.0,41.0,6424.0,38.0,2.0,0
47.0,4.0,19.0,49.0,4594.0,41.0,2.0,0
61.0,3.0,7.0,29.0,13140.0,52.0,0.0,1
60.0,5.0,1.0,27.0,5121.0,66.0,0.0,1
28.0,4.0,18.0,21.0,10172.0,53.0,1.0,0
24.0,6.0,3.0,39.0,3504.0,18.0,2.0,0
20.0,2.0,29.0,34.0,12952.0,22.0,2.0,1
57.0,6.0,27.0,33.0,6808.0,71.0,0.0,0
53.0,4.0,20.0,22.0,8857.0,80.0,1.0,1
34.0,4.0,2.0,33.0,9625.0,87.0,2.0,0
37.0,4.0,14.0,22.0,3562.0,87.0,2.0,0
31.0,6.0,28.0,24.0,8866.0,38.0,1.0,1
54.0,7.0,24.0,37.0,4221.0,94.0,0.0,1
19.0,1.0,17.0,23.0,1470.0,17.0,1.0,0
24.0,0.0,26.0,42.0,8422.0,41.0,1.0,1
60.0,6.0,25.0,10.0,7655.0,95.0,0.0,1
19.0,0.0,22.0,24.0,12693.0,56.0,2.0,0
26.0,4.0,2.0,17.0,4354.0,29.0,0.0,0
60.0,5.0,23.0,44.0,6776.0,75.0,2.0,0
25.0,4.0,7.0,39.0,5446.0,32.0,1.0,1
42.0,0.0,12.0,28.4,12662.0,82.0,0.0,1
58.0,5.0,7.0,58.0,5769.0,74.0,1.0,0
44.0,6.0,13.0,30.0,6807.0,7.0,2.0,0
60.0,0.0,28.0,59.0,7610.0,56.0,1.0,0
40.0,6.0,12.0,6.0,11146.0,69.0,1.0,1
51.0,5.0,7.0,57.0,4336.0,50.0,0.0,0
18.0,5.0,25.0,10.0,8634.0,52.0,0.0,0
27.0,6.0,3.0,53.0,9381.0,17.0,2.0,0
27.0,0.0,12.0,55.0,491.0,78.0,0.0,1
20.0,2.0,16.0,23.0,7860.0,85.0,2.0,0
58.0,7.0,21.0,18.0,12497.0,88.0,1.0,1
45.0,0.0,2.0,58.0,14901.0,51.0,1.0,0
27.0,3.0,1.0,40.0,13544.0,62.0,0.0,1
49.0,4.0,15.2,10.0,3550.0,65.0,2.0,0
63.0,2.0,22.0,7.0,8319.0,33.0,1.0,0
35.0,7.0,27.0,55.0,6634.0,65.0,0.0,1
37.2,0.0,20.0,50.0,10410.0,60.0,2.0,1
62.0,0.0,8.0,28.0,5834.0,10.0,2.0,0
43.0,2.0,16.0,15.0,10349.0,83.0,1.0,0
48.0,3.0,12.0,25.0,7566.0,56.0,2.0,1
28.0,5.0,12.0,7.0,7340.0,91.0,0.0,0
63.0,5.0,3.0,6.0,822.0,66.0,2.0,1
43.0,0.0,10.0,28.0,12496.0,84.0,0.0,1
42.0,0.0,2.0,15.0,10301.0,35.0,1.0,1
61.0,6.0,18.0,40.0,2878.0,71.0,0.0,1
61.0,0.0,8.0,43.0,10560.0,90.0,0.0,1
50.0,6.0,11.0,44.0,6196.0,40.0,1.0,1
21.0,4.0,11.0,28.0,14270.0,49.0,0.0,0
40.8,6.0,10.0,29.0,4626.0,46.0,0.0,0
50.0,4.0,26.0,19.0,9475.0,66.0,2.0,1
25.0,0.0,18.0,10.0,11769.0,21.0,0.0,1
28.0,7.0,3.0,36.0,8753.0,43.0,0.0,0
20.0,2.0,23.0,57.0,7907.0,95.0,1.0,0
21.0,1.0,6.0,11.0,7070.0,7.0,0.0,0
48.0,6.0,12.0,10.0,5253.0,5.0,0.0,1
55.0,7.0,23.0,57.0,8385.0,95.0,0.0,0
28.0,3.0,11.0,10.0,8761.0,4.0,2.0,1
27.0,7.0,25.0,20.0,2149.0,17.0,1.0,1
22.0,4.0,10.4,50.0,2405.0,36.0,1.0,0
44.0,2.0,21.0,53.0,4338.0,22.0,1.0,0
52.0,0.0,4.0,45.8,4159.0,38.0,0.0,0
45.0,7.0,3.0,23.0,6912.0,19.0,0.0,1
24.0,0.0,24.0,27.0,14438.0,34.0,0.0,0
27.0,1.0,25.0,18.8,10068.0,56.0,1.0,1
53.0,2.0,17.4,34.0,7004.0,72.0,1.0,1
57.0,0.0,13.0,3.0,10346.0,85.0,0.0,0
35.0,4.0,2.0,18.0,12349.0,12.0,1.0,1
64.0,4.0,22.0,24.0,12841.0,2.0,1.0,1
24.0,1.0,7.0,28.0,6034.0,36.0,1.0,0
43.0,5.0,16.0,16.0,9709.0,66.0,2.0,0
37.0,2.0,8.0,56.0,2440.0,98.0,2.0,0
54.0,1.0,9.0,24.0,771.0,92.0,1.0,1
37.0,0.0,8.0,59.0,1815.0,27.0,2.0,0
38.0,7.0,19.0,5.0,11746.0,52.0,0.0,0
35.0,0.0,23.0,47.0,11140.0,14.0,0.0,1
18.0,2.0,22.0,14.0,4263.0,15.0,2.0,1
64.0,7.0,10.0,42.0,5964.0,53.0,0.0,1
41.0,2.0,16.0,1.0,2096.0,81.0,0.0,1
61.0,0.0,6.0,3.0,9207.0,63.0,2.0,1
61.0,4.0,12.0,53.0,6325.0,58.0,1.0,1
53.0,7.0,28.0,44.0,7446.0,78.0,1.0,1
41.2,6.0,3.0,8.0,12244.0,4.0,1.0,0
44.6,6.0,23.0,14.0,12133.0,86.0,0.0,0
28.0,3.0,12.0,41.0,10538.0,48.0,0.0,0
39.0,3.0,22.0,31.0,14485.0,3.0,1.0,1
40.0,6.0,29.0,16.0,599.0,72.0,1.0,1
26.0,2.0,2.0,43.0,3980.0,93.0,2.0,1
55.0,6.0,29.0,37.0,5262.0,67.0,2.0,1
64.0,4.0,21.0,19.0,920.0,58.0,1.0,0
34.0,1.0,2.0,41.0,8027.0,28.0,1.0,1
37.0,4.0,21.0,45.0,14779.0,41.0,0.0,0
18.0,5.0,16.0,58.0,1593.0,68.0,1.0,0
25.0,2.0,19.0,35.0,1533.0,46.0,1.0,0
57.0,5.0,12.0,53.0,10936.0,91.0,0.0,1
45.0,3.0,27.0,4.0,1719.0,89.0,2.0,0
18.0,2.0,16.0,14.0,3822.0,15.0,0.0,1
19.0,7.0,12.0,42.0,6674.0,40.0,0.0,0
18.0,4.0,28.0,11.0,3123.0,7.0,1.0,1
24.0,3.0,18.4,26.6,9245.0,9.0,1.0,1
33.0,3.0,3.0,36.0,4684.0,2.0,2.0,1
56.0,2.0,20.4,27.0,14994.0,94.0,1.0,1
18.0,7.0,26.0,49.0,3295.0,15.0,1.0,1
36.0,1.0,12.0,27.0,4704.0,87.0,1.0,1
39.0,5.0,18.0,28.4,13569.0,90.0,0.0,0
52.0,6.0,7.0,49.0,14820.0,91.0,0.0,0
58.0,0.0,14.0,38.0,13418.0,81.0,2.0,0
61.0,7.0,17.0,52.0,12149.0,54.0,0.0,1
24.0,7.0,5.0,3.0,9919.0,97.0,2.0,0
44.8,7.0,11.0,14.6,1919.0,85.0,1.0,1
25.0,3.0,7.0,33.0,8168.0,75.0,0.0,1
41.0,3.0,13.0,41.0,13233.0,68.0,0.0,1
52.0,2.0,23.0,31.0,8913.0,98.0,0.0,1
31.0,6.0,14.0,33.0,13150.0,65.0,0.0,1
49.0,0.0,10.0,2.0,3866.0,44.0,2.0,0
27.0,2.0,9.0,56.0,2290.0,3.0,1.0,0
31.0,7.0,3.0,18.0,6389.0,1.0,2.0,0
55.0,0.0,1.0,34.0,12660.0,28.0,2.0,1
59.0,4.0,24.0,28.6,5635.0,39.0,1.0,0
37.0,0.0,18.0,14.0,4684.0,49.0,2.0,1
55.0,7.0,3.0,45.0,3717.0,63.0,0.0,0
62.0,1.0,27.0,16.0,1752.0,12.0,0.0,0
18.0,0.0,28.0,59.0,8195.0,25.0,1.0,1
49.0,6.0,7.0,44.0,11727.0,51.0,1.0,1
39.0,4.0,12.0,34.0,10673.0,91.0,2.0,1
22.0,1.0,10.0,54.0,10897.0,80.0,2.0,0
36.0,5.0,14.0,35.0,13943.0,59.0,2.0,1
32.0,3.0,7.0,7.0,1703.0,2.0,0.0,1
58.0,7.0,12.0,47.0,8567.0,12.0,1.0,0
35.2,7.0,1.0,7.0,4533.0,16.0,1.0,0
37.0,4.0,16.0,52.0,8531.0,64.0,0.0,0
52.0,6.0,29.0,34.0,5817.0,89.0,1.0,1
58.0,1.0,19.0,21.0,11655.0,16.0,1.0,1
31.0,3.0,17.0,30.0,14047.0,52.0,2.0,1
55.0,6.0,29.0,58.0,11749.0,40.0,0.0,0
37.8,4.0,22.0,48.0,13733.0,4.0,2.0,1
33.0,7.0,21.0,59.0,10259.0,8.0,1.0,1
28.0,3.0,9.0,37.0,10409.0,7.0,1.0,1
54.0,2.0,23.0,42.0,6389.0,82.0,0.0,0
51.0,3.0,1.0,14.0,10627.0,58.0,1.0,0
40.0,3.0,18.0,43.0,2808.0,36.0,1.0,1
57.0,6.0,11.0,20.0,11522.0,83.0,2.0,0
43.0,6.0,7.0,42.0,11526.0,35.0,0.0,0
54.0,6.0,18.0,23.0,6786.0,13.0,1.0,0
22.0,7.0,26.0,2.0,9244.0,40.0,2.0,1
36.0,4.0,29.0,29.0,11857.0,22.0,1.0,0
27.0,3.0,28.0,54.0,12629.0,36.0,2.0,0
24.0,3.0,27.0,12.0,2779.0,94.0,0.0,0
48.0,1.0,19.0,39.0,5282.0,85.0,0.0,0
41.0,3.0,18.0,13.0,10562.0,46.0,2.0,0
47.0,7.0,28.0,34.0,9428.0,77.0,2.0,1
56.0,5.0,20.0,39.0,7833.0,60.0,1.0,1
23.0,6.0,14.0,14.0,2624.0,43.0,2.0,0
35.0,4.0,23.0,29.0,2513.0,69.0,0.0,0
41.0,6.0,11.0,20.0,14698.0,34.0,1.0,0
56.0,2.0,13.0,56.0,14141.0,36.0,0.0,0
30.0,2.0,16.0,42.6,14641.0,18.0,0.0,1
39.0,2.0,5.0,54.0,4497.0,57.0,2.0,0
30.0,7.0,28.0,18.0,2028.0,14.0,1.0,0
45.0,3.0,25.0,56.0,11775.0,83.0,1.0,0
31.0,2.0,17.0,23.0,2455.0,12.0,1.0,1
46.0,5.0,9.0,40.0,2167.0,27.0,2.0,1
64.0,4.0,7.2,9.0,11587.0,79.0,1.0,1
26.0,0.0,26.0,10.0,9690.0,8.0,1.0,0
27.0,7.0,24.0,46.0,14545.0,93.0,1.0,1
23.0,7.0,27.0,30.0,10024.0,55.0,2.0,0
22.0,7.0,6.0,13.0,10447.0,30.0,1.0,1
32.0,0.0,2.0,24.0,6412.0,23.0,1.0,1
26.0,2.0,28.0,14.0,10989.0,77.0,0.0,0
27.0,7.0,29.0,37.0,5827.0,45.0,0.0,1
42.0,5.0,16.0,4.0,5579.0,72.0,2.0,0
62.0,1.0,16.0,37.0,7343.0,11.0,2.0,0
26.0,2.0,16.0,59.0,3983.0,26.0,2.0,0
34.0,1.0,19.0,15.0,6910.0,45.0,1.0,0
56.0,1.0,13.0,37.0,14373.0,55.0,2.0,0
37.0,0.0,1.0,36.0,5643.0,57.0,0.0,0
63.0,0.0,1.0,47.0,5988.0,83.0,0.0,1
25.0,6.0,5.0,45.0,8467.0,7.0,2.0,0
43.0,1.0,11.0,59.0,7138.0,56.0,0.0,0
28.0,6.0,20.0,55.0,13521.0,47.0,0.0,1
26.0,3.0,25.0,39.0,543.0,50.0,1.0,0
49.0,4.0,16.0,53.0,1955.0,42.0,0.0,0
26.0,5.0,15.0,23.0,13912.0,87.0,2.0,0
33.0,4.0,9.0,10.0,882.0,36.0,1.0,1
50.0,6.0,1.0,19.0,13182.0,50.0,1.0,1
28.0,0.0,28.0,36.0,5616.0,34.0,2.0,1
53.0,0.0,17.0,3.0,3969.0,61.0,1.0,0
52.0,5.0,14.0,19.0,5975.0,25.0,2.0,1
44.0,4.0,12.0,10.0,6079.0,48.0,0.0,1
47.4,6.0,27.0,56.0,12791.0,18.0,1.0,0
63.0,6.0,7.0,32.0,2781.0,70.0,0.0,1
28.0,2.0,21.0,42.0,11648.0,59.0,0.0,1
56.0,2.0,8.0,57.0,12170.0,66.0,0.0,0
37.0,7.0,14.0,19.0,4433.0,1.0,1.0,1
37.0,0.0,20.6,3.0,11618.0,87.0,2.0,1
43.0,3.0,28.0,58.0,5857.0,89.0,1.0,0
56.0,3.0,28.0,15.0,9989.0,77.0,0.0,1
54.0,4.0,13.0,38.0,4195.0,18.0,2.0,1
55.0,7.0,20.0,17.0,14762.0,62.0,0.0,1
24.0,5.0,25.0,45.0,14355.0,6.0,1.0,0
63.0,5.0,4.0,11.0,8771.0,49.0,0.0,0
26.0,0.0,27.0,13.0,616.0,15.0,1.0,1
64.0,3.0,4.0,52.0,13959.0,55.0,2.0,0
20.0,4.0,6.0,46.0,13594.0,95.0,2.0,0
54.0,1.0,14.0,48.0,14206.0,27.0,0.0,1
32.0,0.0,24.0,21.0,338.0,86.0,2.0,0
34.0,4.0,18.0,49.0,10360.0,90.0,0.0,0
48.0,0.0,9.0,8.0,7935.0,90.0,0.0,0
55.0,7.0,14.0,5.0,8693.0,73.0,0.0,1
51.0,6.0,16.6,22.0,4755.0,8.0,0.0,1
28.0,0.0,14.0,56.0,7136.0,97.0,0.0,1
35.0,2.0,3.0,21.0,1692.0,50.0,2.0,0
58.0,5.0,13.0,7.0,14019.0,14.0,1.0,0
20.0,3.0,4.0,29.0,7992.0,85.0,0.0,0
58.0,0.0,19.4,26.0,5501.0,7.0,1.0,0
60.0,4.0,16.0,30.8,5194.0,84.0,2.0,1
39.0,0.0,11.0,2.0,7945.0,51.0,1.0,1
38.0,0.0,18.0,24.0,2282.0,91.0,1.0,1
59.0,5.0,15.0,39.0,8668.0,43.0,0.0,1
33.0,3.0,12.0,24.0,13947.0,97.0,2.0,1
52.0,4.0,22.0,36.0,3774.0,85.0,0.0,1
44.0,2.0,27.0,21.0,10967.0,31.0,1.0,1
32.0,7.0,15.0,46.0,11040.0,26.0,0.0,0
54.0,4.0,11.0,10.0,1047.0,71.0,2.0,1
47.0,4.0,15.0,36.0,12889.0,29.0,1.0,0
60.0,1.0,18.0,41.0,2626.0,30.0,1.0,1
35.0,5.0,20.0,5.0,9963.0,8.0,1.0,0
63.0,2.0,29.0,36.0,11650.0,19.0,1.0,1
54.0,5.0,6.0,33.0,11102.0,48.0,1.0,0
60.0,2.0,15.0,38.0,13256.0,89.0,1.0,1
37.0,7.0,11.0,31.0,5569.0,38.0,2.0,0
26.0,2.0,22.0,45.0,4676.0,18.0,1.0,1
64.0,6.0,19.0,7.0,458.0,63.0,2.0,1
27.0,0.0,10.0,47.0,7776.0,36.0,0.0,0
21.0,2.0,18.0,45.0,11569.0,21.0,0.0,1
47.0,6.0,23.0,32.0,7423.0,23.0,2.0,0
24.0,2.0,19.0,23.0,11922.0,54.0,0.0,0
29.0,2.0,25.0,1.0,407.0,52.0,0.0,1
25.0,5.0,21.0,32.0,10549.0,53.0,1.0,1
19.0,1.0,15.0,38.0,10483.0,86.0,1.0,1
48.0,5.0,24.0,15.0,531.0,91.0,2.0,1
26.0,7.0,8.0,18.0,14849.0,40.0,1.0,0
50.0,3.0,8.0,21.0,5774.0,68.0,0.0,1
20.0,1.0,12.0,36.0,4724.0,33.0,2.0,1
46.0,1.0,15.2,21.0,5153.0,68.0,1.0,1
52.0,0.0,1.0,6.0,14050.0,19.0,1.0,1
44.0,7.0,15.0,55.0,4832.0,6.0,1.0,0
21.0,5.0,16.0,55.0,1032.0,67.0,0.0,0
58.0,7.0,23.0,55.0,12900.0,25.0,0.0,0
40.0,7.0,18.0,31.0,6941.0,87.0,2.0,1
20.0,7.0,23.0,25.0,2802.0,99.0,0.0,1
27.0,6.0,10.0,14.0,12858.0,43.0,2.0,1
50.0,7.0,7.0,9.0,5900.0,78.0,0.0,0
42.0,3.0,3.0,33.0,12011.0,77.0,1.0,0
54.0,0.0,21.0,55.0,10100.0,15.0,2.0,1
35.0,2.0,7.0,3.0,13720.0,33.0,0.0,1
64.0,3.0,8.0,36.0,1150.0,23.0,0.0,1
29.0,0.0,17.0,49.0,10231.0,12.0,2.0,1
19.0,5.0,23.0,39.0,1120.0,4.0,2.0,0
39.6,5.0,6.0,54.0,8701.0,39.0,2.0,0
63.0,4.0,2.0,57.0,7390.0,50.0,1.0,0
60.0,2.0,27.0,27.6,3090.0,4.0,1.0,0
29.0,5.0,24.0,15.8,12269.0,57.0,2.0,0
31.0,5.0,29.0,34.0,4657.0,87.0,0.0,0
19.0,0.0,15.0,56.0,6433.0,95.0,0.0,1
55.0,3.0,14.0,32.0,9628.0,26.0,2.0,0
20.0,3.0,23.0,12.0,14153.0,98.0,2.0,0
56.0,5.0,19.0,13.0,14307.0,54.0,2.0,1
19.0,6.0,11.0,39.0,10232.0,95.0,2.0,1
19.0,0.0,12.0,59.0,2342.0,70.0,0.0,0
44.0,2.0,14.0,13.0,593.0,96.0,2.0,0
64.0,1.0,22.0,4.0,8734.0,89.0,1.0,1
40.0,7.0,17.0,36.0,6872.0,79.0,1.0,0
19.0,5.0,8.0,50.0,2954.0,43.0,0.0,1
52.0,5.0,5.0,52.0,8109.0,45.0,0.0,0
55.0,1.0,2.0,38.0,14478.0,17.0,0.0,0
59.0,0.0,17.0,48.0,11823.0,89.0,1.0,0
43.0,3.0,9.0,42.0,12461.0,52.0,2.0,1
28.0,1.0,27.0,52.0,9833.0,36.0,1.0,0
33.0,4.0,14.8,3.0,8907.0,81.0,0.0,1
58.0,2.0,15.0,34.2,643.0,56.0,1.0,1
58.0,0.0,20.0,25.8,11628.0,62.0,0.0,1
26.0,3.0,25.0,47.0,6481.0,25.0,2.0,1
61.0,6.0,8.0,10.0,14284.0,90.0,1.0,0
64.0,2.0,17.0,34.2,11139.0,55.0,1.0,1
19.0,1.0,17.0,45.0,8327.0,28.0,0.0,1
37.0,0.0,24.0,16.0,4702.0,45.0,1.0,0
37.0,6.0,19.0,57.0,1943.0,95.0,0.0,0
63.0,1.0,25.0,32.0,10140.0,64.0,2.0,0
50.0,5.0,7.0,26.0,13404.0,39.0,0.0,0
41.0,0.0,12.0,47.0,2375.0,10.0,1.0,1
27.0,2.0,2.0,48.0,4733.0,55.0,2.0,0
23.0,3.0,18.0,49.0,5334.0,78.0,0.0,1
38.0,3.0,3.0,24.0,6299.0,65.0,1.0,0
47.0,1.0,17.0,58.0,8749.0,25.0,2.0,1
19.0,0.0,20.0,22.0,9853.0,54.0,1.0,1
50.0,2.0,22.0,48.0,2058.0,27.0,2.0,1
63.0,5.0,9.0,45.0,7455.0,46.0,1.0,1
28.0,5.0,11.0,50.0,10468.0,20.0,1.0,1
58.0,3.0,15.2,31.0,9209.0,55.0,0.0,0
34.0,0.0,23.0,54.0,1087.0,54.0,0.0,0
21.0,2.0,17.0,48.0,11286.0,40.0,2.0,0
40.0,0.0,1.0,54.0,360.0,87.0,1.0,0
48.0,3.0,24.0,26.0,11119.0,65.0,2.0,0
36.0,4.0,24.0,21.0,9916.0,8.0,0.0,0
19.0,7.0,28.0,7.0,11717.0,47.0,0.0,1
63.0,1.0,25.0,58.0,12727.0,29.0,1.0,0
59.0,7.0,7.0,39.0,5673.0,86.0,2.0,0
51.0,6.0,24.0,26.0,11792.0,40.0,2.0,0
31.0,3.0,8.0,27.0,14221.0,13.0,0.0,0
36.0,6.0,5.0,59.0,7851.0,99.0,0.0,0
31.0,7.0,14.0,34.0,11112.0,84.0,0.0,0
31.0,4.0,15.0,39.0,543.0,24.0,0.0,0
30.0,4.0,16.0,47.0,6320.0,80.0,2.0,1
62.0,1.0,11.0,49.0,6107.0,83.0,1.0,1
35.6,5.0,23.0,18.0,10421.0,28.0,2.0,1
36.0,1.0,2.0,15.0,10237.0,65.0,2.0,0
60.0,1.0,19.0,19.0,4440.0,84.0,0.0,1
45.6,3.0,28.0,54.0,12658.0,72.0,1.0,0
25.0,5.0,20.0,36.0,9670.0,30.0,1.0,1
59.0,3.0,22.0,15.0,10332.0,70.0,1.0,0
25.0,1.0,5.0,32.0,7922.0,80.0,1.0,0
20.0,1.0,7.0,49.0,7775.0,81.0,2.0,0
49.0,6.0,10.0,17.0,6916.0,59.0,0.0,1
20.0,5.0,12.0,26.0,5984.0,5.0,0.0,0
21.0,0.0,29.0,24.0,9167.0,80.0,0.0,1
29.0,3.0,4.0,20.0,8817.0,10.0,2.0,0
31.0,7.0,15.0,9.0,2551.0,71.0,2.0,1
47.0,4.0,22.0,52.0,14279.0,28.0,2.0,0
59.0,2.0,12.0,34.0,4851.0,68.0,2.0,1
36.0,0.0,2.0,33.0,13965.0,86.0,2.0,1
40.0,3.0,28.0,32.0,2880.0,56.0,2.0,1
40.0,7.0,25.0,28.0,2558.0,55.0,0.0,1
54.0,0.0,11.0,35.4,6109.0,38.0,1.0,1
55.0,3.0,8.0,13.0,7298.0,61.0,0.0,1
26.0,5.0,7.0,30.0,3316.0,63.0,0.0,0
59.0,1.0,1.0,59.0,13947.0,1.0,2.0,1
21.0,1.0,15.0,17.0,11553.0,98.0,2.0,0
39.0,7.0,10.0,34.0,9903.0,42.0,2.0,1
45.0,4.0,19.0,55.0,11929.0,51.0,2.0,1
18.0,0.0,15.0,43.0,7683.0,81.0,1.0,0
28.0,6.0,2.0,33.0,8299.0,9.0,1.0,1
38.0,7.0,20.0,3.0,14764.0,85.0,2.0,1
60.0,1.0,27.0,45.0,9808.0,17.0,1.0,0
22.0,1.0,20.0,18.0,11112.0,9.0,1.0,1
27.0,6.0,27.0,1.0,783.0,43.0,0.0,1
38.0,1.0,3.0,22.0,5949.0,27.0,2.0,0
18.0,7.0,24.0,27.0,12745.0,57.0,1.0,0
45.0,7.0,17.0,12.0,5340.0,27.0,0.0,0
36.2,0.0,16.0,11.0,5607.0,88.0,0.0,0
43.0,0.0,21.0,23.0,13301.0,69.0,0.0,0
38.0,3.0,22.0,55.0,5480.0,13.0,0.0,0
63.0,6.0,7.0,16.0,5377.0,41.0,2.0,1
63.0,1.0,3.0,53.0,11106.0,42.0,0.0,1
47.8,7.0,9.0,8.0,3762.0,75.0,2.0,0
36.4,6.0,1.0,56.0,1376.0,18.0,0.0,0
18.0,7.0,5.0,38.0,13761.0,63.0,1.0,0
21.0,3.0,20.0,44.0,7863.0,84.0,1.0,1
25.0,5.0,19.0,28.4,4244.0,99.0,0.0,0
48.0,2.0,7.0,13.0,8123.0,79.0,0.0,1
64.0,4.0,12.2,3.0,5287.0,42.0,2.0,1
26.0,2.0,24.0,13.0,2270.0,40.0,0.0,1
48.0,6.0,6.0,23.0,14615.0,42.0,0.0,0
49.0,0.0,1.0,23.0,4681.0,28.0,1.0,0
49.0,2.0,29.0,49.0,3754.0,36.0,0.0,0
45.0,7.0,27.0,17.0,6153.0,45.0,0.0,1
28.0,6.0,26.0,57.0,9392.0,99.0,1.0,1
31.0,0.0,20.0,25.0,2371.0,88.0,2.0,1
50.0,4.0,10.0,56.0,3690.0,21.0,2.0,1
35.0,1.0,3.0,43.0,10547.0,16.0,0.0,1
44.0,0.0,27.0,22.0,6987.0,14.0,0.0,1
52.0,2.0,24.0,22.8,3655.0,21.0,0.0,0
51.0,7.0,14.0,58.0,1150.0,47.0,1.0,1
19.0,1.0,20.8,58.0,8938.0,90.0,0.0,0
19.0,6.0,25.0,12.0,13153.0,71.0,0.0,0
24.0,2.0,16.0,40.0,1403.0,51.0,2.0,0
50.0,2.0,17.0,59.0,9958.0,14.0,2.0,0
18.0,3.0,4.0,37.4,2948.0,22.0,1.0,0
52.0,1.0,11.4,16.0,7498.0,38.0,2.0,0
18.0,7.0,18.0,34.0,2239.0,8.0,0.0,1
29.0,3.0,20.0,39.0,6425.0,49.0,0.0,0
46.0,5.0,21.0,21.0,3486.0,74.0,2.0,1
56.0,0.0,21.0,37.0,1449.0,32.0,2.0,1
47.0,3.0,6.0,44.0,10986.0,90.0,1.0,0
28.0,6.0,3.0,49.0,3686.0,7.0,2.0,0
21.0,1.0,14.0,27.0,5920.0,45.0,2.0,1
46.0,4.0,15.0,2.0,1073.0,14.0,2.0,1
44.8,6.0,29.0,27.0,5969.0,4.0,0.0,1
22.0,7.0,12.0,11.0,6484.0,68.0,1.0,0
31.0,1.0,18.0,26.0,12849.0,37.0,2.0,0
150.0,4.0,11.0,22.8,13751.0,65.0,2.0,1
20.0,0.0,15.0,22.0,5388.0,57.0,1.0,1
43.0,4.0,4.0,58.0,12288.0,53.0,0.0,0
27.0,4.0,24.0,49.0,10888.0,47.0,1.0,0
32.0,6.0,20.0,8.0,5168.0,39.0,1.0,0
49.0,4.0,18.0,56.0,1515.0,86.0,2.0,1
23.0,1.0,25.0,11.0,7351.0,16.0,2.0,1
47.0,2.0,23.0,18.0,11076.0,49.0,2.0,1
46.0,5.0,29.0,44.0,13467.0,18.0,0.0,0
33.0,1.0,29.0,53.0,13067.0,84.0,0.0,1
35.0,3.0,11.0,44.0,9275.0,9.0,0.0,0
33.0,3.0,12.0,14.0,12512.0,58.0,1.0,1
28.0,6.0,15.0,49.0,2780.0,23.0,1.0,0
55.0,4.0,3.0,43.0,10504.0,50.0,2.0,1
57.0,4.0,18.0,25.4,9732.0,39.0,2.0,0
62.0,4.0,29.0,55.0,6488.0,34.0,0.0,0
38.0,0.0,20.0,33.0,14661.0,14.0,0.0,1
57.0,4.0,12.0,50.0,1148.0,48.0,1.0,0
62.0,6.0,7.0,44.0,12399.0,15.0,1.0,0
38.0,1.0,23.0,8.0,2664.0,24.0,2.0,0
49.0,1.0,22.0,2.0,4635.0,5.0,2.0,1
26.0,0.0,15.8,6.0,6641.0,17.0,2.0,0
52.0,1.0,7.0,17.0,7589.0,91.0,2.0,1
48.0,7.0,14.0,12.0,5055.0,51.0,2.0,1
43.0,4.0,14.0,44.0,13768.0,2.0,0.0,1
44.0,1.0,3.0,32.8,2490.0,30.0,1.0,1
34.8,3.0,27.0,49.0,6882.0,94.0,2.0,1
31.0,1.0,15.0,53.0,12702.0,7.0,2.0,1
26.0,0.0,8.0,2.0,6450.0,83.0,2.0,1
39.0,0.0,11.0,7.0,10581.0,24.0,1.0,1
57.0,7.0,8.0,28.0,14666.0,46.0,2.0,1
54.0,6.0,8.0,31.0,2652.0,16.0,0.0,1
47.0,4.0,13.0,32.0,6558.0,3.0,0.0,1
21.0,4.0,4.0,49.0,6490.0,76.0,1.0,0
50.0,4.0,15.0,22.0,8624.0,19.0,2.0,0
23.0,0.0,16.0,26.0,10693.0,11.0,2.0,1
61.0,6.0,24.0,44.0,9920.0,75.0,0.0,0
45.0,7.0,7.0,3.0,8709.0,17.0,2.0,0
18.0,2.0,27.0,7.0,8404.0,66.0,1.0,0
45.0,6.0,17.6,17.0,2858.0,53.0,0.0,1
62.0,3.0,2.0,15.6,10651.0,55.0,0.0,1
47.0,2.0,7.0,9.0,2666.0,37.0,0.0,1
25.0,5.0,14.0,6.0,4545.0,83.0,2.0,0
42.0,4.0,12.0,13.0,14912.0,62.0,1.0,0
57.0,4.0,29.0,32.0,14683.0,27.0,2.0,0
50.0,3.0,19.0,12.0,8432.0,76.0,2.0,1
34.0,0.0,16.0,26.0,5646.0,63.0,1.0,0
51.0,1.0,23.0,24.0,3721.0,57.0,0.0,0
64.0,0.0,29.0,49.0,13937.0,70.0,0.0,1
26.0,2.0,11.0,31.0,10211.0,60.0,0.0,1
32.0,1.0,5.0,50.0,3464.0,13.0,1.0,1
45.0,6.0,1.0,19.0,14597.0,76.0,2.0,1
64.0,3.0,5.0,46.0,2207.0,41.0,1.0,0
35.0,5.0,26.0,37.0,11019.0,18.0,0.0,0
21.0,6.0,24.0,15.0,7218.0,14.0,0.0,0
36.0,0.0,6.0,56.0,1019.0,98.0,0.0,0
56.0,3.0,7.0,14.0,14613.0,8.0,1.0,1
50.0,0.0,26.0,9.0,14546.0,35.0,2.0,1
53.0,2.0,2.0,53.0,1349.0,87.0,1.0,0
57.0,2.0,18.4,24.0,11419.0,68.0,2.0,1
37.0,2.0,24.0,2.0,13120.0,11.0,0.0,0
54.0,3.0,14.0,53.0,13266.0,56.0,1.0,0
61.0,7.0,10.0,23.0,14738.0,23.0,1.0,0
34.0,7.0,12.0,29.0,10414.0,86.0,2.0,1
38.0,0.0,11.0,12.0,2885.0,25.0,1.0,1
64.0,0.0,22.0,45.0,5615.0,55.0,2.0,0
52.0,4.0,11.0,12.0,10619.0,29.0,2.0,1
22.0,3.0,3.0,51.0,722.0,99.0,1.0,0
63.0,7.0,11.0,37.0,9884.0,77.0,0.0,1
55.0,6.0,19.0,48.0,9622.0,9.0,1.0,1
63.0,3.0,13.0,32.6,11321.0,95.0,0.0,1
29.0,3.0,9.0,32.0,5016.0,15.0,2.0,1
34.0,2.0,2.0,7.0,11573.0,59.0,2.0,0
61.0,1.0,16.0,41.0,5776.0,81.0,1.0,0
51.0,6.0,8.0,54.0,1502.0,39.0,1.0,1
50.0,2.0,5.0,48.0,330.0,33.0,2.0,1
57.0,5.0,19.0,57.0,6435.0,87.0,1.0,0
63.0,4.0,20.0,5.0,4854.0,74.0,2.0,0
37.0,5.0,28.0,10.0,4726.0,53.0,0.0,0
27.0,3.0,28.0,47.0,6113.0,68.0,0.0,1
25.0,5.0,13.0,33.0,6764.0,44.0,0.0,0
39.0,2.0,13.0,12.0,8396.0,29.0,0.0,0
51.0,2.0,19.0,27.0,8666.0,97.0,1.0,1
45.8,2.0,20.0,26.0,8164.0,32.0,2.0,1
56.0,5.0,14.0,23.0,1098.0,12.0,1.0,0
42.0,0.0,15.0,5.0,1572.0,4.0,2.0,1
52.0,7.0,6.0,3.0,8564.0,84.0,2.0,1
59.0,0.0,3.0,45.0,8341.0,82.0,2.0,0
39.0,1.0,5.0,34.0,12654.0,31.0,1.0,0
44.0,7.0,22.0,49.0,4405.0,80.0,1.0,0
63.0,6.0,23.0,19.0,14281.0,22.0,0.0,0
58.0,5.0,15.0,46.0,14797.0,30.0,2.0,0
61.0,5.0,10.0,43.0,10048.0,94.0,2.0,0
41.0,1.0,10.0,14.0,12305.0,39.0,1.0,1
20.0,4.0,1.0,46.0,6571.0,1.0,0.0,0
33.0,4.0,21.0,35.0,12250.0,29.0,1.0,0
51.0,0.0,1.0,20.0,12786.0,78.0,0.0,1
48.0,0.0,22.0,34.0,5669.0,55.0,2.0,1
61.0,6.0,27.0,22.0,548.0,8.0,1.0,0
48.0,5.0,2.0,33.0,8409.0,34.0,2.0,0
63.0,5.0,19.0,9.0,7985.0,60.0,2.0,0
37.0,2.0,11.0,3.0,12505.0,15.0,2.0,0
42.0,6.0,19.0,26.0,5374.0,40.0,1.0,0
50.0,0.0,23.0,56.0,11499.0,68.0,0.0,1
39.0,6.0,2.0,10.0,10806.0,92.0,0.0,1
49.0,2.0,23.0,18.4,4899.0,19.0,2.0,0
41.8,1.0,11.0,10.0,4717.0,71.0,0.0,1
35.0,3.0,5.0,21.0,582.0,72.0,1.0,0
40.0,0.0,2.0,22.0,1661.0,16.0,1.0,1
55.0,5.0,11.0,37.0,3103.0,9.0,1.0,0
22.0,3.0,8.0,6.0,3683.0,30.0,2.0,1
34.0,6.0,8.0,20.0,905.0,41.0,0.0,1
47.0,3.0,17.0,3.0,13802.0,86.0,1.0,1
33.0,4.0,27.0,33.0,8695.0,93.0,1.0,0
27.0,5.0,2.0,6.0,1799.0,4.0,2.0,0
41.0,0.0,3.0,16.6,13028.0,39.0,2.0,0
42.0,1.0,19.0,32.4,5632.0,64.0,0.0,1
50.0,0.0,9.0,29.0,8514.0,30.0,2.0,0
54.0,3.0,15.0,6.0,12223.0,93.0,2.0,1
40.0,3.0,23.0,7.0,12250.0,19.0,2.0,0
52.0,2.0,4.0,35.0,2962.0,50.0,2.0,1
32.0,4.0,9.0,2.0,5681.0,90.0,1.0,1
59.0,6.0,5.0,55.0,1023.0,83.0,1.0,1
20.0,0.0,2.0,35.0,3669.0,3.0,1.0,1
29.0,5.0,9.0,4.0,6884.0,84.0,0.0,1
39.0,6.0,25.0,38.0,4659.0,63.0,0.0,1
26.0,7.0,22.0,59.0,7898.0,81.0,2.0,0
40.0,0.0,13.0,13.0,14011.0,21.0,0.0,1
20.0,4.0,8.0,47.0,14989.0,42.0,2.0,0
37.4,6.0,6.0,23.0,5889.0,8.0,0.0,1
35.0,0.0,16.0,45.0,2207.0,19.0,2.0,0
41.0,5.0,24.0,20.0,3243.0,13.0,1.0,0
47.0,7.0,11.0,25.0,5439.0,21.0,0.0,1
22.0,5.0,10.0,47.0,6033.0,39.0,1.0,1
32.0,1.0,6.0,33.0,14834.0,56.0,1.0,0
57.0,5.0,27.0,39.2,2653.0,55.0,2.0,1
28.0,3.0,24.0,20.0,7047.0,36.0,2.0,1
61.0,6.0,28.0,5.0,6635.0,67.0,0.0,1
38.0,7.0,25.0,53.0,14184.0,93.0,2.0,0
53.0,5.0,21.0,13.0,10083.0,65.0,1.0,0
59.0,2.0,14.0,18.0,8127.0,34.0,1.0,1
53.0,0.0,25.0,8.0,12757.0,78.0,0.0,0
55.0,4.0,28.0,58.0,6667.0,14.0,1.0,0
32.0,1.0,25.0,45.0,433.0,64.0,0.0,0
23.0,7.0,16.0,13.0,9744.0,47.0,2.0,1
48.0,5.0,25.0,38.0,7791.0,39.0,2.0,0
32.0,7.0,19.8,8.0,4916.0,54.0,2.0,1
53.0,6.0,18.4,7.0,9835.0,13.0,2.0,1
63.0,4.0,7.0,10.0,12812.0,26.0,0.0,1
23.0,4.0,6.0,1.0,12537.0,32.0,1.0,1
58.0,6.0,27.0,34.0,4082.0,47.0,2.0,1
27.0,4.0,16.0,1.0,12734.0,74.0,0.0,0
21.0,7.0,26.0,35.0,4520.0,35.0,1.0,0
54.0,6.0,18.2,3.0,521.0,41.0,1.0,1
20.0,0.0,19.0,16.0,14957.0,64.0,0.0,0
59.0,0.0,13.0,23.0,2240.0,95.0,0.0,0
56.0,5.0,17.0,33.0,468.0,48.0,0.0,0
60.0,3.0,15.0,51.0,14764.0,80.0,0.0,1
48.0,0.0,26.0,19.0,11909.0,18.0,2.0,0
49.0,0.0,24.0,23.0,4408.0,92.0,0.0,0
50.0,5.0,15.0,8.0,6851.0,57.0,0.0,1
29.0,3.0,27.0,17.2,13231.0,45.0,1.0,1
49.0,5.0,4.0,49.0,11106.0,37.0,2.0,1
50.0,5.0,17.0,1.0,2912.0,41.0,1.0,0
59.0,7.0,28.0,46.0,3010.0,88.0,1.0,0
23.0,1.0,17.0,40.0,1184.0,21.0,0.0,0
62.0,5.0,19.0,42.0,7049.0,88.0,1.0,0
36.0,0.0,14.0,47.0,6434.0,60.0,1.0,1
23.0,3.0,17.8,48.0,999999.0,26.0,2.0,0
33.0,1.0,20.0,41.0,14037.0,12.0,1.0,0
61.0,4.0,5.0,52.0,7927.0,57.0,1.0,1
37.0,2.0,4.0,4.0,2336.0,40.0,2.0,0
58.0,0.0,19.0,56.0,297.0,41.0,2.0,1
18.0,1.0,19.0,59.0,11930.0,10.0,1.0,1
50.0,3.0,25.0,25.0,12559.0,88.0,0.0,0
55.0,3.0,22.0,3.0,7496.0,83.0,0.0,0
32.0,6.0,16.0,37.0,3453.0,74.0,1.0,1
32.0,1.0,24.0,46.0,12458.0,35.0,0.0,0
57.0,4.0,16.0,33.0,14448.0,23.0,2.0,0
47.0,6.0,29.0,59.0,14855.0,80.0,2.0,1
25.0,3.0,15.0,35.0,13640.0,80.0,1.0,1
55.0,6.0,26.0,47.0,4439.0,8.0,2.0,0
33.0,3.0,21.0,33.0,2148.0,60.0,1.0,1
32.0,2.0,12.0,57.0,2201.0,48.0,1.0,0
52.0,3.0,10.0,41.0,1932.0,55.0,1.0,1
31.0,2.0,28.0,19.0,11893.0,43.0,0.0,1
47.0,5.0,9.0,31.6,2425.0,34.0,0.0,1
31.0,4.0,28.0,47.0,8943.0,31.0,2.0,1
49.0,7.0,19.0,25.0,10122.0,73.0,1.0,1
29.0,2.0,18.0,37.0,8900.0,67.0,2.0,1
32.0,1.0,26.0,55.0,10129.0,58.0,0.0,0
19.0,0.0,15.0,57.0,4693.0,38.0,2.0,0
53.0,3.0,14.0,35.0,6791.0,69.0,0.0,1
21.0,3.0,21.0,49.0,4250.0,45.0,2.0,1
22.0,6.0,20.0,15.0,4938.0,97.0,2.0,0
34.0,5.0,1.0,39.0,6943.0,79.0,1.0,1
31.0,5.0,25.0,21.0,7125.0,37.0,0.0,0
39.0,4.0,3.0,12.0,4965.0,36.0,0.0,1
48.0,0.0,14.0,5.0,3134.0,81.0,1.0,1
38.8,5.0,12.0,10.0,13344.0,37.0,1.0,1
43.4,1.0,25.0,25.0,6365.0,2.0,0.0,0
21.0,7.0,2.0,56.0,3007.0,8.0,1.0,0
28.0,7.0,14.0,38.0,13117.0,43.0,1.0,1
37.0,4.0,11.0,28.0,14113.0,35.0,1.0,1
52.0,2.0,11.0,16.0,6125.0,24.0,0.0,1
52.0,1.0,4.0,43.0,13521.0,27.0,0.0,1
22.0,4.0,3.0,39.0,13304.0,38.0,1.0,1
37.0,4.0,19.0,41.0,7201.0,57.0,1.0,0
27.0,5.0,3.0,2.0,1866.0,33.0,1.0,1
26.0,7.0,16.0,23.6,7352.0,28.0,2.0,1
58.0,6.0,6.0,32.0,6627.0,59.0,1.0,1
27.0,0.0,27.0,6.0,9588.0,4.0,0.0,1
43.6,5.0,17.0,36.0,7669.0,67.0,1.0,1
32.0,7.0,1.0,44.0,10201.0,1.0,2.0,1
53.4,1.0,1.0,42.0,13365.0,16.0,1.0,1
53.0,4.0,5.0,12.0,11853.0,56.0,2.0,0
59.0,4.0,13.0,58.0,4471.0,59.0,0.0,0
50.0,6.0,1.0,40.0,6178.0,36.0,1.0,1
30.2,4.0,7.0,13.0,3297.0,66.0,1.0,0
41.2,2.0,14.0,39.0,11184.0,49.0,2.0,0
21.0,5.0,20.0,45.0,13081.0,84.0,1.0,0
54.0,5.0,3.0,28.0,13715.0,36.0,0.0,0
62.0,5.0,28.0,2.0,12644.0,10.0,2.0,0
25.0,5.0,18.0,16.0,9264.0,92.0,2.0,0
26.0,7.0,18.0,2.0,10769.0,34.0,2.0,1
27.0,5.0,3.0,55.0,5534.0,4.0,2.0,1
40.0,3.0,16.0,41.0,961.0,1.0,0.0,0
26.0,0.0,24.0,3.0,13392.0,23.0,0.0,0
48.0,7.0,8.0,8.0,858.0,30.0,2.0,1
23.0,3.0,7.0,14.0,2517.0,72.0,1.0,1
24.0,2.0,16.0,4.0,1880.0,50.0,1.0,1
30.0,4.0,4.0,35.0,6351.0,5.0,0.0,0
60.0,1.0,14.0,41.0,7663.0,66.0,1.0,0
32.0,1.0,16.0,51.0,14065.0,75.0,2.0,0
37.0,6.0,7.0,11.0,4546.0,92.0,2.0,1
51.0,6.0,6.0,21.0,13516.0,20.0,0.0,1
45.0,0.0,3.0,16.0,642.0,52.0,0.0,0
24.0,6.0,22.0,52.0,14330.0,91.0,0.0,1
36.0,7.0,19.0,58.0,9898.0,88.0,0.0,0
48.0,3.0,12.0,42.0,965.0,56.0,2.0,1
58.0,3.0,6.8,22.0,5089.0,76.0,1.0,1
62.0,7.0,16.0,45.0,14846.0,32.0,2.0,0
37.0,3.0,29.0,32.0,826.0,55.0,1.0,0
32.0,0.0,24.0,53.0,415.0,58.0,1.0,1
61.0,2.0,1.0,20.0,4409.0,28.0,2.0,0
22.0,7.0,8.0,37.8,6312.0,1.0,2.0,0
34.0,0.0,23.0,29.0,2297.0,31.0,1.0,0
36.0,4.0,23.0,59.0,14680.0,44.0,1.0,0
24.0,6.0,28.0,29.2,3654.0,73.0,2.0,1
26.0,6.0,2.0,39.0,3858.0,25.0,0.0,0
24.0,2.0,19.0,41.0,4377.0,52.0,2.0,0
41.0,1.0,6.0,17.0,5569.0,81.0,0.0,1
41.0,1.0,4.0,47.0,9758.0,96.0,2.0,0
20.0,1.0,24.0,58.0,4228.0,14.0,1.0,1
21.0,1.0,21.0,23.0,12728.0,94.0,2.0,0
25.0,2.0,16.0,7.0,12743.0,13.0,1.0,0
55.0,7.0,2.0,51.0,812.0,33.0,1.0,1
37.0,3.0,13.0,39.0,9555.0,98.0,0.0,0
63.0,2.0,14.0,16.0,2120.0,49.0,2.0,0
62.0,1.0,14.0,49.0,10952.0,16.0,0.0,0
28.0,7.0,17.4,28.0,10243.0,64.0,2.0,0
64.0,5.0,7.0,48.0,9975.0,59.0,1.0,1
61.0,0.0,9.0,44.0,1838.0,82.0,0.0,1
33.0,0.0,1.0,37.0,14886.0,71.0,0.0,0
24.0,7.0,7.0,27.0,8302.0,91.0,2.0,0
29.0,4.0,10.0,17.0,9386.0,66.0,2.0,1
35.0,2.0,23.0,47.0,12523.0,72.0,1.0,1
34.6,4.0,1.0,48.0,11527.0,32.0,2.0,1
50.0,6.0,22.0,21.0,7764.0,40.0,1.0,1
34.0,5.0,3.0,9.0,9764.0,62.0,1.0,1
58.0,3.0,21.0,39.0,6019.0,69.0,1.0,0
61.0,3.0,20.0,57.0,5155.0,78.0,1.0,0
42.0,6.0,16.0,24.0,8679.0,75.0,2.0,0
35.0,2.0,22.0,29.0,4619.0,65.0,2.0,1
61.0,7.0,7.0,53.0,617.0,78.0,0.0,0
22.0,6.0,11.2,36.0,5894.0,17.0,0.0,0
54.0,4.0,17.0,46.0,12076.0,73.0,0.0,0
35.4,7.0,2.0,2.0,6907.0,6.0,0.0,0
34.0,1.0,21.0,27.0,9156.0,66.0,0.0,1
60.0,1.0,1.0,40.6,10131.0,78.0,1.0,1
46.0,2.0,17.0,9.0,7758.0,21.0,0.0,0
64.0,7.0,27.0,24.0,9577.0,51.0,1.0,1
27.0,5.0,10.0,15.0,1387.0,19.0,0.0,1
58.0,0.0,29.0,52.0,9643.0,70.0,0.0,0
62.0,6.0,13.0,28.8,268.0,99.0,2.0,0
61.0,2.0,11.0,48.0,3663.0,63.0,2.0,0
37.0,1.0,6.0,30.0,1983.0,27.0,2.0,0
29.0,4.0,1.0,26.0,4316.0,55.0,1.0,1
55.0,6.0,18.0,23.0,14481.0,70.0,1.0,1
30.0,1.0,21.0,23.0,8134.0,17.0,1.0,1
36.0,4.0,3.0,31.0,5442.0,92.0,0.0,0
64.0,5.0,8.0,43.0,10555.0,52.0,1.0,0
45.0,4.0,27.0,43.0,7687.0,75.0,2.0,1
28.0,3.0,14.0,39.0,7874.0,18.0,0.0,0
52.0,2.0,17.0,58.0,1402.0,6.0,2.0,1
53.0,7.0,20.0,22.0,13372.0,9.0,0.0,0
32.0,4.0,20.0,14.0,2677.0,67.0,2.0,1
40.0,3.0,3.0,18.0,12883.0,50.0,2.0,0
50.0,1.0,8.0,37.4,14544.0,86.0,2.0,0
57.0,1.0,23.0,48.0,4372.0,10.0,0.0,0
41.0,6.0,18.0,9.0,4436.0,72.0,1.0,1
28.0,7.0,19.0,12.0,5970.0,45.0,2.0,1
61.0,6.0,14.0,45.0,9101.0,58.0,0.0,0
33.0,0.0,20.0,18.0,12651.0,43.0,0.0,0
37.0,0.0,29.0,43.0,6696.0,99.0,0.0,1
51.0,1.0,14.0,32.0,1088.0,5.0,2.0,0
43.2,4.0,1.0,41.0,13594.0,35.0,1.0,0
61.0,2.0,4.0,34.0,8928.0,32.0,1.0,1
61.0,2.0,17.0,2.0,745.0,68.0,1.0,1
19.0,0.0,18.0,35.0,7976.0,14.0,1.0,1
31.0,6.0,8.6,39.0,4834.0,92.0,0.0,1
61.0,4.0,12.0,47.0,4804.0,66.0,1.0,1
20.0,3.0,1.0,57.0,10396.0,98.0,0.0,0
25.0,5.0,24.0,34.0,5472.0,37.0,1.0,0
43.0,0.0,26.0,22.0,14115.0,29.0,0.0,1
20.0,1.0,27.0,57.0,10808.0,12.0,2.0,0
31.0,5.0,21.0,30.0,10264.0,30.0,2.0,1
37.0,4.0,9.0,54.0,14516.0,7.0,1.0,0
46.0,3.0,19.0,41.0,6639.0,58.0,1.0,1
51.0,2.0,20.0,13.0,13634.0,59.0,0.0,0
53.0,2.0,21.0,40.0,10016.0,37.0,2.0,1
45.0,5.0,27.0,15.0,11754.0,59.0,0.0,0
61.0,2.0,20.0,11.0,14573.0,13.0,0.0,1
61.0,3.0,19.0,34.0,2795.0,43.0,2.0,1
46.0,7.0,26.0,53.0,8468.0,81.0,1.0,0
26.0,4.0,17.0,36.8,13524.0,82.0,0.0,1
36.2,2.0,1.0,59.0,12524.0,77.0,0.0,1
40.0,7.0,26.0,49.0,9727.0,87.0,0.0,1
32.0,6.0,22.0,34.0,4816.0,22.0,2.0,1
44.0,1.0,26.0,16.0,10684.0,34.0,1.0,0
18.0,3.0,2.0,53.0,7382.0,85.0,0.0,1
27.0,1.0,17.0,51.0,13373.0,57.0,1.0,1
36.0,4.0,6.0,56.0,2375.0,17.0,1.0,0
45.0,4.0,8.0,33.0,9151.0,25.0,0.0,1
27.0,5.0,21.0,30.0,8063.0,56.0,0.0,0
20.0,7.0,22.0,8.0,13568.0,34.0,1.0,1
22.0,7.0,16.0,39.0,14317.0,97.0,1.0,0
21.0,3.0,26.0,13.0,7444.0,95.0,1.0,1
49.0,5.0,20.0,58.0,14503.0,71.0,2.0,1
31.0,0.0,1.0,16.8,9378.0,79.0,0.0,1
28.0,5.0,6.0,24.0,11774.0,39.0,2.0,0
52.0,1.0,20.0,45.0,9407.0,45.0,1.0,1
32.0,6.0,7.0,26.0,12132.0,95.0,2.0,0
39.0,4.0,4.0,53.0,5589.0,22.0,0.0,1
55.0,0.0,12.0,3.0,4958.0,56.0,1.0,1
48.0,6.0,13.8,44.0,333.0,54.0,1.0,0
18.0,3.0,29.0,45.0,1847.0,71.0,2.0,0
55.0,1.0,25.0,41.0,3400.0,72.0,1.0,0
52.0,1.0,24.0,13.0,9407.0,30.0,0.0,0
52.0,0.0,9.0,28.8,12830.0,46.0,2.0,0
25.0,4.0,19.0,6.0,10862.0,96.0,1.0,0
25.0,2.0,4.0,41.0,7174.0,21.0,2.0,0
61.0,6.0,10.0,24.0,7696.0,93.0,0.0,0
18.0,3.0,8.0,19.0,11794.0,2.0,0.0,0
32.0,3.0,13.0,31.0,13868.0,9.0,0.0,0
59.0,6.0,15.0,58.0,8944.0,46.0,0.0,1
38.0,2.0,4.0,45.0,13737.0,53.0,0.0,0
38.0,1.0,24.0,3.0,11460.0,59.0,1.0,0
57.0,6.0,23.0,36.0,5089.0,10.0,2.0,0
19.0,5.0,13.0,41.0,5655.0,10.0,1.0,0
41.0,3.0,2.0,38.0,3184.0,41.0,1.0,0
51.0,2.0,15.0,41.0,6612.0,73.0,1.0,0
60.0,5.0,26.0,16.0,10143.0,16.0,0.0,0
42.0,2.0,16.0,38.0,3009.0,64.0,0.0,0
31.0,5.0,27.0,19.0,9828.0,28.0,2.0,0
55.0,1.0,28.0,45.0,3744.0,82.0,1.0,1
50.0,2.0,15.4,1.0,6615.0,81.0,1.0,0
45.4,4.0,4.0,24.0,12251.0,27.0,0.0,1
26.0,2.0,1.0,47.0,7239.0,63.0,2.0,0
42.0,3.0,1.0,55.0,10728.0,32.0,0.0,0
60.0,5.0,13.0,54.0,5496.0,74.0,2.0,0
28.0,4.0,4.0,54.0,4008.0,76.0,1.0,0
43.0,6.0,5.0,35.0,5412.0,88.0,1.0,1
32.0,1.0,26.0,24.0,10612.0,91.0,2.0,0
26.0,7.0,2.0,59.0,6464.0,40.0,1.0,1
38.0,2.0,4.0,54.0,6880.0,15.0,1.0,0
53.0,4.0,28.0,55.0,8794.0,97.0,1.0,1
27.0,0.0,22.0,15.0,8600.0,56.0,2.0,1
34.0,0.0,26.0,12.0,12749.0,33.0,2.0,0
56.0,2.0,1.0,26.0,3312.0,6.0,2.0,1
18.0,7.0,27.0,44.0,13921.0,52.0,1.0,1
40.0,1.0,8.0,4.0,12870.0,91.0,2.0,1
36.0,5.0,13.0,48.0,2669.0,53.0,0.0,0
53.0,3.0,20.0,36.6,8267.0,57.0,1.0,1
21.0,5.0,3.0,49.0,11045.0,56.0,1.0,0
21.0,0.0,10.0,54.0,4429.0,3.0,1.0,1
34.0,0.0,11.0,2.0,12382.0,93.0,1.0,0
29.0,4.0,23.6,51.0,14094.0,55.0,0.0,1
60.0,7.0,6.0,33.0,3554.0,17.0,1.0,1
58.0,3.0,26.0,51.0,2058.0,55.0,1.0,1
48.0,7.0,28.0,15.0,10368.0,5.0,0.0,1
61.0,4.0,28.0,11.0,3277.0,66.0,0.0,0
29.0,3.0,18.0,32.0,6602.0,39.0,1.0,0
21.0,1.0,9.0,8.0,8182.0,55.0,2.0,0
48.0,0.0,10.0,1.0,14170.0,93.0,2.0,1
55.0,4.0,16.0,41.0,805.0,81.0,1.0,0
19.0,0.0,28.0,55.0,14901.0,33.0,0.0,0
34.0,1.0,4.0,9.0,10046.0,95.0,2.0,1
25.0,7.0,21.0,22.0,5321.0,38.0,2.0,0
41.0,3.0,11.0,36.0,10388.0,12.0,2.0,1
40.0,5.0,25.0,25.0,14654.0,90.0,0.0,0
22.0,7.0,7.0,19.0,10038.0,47.0,0.0,0
33.0,4.0,21.0,47.0,8733.0,50.0,1.0,0
47.0,0.0,22.0,28.0,6531.0,67.0,1.0,0
28.0,2.0,20.0,6.0,11626.0,78.0,0.0,1
54.0,1.0,3.0,25.0,3272.0,12.0,1.0,1
59.0,4.0,10.0,34.0,2313.0,60.0,2.0,1
58.0,7.0,7.0,2.0,4827.0,84.0,1.0,0
20.0,7.0,19.0,35.0,6982.0,51.0,1.0,0
37.0,6.0,29.0,13.0,11854.0,80.0,0.0,1
52.0,4.0,3.0,52.0,4153.0,26.0,2.0,0
62.0,7.0,28.0,34.0,6636.0,3.0,1.0,0
21.0,6.0,13.0,46.0,6010.0,37.0,1.0,1
28.0,2.0,12.6,29.0,4352.0,80.0,1.0,0
34.0,6.0,12.0,2.0,9589.0,78.0,0.0,0
39.0,4.0,16.0,55.0,9404.0,66.0,0.0,0
48.0,5.0,12.0,2.0,1323.0,75.0,0.0,0
55.0,0.0,18.0,13.0,10259.0,75.0,0.0,0
32.0,4.0,28.0,1.0,2907.0,50.0,1.0,0
28.0,0.0,29.0,24.0,8474.0,82.0,0.0,0
26.0,5.0,29.0,8.0,13800.0,28.0,2.0,0
64.0,2.0,10.0,51.0,9010.0,45.0,1.0,0
50.0,6.0,1.0,18.0,8368.0,14.0,0.0,0
47.0,7.0,28.0,18.0,13853.0,75.0,0.0,0
50.0,6.0,24.0,25.0,1432.0,74.0,2.0,1
59.0,2.0,1.0,57.0,5517.0,53.0,2.0,0
59.0,2.0,19.0,28.0,995.0,15.0,2.0,1
27.0,6.0,6.0,43.0,3492.0,21.0,0.0,0
57.0,0.0,29.0,48.0,12601.0,15.0,1.0,1
22.0,3.0,4.0,7.0,7820.0,29.0,1.0,0
28.0,3.0,4.0,8.0,3335.0,88.0,1.0,0
56.0,0.0,19.0,5.0,1459.0,26.0,1.0,0
39.0,1.0,26.0,44.0,9972.0,96.0,0.0,0
31.0,6.0,4.0,22.8,5533.0,10.0,0.0,1
63.0,0.0,17.0,41.0,1695.0,84.0,0.0,0
28.0,4.0,5.0,36.0,13059.0,51.0,0.0,1
58.0,4.0,20.0,40.0,3953.0,62.0,0.0,1
37.0,4.0,14.0,14.0,3078.0,51.0,1.0,1
62.0,2.0,6.6,28.0,13170.0,80.0,2.0,0
60.0,4.0,14.0,26.0,12825.0,11.0,2.0,0
61.0,1.0,5.0,23.0,2991.0,92.0,1.0,1
53.0,3.0,13.0,59.0,6130.0,98.0,1.0,0
45.0,4.0,29.0,34.0,2058.0,98.0,1.0,0
61.0,4.0,6.0,37.0,13334.0,35.0,0.0,0
42.0,7.0,13.8,8.0,14802.0,82.0,1.0,0
60.0,7.0,1.0,58.0,5225.0,7.0,2.0,0
39.0,3.0,4.0,34.0,1133.0,17.0,0.0,0
57.0,4.0,25.0,5.0,3748.0,33.0,0.0,0
42.0,1.0,5.0,2.0,1700.0,16.0,1.0,1
36.0,7.0,6.0,34.0,12314.0,32.0,2.0,1
54.0,0.0,19.0,7.0,999999.0,40.0,0.0,0
48.0,2.0,8.0,44.0,5492.0,90.0,2.0,0
47.0,5.0,4.0,34.0,10084.0,86.0,1.0,0
26.0,7.0,10.0,37.0,8807.0,96.0,0.0,1
42.0,7.0,20.0,9.0,4191.0,62.0,0.0,0
49.0,5.0,21.0,26.0,6719.0,76.0,1.0,1
22.0,2.0,8.0,49.0,10554.0,51.0,0.0,1
32.0,5.0,20.0,22.0,10493.0,47.0,0.0,1
59.0,4.0,23.0,44.0,7101.0,43.0,1.0,1
24.0,3.0,23.0,22.0,13193.0,10.0,2.0,0
41.0,1.0,27.0,59.0,658.0,18.0,2.0,0
36.0,0.0,3.0,34.0,10084.0,58.0,0.0,1
42.4,7.0,1.0,10.0,8438.0,71.0,2.0,0
30.0,3.0,4.0,47.0,6981.0,76.0,0.0,1
23.0,4.0,9.0,33.0,9365.0,48.0,0.0,1
40.0,3.0,7.0,34.8,3039.0,95.0,0.0,0
54.0,7.0,1.0,31.0,12172.0,2.0,1.0,1
60.0,2.0,16.0,54.0,533.0,71.0,1.0,0
40.4,5.0,6.0,1.0,11992.0,19.0,1.0,0
30.0,6.0,1.0,43.0,11068.0,50.0,1.0,1
36.0,0.0,17.0,38.0,3738.0,65.0,1.0,1
54.0,4.0,21.6,40.0,8063.0,25.0,2.0,1
33.0,7.0,11.2,7.0,6532.0,31.0,2.0,1
24.0,6.0,1.0,36.0,8615.0,83.0,0.0,1
34.0,3.0,21.0,6.0,5783.0,50.0,0.0,1
44.0,3.0,11.0,53.0,11183.0,72.0,2.0,1
57.0,2.0,4.0,14.0,3671.0,98.0,1.0,1
59.0,5.0,25.0,50.0,2922.0,4.0,2.0,1
56.0,2.0,11.0,55.0,9985.0,34.0,0.0,0
29.0,3.0,7.0,46.0,11403.0,12.0,1.0,0
35.0,6.0,24.0,35.0,12391.0,49.0,1.0,1
44.0,3.0,9.0,58.0,8580.0,34.0,1.0,0
42.0,6.0,20.0,19.0,2302.0,87.0,1.0,1
21.0,0.0,20.0,1.0,7418.0,73.0,1.0,0
63.0,3.0,13.0,50.0,14641.0,93.0,0.0,0
43.0,6.0,18.0,59.0,6206.0,86.0,1.0,1
20.0,4.0,14.8,5.0,4447.0,98.0,2.0,0
33.0,1.0,15.0,59.0,13427.0,64.0,0.0,1
48.0,7.0,8.0,36.0,6085.0,29.0,0.0,1
36.8,0.0,27.0,29.0,12632.0,72.0,1.0,1
41.0,1.0,15.0,25.0,11081.0,25.0,0.0,1
41.0,3.0,1.0,12.0,7930.0,46.0,1.0,1
39.0,7.0,4.0,5.0,11623.0,45.0,0.0,0
28.0,7.0,10.0,14.0,6538.0,60.0,2.0,1
26.0,5.0,14.0,24.0,4964.0,53.0,0.0,1
46.0,3.0,8.0,22.0,14960.0,32.0,2.0,1
64.0,1.0,1.0,44.0,3487.0,26.0,2.0,1
51.0,7.0,18.0,8.0,2960.0,44.0,0.0,0
35.0,6.0,2.0,3.0,4784.0,16.0,0.0,0
49.0,0.0,16.0,32.0,5894.0,90.0,0.0,1
57.0,4.0,3.0,51.0,7105.0,86.0,1.0,0
62.0,7.0,15.0,7.0,11495.0,10.0,1.0,0
51.0,1.0,17.0,3.0,14188.0,40.0,0.0,0
41.6,5.0,7.0,38.0,12619.0,85.0,2.0,0
37.0,4.0,28.0,30.0,13829.0,7.0,1.0,0
52.0,7.0,25.0,26.0,12230.0,79.0,1.0,0
24.0,2.0,1.0,20.0,12332.0,40.0,1.0,0
42.0,3.0,9.0,11.0,10500.0,96.0,0.0,1
55.0,1.0,8.0,13.0,4092.0,5.0,1.0,0
45.0,5.0,15.0,32.0,4825.0,50.0,2.0,0
48.2,6.0,20.0,26.0,3176.0,25.0,0.0,0
46.0,7.0,17.0,32.0,6134.0,43.0,1.0,1
49.0,5.0,11.0,43.0,12669.0,36.0,0.0,1
40.0,1.0,23.0,7.0,6667.0,71.0,1.0,1
56.0,4.0,3.0,24.0,12159.0,53.0,1.0,1
35.0,6.0,17.0,45.0,10741.0,6.0,0.0,0
45.0,2.0,18.0,42.0,11769.0,23.0,1.0,0
47.0,3.0,28.0,25.0,7388.0,91.0,2.0,0
45.8,5.0,5.0,50.0,13010.0,85.0,0.0,1
36.0,5.0,13.0,51.0,11617.0,18.0,1.0,0
30.0,1.0,28.0,13.0,2927.0,84.0,1.0,1
57.0,3.0,5.0,43.0,10685.0,59.0,1.0,1
53.0,0.0,22.0,12.0,9725.0,5.0,2.0,0
18.0,1.0,26.0,50.0,2923.0,42.0,0.0,0
37.0,2.0,15.6,48.0,10135.0,59.0,0.0,1
25.0,7.0,23.0,50.0,4548.0,24.0,1.0,0
62.0,6.0,23.0,24.0,14095.0,41.0,1.0,0
49.0,2.0,1.0,56.0,12698.0,62.0,0.0,1
39.6,0.0,12.0,3.0,13872.0,89.0,2.0,1
36.0,3.0,4.0,10.0,14433.0,41.0,0.0,1
55.0,5.0,12.0,27.0,6011.0,1.0,0.0,0
46.0,4.0,18.0,6.0,13007.0,48.0,0.0,1
43.0,4.0,14.0,21.0,14011.0,52.0,1.0,1
38.0,0.0,17.0,53.0,623.0,35.0,2.0,0
59.0,1.0,18.0,4.0,12050.0,50.0,0.0,0
43.0,1.0,8.0,29.0,4643.0,83.0,2.0,0
25.0,3.0,19.0,3.0,5551.0,60.0,1.0,0
45.0,6.0,23.0,21.0,2704.0,1.0,0.0,0
35.0,0.0,17.0,2.0,14850.0,83.0,2.0,1
24.0,7.0,11.0,11.0,10993.0,63.0,0.0,0
37.0,2.0,16.8,39.4,1154.0,30.0,0.0,1
33.0,0.0,22.0,26.0,8029.0,45.0,1.0,0
49.0,5.0,24.0,32.0,2020.0,4.0,2.0,0
55.0,6.0,6.0,54.0,9763.0,29.0,0.0,0
60.0,2.0,9.0,9.0,8351.0,65.0,1.0,1
62.0,7.0,11.0,24.0,7863.0,73.0,1.0,1
19.0,4.0,20.0,33.0,12494.0,60.0,1.0,1
32.0,2.0,8.0,7.0,1785.0,13.0,1.0,0
61.0,5.0,22.0,7.0,3837.0,38.0,0.0,1
20.0,0.0,7.0,43.0,7158.0,36.0,2.0,1
63.0,4.0,8.0,30.0,12614.0,49.0,0.0,0
44.0,5.0,1.0,46.0,8764.0,84.0,0.0,0
34.0,5.0,7.0,54.0,999999.0,67.0,0.0,0
25.0,5.0,20.0,2.0,1358.0,24.0,0.0,0
54.0,4.0,21.0,23.0,3975.0,91.0,0.0,0
56.0,0.0,24.0,35.6,12813.0,26.0,2.0,0
60.0,5.0,21.0,19.0,617.0,71.0,2.0,0
59.0,6.0,12.0,54.0,10146.0,58.0,0.0,0
54.0,5.0,4.0,20.0,1372.0,90.0,1.0,1
63.0,0.0,17.0,12.0,5629.0,51.0,0.0,1
56.0,2.0,12.0,53.0,13431.0,6.0,1.0,1
51.0,4.0,19.0,25.0,5733.0,12.0,1.0,0
50.0,6.0,10.0,18.0,2487.0,31.0,1.0,1
45.0,5.0,6.0,42.0,6504.0,62.0,2.0,0
29.0,0.0,26.0,52.0,6789.0,74.0,2.0,1
24.0,3.0,28.0,23.0,2721.0,90.0,0.0,0
26.0,5.0,14.6,31.0,4384.0,52.0,1.0,0
43.0,6.0,6.0,14.0,2770.0,65.0,0.0,0
58.0,7.0,9.0,18.0,1393.0,47.0,1.0,1
48.0,1.0,26.0,17.0,6963.0,66.0,1.0,1
29.0,2.0,8.0,16.0,1207.0,12.0,1.0,0
51.0,7.0,22.0,16.0,11630.0,6.0,2.0,0
57.0,6.0,26.0,19.0,13371.0,71.0,2.0,0
52.0,5.0,3.0,40.0,9163.0,4.0,1.0,0
42.0,0.0,24.0,12.0,13248.0,62.0,1.0,0
23.0,7.0,18.0,39.0,699.0,92.0,0.0,0
62.0,4.0,4.0,42.0,2409.0,80.0,1.0,1
42.0,3.0,22.0,46.0,14812.0,76.0,1.0,1
53.0,0.0,2.0,37.0,2524.0,13.0,2.0,1
18.0,2.0,8.0,16.0,5595.0,84.0,0.0,1
47.0,7.0,17.0,27.0,8958.0,65.0,0.0,1
35.0,6.0,6.0,59.0,2516.0,77.0,1.0,1
58.0,7.0,16.0,23.0,11608.0,32.0,0.0,1
36.0,2.0,20.0,48.0,447.0,62.0,1.0,1
21.0,5.0,21.0,53.0,11523.0,42.0,0.0,1
52.0,4.0,4.0,22.4,9693.0,62.0,2.0,0
24.0,2.0,17.0,48.0,10706.0,11.0,2.0,0
51.0,1.0,20.0,22.0,2119.0,22.0,1.0,0
60.0,2.0,7.0,38.0,11420.0,18.0,0.0,0
29.0,0.0,10.0,12.0,14893.0,77.0,1.0,1
26.0,3.0,4.0,36.0,12243.0,94.0,2.0,0
28.0,0.0,19.0,11.0,979.0,57.0,2.0,0
57.0,0.0,12.0,3.0,3178.0,2.0,1.0,1
40.0,2.0,29.0,28.0,11228.0,34.0,1.0,1
41.0,0.0,11.2,27.0,11775.0,25.0,0.0,1
62.0,0.0,13.6,26.4,12726.0,65.0,2.0,0
60.0,4.0,16.0,33.0,10004.0,15.0,1.0,1
59.0,2.0,15.0,16.0,13612.0,60.0,0.0,0
58.0,3.0,26.0,47.0,5550.0,37.0,2.0,0
57.0,4.0,10.0,9.0,2768.0,27.0,2.0,1
54.0,4.0,15.0,28.0,11655.0,16.0,0.0,0
40.0,3.0,28.0,32.0,8302.0,69.0,2.0,1
54.0,5.0,10.0,44.0,8388.0,53.0,1.0,0
63.0,7.0,4.0,16.0,3423.0,33.0,0.0,1
33.0,0.0,23.0,58.0,11967.0,24.0,2.0,0
28.0,0.0,1.0,50.0,3813.0,88.0,0.0,0
60.0,3.0,21.0,25.0,3861.0,47.0,2.0,1
55.0,5.0,21.0,59.0,10421.0,25.0,0.0,1
24.0,5.0,20.0,38.0,11960.0,55.0,0.0,0
34.0,4.0,15.0,19.0,14948.0,16.0,0.0,0
57.0,5.0,3.0,34.0,4063.0,83.0,0.0,1
40.0,0.0,23.0,9.0,10921.0,6.0,1.0,0
51.0,3.0,9.0,53.0,2530.0,63.0,2.0,0
60.0,7.0,27.0,15.0,10276.0,96.0,0.0,0
58.0,2.0,11.0,29.0,14531.0,70.0,0.0,1
30.0,0.0,15.0,36.0,2157.0,11.0,2.0,1
31.0,0.0,1.0,27.0,8918.0,10.0,0.0,1
32.0,0.0,14.0,56.0,7150.0,36.0,0.0,1
22.0,2.0,17.0,16.0,6897.0,17.0,2.0,1
44.6,4.0,15.0,47.0,4191.0,34.0,1.0,0
64.0,4.0,20.0,42.0,4024.0,38.0,2.0,0
29.0,1.0,8.0,38.0,6029.0,19.0,0.0,1
34.0,7.0,1.0,18.0,5096.0,5.0,0.0,0
42.0,5.0,5.0,57.0,3635.0,87.0,2.0,0
55.0,7.0,23.0,39.0,9683.0,7.0,1.0,0
19.0,5.0,1.0,37.0,14944.0,20.0,2.0,0
50.0,2.0,12.8,50.0,2270.0,47.0,1.0,0
46.0,7.0,16.0,34.8,4496.0,52.0,1.0,0
36.0,6.0,10.0,30.0,10856.0,23.0,0.0,1
54.0,1.0,8.0,40.0,3051.0,35.0,0.0,1
20.0,6.0,24.0,21.0,2857.0,64.0,2.0,0
31.0,5.0,28.0,37.0,13601.0,49.0,0.0,0
32.2,0.0,28.0,16.0,9796.0,25.0,1.0,0
61.0,6.0,12.0,18.0,9694.0,25.0,2.0,0
59.0,1.0,2.0,56.0,3122.0,71.0,0.0,1
52.0,4.0,25.0,14.0,8888.0,18.0,1.0,1
42.0,7.0,6.0,40.0,2233.0,33.0,2.0,1
40.0,3.0,17.0,34.0,2885.0,98.0,1.0,1
24.0,3.0,16.0,21.2,14209.0,49.0,2.0,1
48.0,6.0,25.0,7.0,14973.0,23.0,2.0,1
41.0,4.0,26.0,26.0,2298.0,32.0,2.0,1
32.4,0.0,25.0,17.0,994.0,81.0,1.0,0
38.0,0.0,1.0,6.0,369.0,70.0,0.0,1
54.0,2.0,26.0,59.0,10804.0,49.0,2.0,1
54.0,7.0,4.0,57.0,6208.0,48.0,1.0,1
31.0,5.0,26.0,40.0,14902.0,45.0,1.0,1
40.0,0.0,10.0,48.0,6214.0,76.0,2.0,1
54.0,6.0,11.0,36.0,5960.0,42.0,0.0,1
39.0,3.0,26.0,56.0,7875.0,87.0,2.0,1
56.0,3.0,8.0,43.0,5108.0,30.0,0.0,1
27.0,6.0,13.0,18.0,12472.0,93.0,1.0,1
38.0,0.0,27.0,42.0,11844.0,91.0,1.0,0
61.0,4.0,14.0,37.4,9320.0,17.0,1.0,1
32.0,3.0,21.0,3.0,9479.0,40.0,2.0,0
63.0,5.0,10.0,5.0,302.0,72.0,1.0,0
32.0,0.0,26.0,15.0,10137.0,17.0,1.0,1
37.0,3.0,21.0,22.0,10946.0,72.0,0.0,1
31.0,4.0,21.0,17.0,6155.0,67.0,1.0,1
27.0,5.0,28.0,39.0,3971.0,82.0,1.0,1
27.0,6.0,29.0,23.0,985.0,36.0,0.0,0
63.0,6.0,12.0,49.0,2597.0,42.0,2.0,1
22.0,3.0,27.0,52.0,3582.0,26.0,2.0,1
26.0,6.0,23.6,12.0,11932.0,7.0,1.0,1
56.0,4.0,21.0,25.0,9148.0,58.0,2.0,0
31.0,3.0,14.0,49.0,9487.0,6.0,0.0,1
64.0,3.0,3.0,44.0,8415.0,37.0,2.0,0
30.0,7.0,12.0,38.0,347.0,26.0,2.0,1
50.0,6.0,26.0,43.0,11205.0,78.0,2.0,1
63.0,7.0,18.0,25.0,12209.0,70.0,1.0,1
23.0,7.0,1.0,43.0,8149.0,77.0,1.0,0
46.0,0.0,7.0,37.0,1018.0,70.0,2.0,1
64.0,3.0,6.0,59.0,1124.0,82.0,2.0,1
26.0,4.0,4.0,5.0,10136.0,76.0,0.0,1
37.0,7.0,27.0,32.0,12692.0,86.0,0.0,1
54.0,7.0,17.0,12.0,640.0,98.0,2.0,0
39.0,3.0,18.0,24.0,13561.0,1.0,0.0,0
34.0,2.0,6.0,57.0,8959.0,37.0,0.0,1
61.0,0.0,16.0,57.0,9827.0,83.0,2.0,1
46.0,0.0,11.0,30.0,3717.0,53.0,0.0,1
29.0,0.0,25.0,31.0,1170.0,14.0,1.0,0
30.0,1.0,16.0,34.0,5721.0,77.0,0.0,0
44.0,3.0,4.0,56.0,12907.0,59.0,2.0,1
61.0,6.0,18.0,13.0,4416.0,63.0,2.0,1
28.0,5.0,25.0,32.8,3388.0,97.0,0.0,1
24.0,5.0,16.0,34.0,12389.0,40.0,0.0,1
37.0,7.0,29.0,5.0,12064.0,51.0,1.0,0
33.0,1.0,6.0,22.0,7011.0,61.0,0.0,0
21.0,4.0,20.0,24.0,457.0,70.0,1.0,1
64.0,5.0,12.0,27.0,2846.0,68.0,0.0,1
30.0,1.0,10.0,34.0,10096.0,20.0,0.0,0
58.0,6.0,12.0,16.0,4719.0,11.0,2.0,0
61.0,0.0,24.0,4.0,11338.0,3.0,0.0,0
29.0,2.0,6.0,37.0,467.0,67.0,0.0,0
53.0,3.0,28.0,49.0,10464.0,19.0,0.0,0
21.0,6.0,5.0,28.0,4576.0,69.0,2.0,0
51.0,4.0,25.0,7.0,1263.0,9.0,0.0,0
48.0,3.0,16.6,59.0,14753.0,42.0,0.0,1
64.0,7.0,7.0,8.0,4615.0,89.0,2.0,1
18.0,5.0,9.0,11.0,3578.0,35.0,0.0,1
24.0,7.0,13.0,52.0,2999.0,29.0,0.0,0
42.0,6.0,1.0,50.0,14488.0,13.0,2.0,0
51.0,3.0,8.0,34.0,7437.0,71.0,2.0,1
49.0,3.0,2.0,42.0,13173.0,24.0,1.0,0
150.0,5.0,29.0,10.0,6505.0,68.0,1.0,0
30.0,0.0,29.0,28.0,10490.0,38.0,2.0,0
35.0,4.0,25.0,30.0,727.0,36.0,2.0,0
25.0,5.0,17.0,43.0,4143.0,80.0,0.0,1
44.0,2.0,27.0,18.0,863.0,68.0,2.0,1
35.0,0.0,17.4,58.0,14178.0,25.0,1.0,1
39.0,4.0,8.0,34.0,14200.0,17.0,2.0,1
28.0,0.0,18.0,6.0,4119.0,57.0,0.0,1
54.0,1.0,26.0,29.0,5045.0,27.0,0.0,1
43.0,5.0,3.0,52.0,10626.0,81.0,0.0,0
63.0,2.0,16.0,8.0,8115.0,24.0,0.0,0
48.0,1.0,1.0,24.0,10485.0,64.0,0.0,0
60.0,1.0,29.0,50.0,3828.0,82.0,2.0,1
31.0,6.0,27.0,44.0,5306.0,74.0,0.0,1
46.0,3.0,6.0,28.0,11337.0,46.0,1.0,0
54.0,3.0,29.0,6.0,382.0,70.0,2.0,1
150.0,1.0,25.0,3.0,6764.0,69.0,0.0,0
23.0,6.0,21.0,23.0,12068.0,87.0,1.0,1
60.0,0.0,14.4,59.0,6230.0,86.0,1.0,0
22.0,0.0,14.0,39.0,3519.0,1.0,2.0,0
36.6,0.0,20.0,43.0,8267.0,51.0,1.0,1
62.0,4.0,29.0,3.0,12780.0,38.0,2.0,1
55.0,7.0,23.0,30.2,12614.0,39.0,0.0,1
42.0,0.0,18.0,6.0,622.0,4.0,2.0,0
36.0,7.0,8.0,10.0,9602.0,27.0,1.0,0
39.0,1.0,7.0,5.0,12315.0,47.0,0.0,1
33.0,2.0,7.0,45.0,11399.0,6.0,0.0,0
54.0,2.0,16.0,19.0,2432.0,4.0,2.0,1
27.0,0.0,13.0,32.0,4666.0,50.0,2.0,0
28.0,0.0,25.0,24.6,4732.0,31.0,0.0,0
62.0,1.0,20.0,27.0,12956.0,94.0,0.0,1
62.0,0.0,3.0,50.0,1800.0,85.0,1.0,0
31.0,6.0,8.0,28.0,4363.0,64.0,1.0,0
34.0,3.0,17.0,8.0,10438.0,23.0,2.0,0
43.0,6.0,2.0,26.0,2278.0,54.0,2.0,0
58.0,0.0,11.0,1.0,12590.0,4.0,1.0,0
45.0,1.0,8.0,10.0,5107.0,8.0,2.0,0
28.0,1.0,28.0,27.0,8026.0,68.0,1.0,0
37.0,3.0,10.0,14.0,12988.0,94.0,2.0,1
61.0,7.0,27.0,28.0,9012.0,22.0,2.0,0
37.0,3.0,18.0,47.0,3650.0,73.0,2.0,0
23.0,2.0,9.0,14.0,14861.0,54.0,0.0,1
57.0,3.0,14.0,27.0,5460.0,76.0,1.0,0
23.0,7.0,6.0,9.0,4330.0,38.0,1.0,0
41.4,1.0,26.0,15.0,1228.0,93.0,2.0,0
40.0,5.0,2.0,40.0,5068.0,66.0,0.0,0
64.0,3.0,11.0,57.0,11238.0,47.0,0.0,1
39.0,6.0,17.0,9.0,2813.0,51.0,0.0,1
28.0,5.0,6.0,20.0,14252.0,43.0,0.0,1
64.0,3.0,11.0,25.0,12710.0,44.0,2.0,0
31.0,5.0,1.0,41.0,10126.0,68.0,1.0,1
37.0,4.0,2.0,14.0,8996.0,72.0,1.0,1
38.0,6.0,15.0,17.6,10315.0,20.0,1.0,0
25.0,2.0,15.0,24.0,2648.0,46.0,0.0,1
44.0,2.0,18.0,3.0,779.0,50.0,1.0,1
60.0,2.0,7.0,44.0,707.0,47.0,2.0,0
20.0,2.0,6.0,25.0,7523.0,41.0,2.0,1
32.0,0.0,23.0,25.0,9442.0,48.0,2.0,0
150.0,4.0,4.0,56.0,1601.0,11.0,1.0,1
38.0,0.0,6.0,37.8,3238.0,44.0,1.0,0
59.0,6.0,27.0,15.0,7082.0,92.0,2.0,1
30.0,3.0,19.0,55.0,601.0,97.0,1.0,1
38.0,0.0,20.0,30.0,6544.0,47.0,1.0,1
36.0,1.0,8.0,36.2,3950.0,69.0,1.0,1
19.0,1.0,14.0,40.0,14375.0,6.0,1.0,0
42.0,1.0,15.6,33.0,7986.0,14.0,0.0,1
32.0,5.0,14.0,43.0,6988.0,68.0,1.0,0
54.0,6.0,26.0,10.0,9418.0,22.0,2.0,1
21.0,7.0,4.0,54.0,4912.0,51.0,1.0,1
48.0,5.0,16.0,54.0,12093.0,55.0,0.0,0
57.0,4.0,18.0,10.0,11258.0,12.0,0.0,0
25.0,6.0,28.0,11.0,1944.0,10.0,1.0,0
20.0,4.0,22.0,34.0,6204.0,92.0,1.0,1
30.0,7.0,16.0,2.0,4047.0,21.0,1.0,1
39.0,7.0,21.0,6.0,9797.0,69.0,0.0,1
43.0,0.0,9.0,9.0,6382.0,57.0,1.0,0
39.0,1.0,4.0,47.0,8238.0,54.0,1.0,0
21.0,2.0,7.0,18.0,14673.0,20.0,1.0,0
58.0,0.0,20.0,39.0,12654.0,64.0,0.0,1
53.0,4.0,11.2,44.0,1491.0,23.0,0.0,0
49.0,7.0,21.0,11.0,12447.0,29.0,2.0,0
60.0,7.0,1.0,4.0,2312.0,50.0,0.0,1
64.0,4.0,2.0,5.0,8827.0,79.0,1.0,0
55.0,6.0,22.0,6.0,10190.0,42.0,0.0,1
50.0,0.0,4.0,20.0,12676.0,15.0,1.0,1
47.0,1.0,7.0,11.0,1043.0,20.0,1.0,1
57.0,5.0,15.0,2.0,7182.0,66.0,0.0,0
34.0,0.0,29.0,46.0,11357.0,85.0,2.0,1
25.0,0.0,15.0,11.0,7956.0,73.0,2.0,0
50.0,7.0,11.0,55.0,7412.0,82.0,2.0,0
33.0,1.0,22.0,3.0,4746.0,88.0,1.0,0
23.0,4.0,14.0,11.0,14715.0,49.0,1.0,0
44.0,5.0,14.4,11.0,1242.0,73.0,0.0,1
31.0,1.0,8.0,26.0,13776.0,6.0,0.0,1
26.0,0.0,19.8,21.0,10472.0,46.0,1.0,1
58.0,3.0,19.0,16.0,1308.0,25.0,1.0,0
43.0,1.0,2.0,22.0,10443.0,31.0,1.0,1
53.0,2.0,15.0,32.0,10204.0,28.0,1.0,0
19.0,4.0,20.0,34.0,1545.0,1.0,1.0,1
31.0,1.0,20.0,33.0,3670.0,14.0,1.0,0
64.0,5.0,27.0,21.0,11737.0,32.0,2.0,1
50.0,1.0,3.0,55.0,4168.0,39.0,0.0,0
50.0,2.0,6.0,8.0,8014.0,8.0,2.0,1
39.0,6.0,4.0,46.0,12780.0,93.0,1.0,0
52.0,2.0,17.0,50.0,730.0,57.0,0.0,1
56.0,2.0,7.8,53.0,1531.0,44.0,1.0,0
62.0,5.0,7.0,48.0,5868.0,46.0,0.0,1
52.0,1.0,8.0,15.0,6056.0,57.0,1.0,0
18.0,7.0,4.0,36.0,13994.0,96.0,1.0,0
59.0,5.0,2.0,57.0,2766.0,83.0,0.0,0
33.0,2.0,2.0,49.0,821.0,38.0,2.0,0
62.0,0.0,7.0,23.0,5779.0,88.0,2.0,1
32.0,1.0,28.0,28.0,8963.0,63.0,2.0,1
18.0,2.0,24.0,20.0,12465.0,75.0,1.0,0
31.0,7.0,13.0,16.0,11580.0,70.0,1.0,1
47.0,7.0,19.0,4.0,13836.0,82.0,1.0,1
63.0,6.0,19.0,11.0,13714.0,7.0,0.0,0
62.0,2.0,26.0,13.0,1741.0,26.0,2.0,1
49.0,1.0,2.0,54.0,5637.0,26.0,2.0,0
22.0,0.0,22.0,1.0,4164.0,31.0,2.0,0
55.0,1.0,2.0,52.0,2709.0,60.0,0.0,0
58.0,0.0,2.0,31.0,5714.0,7.0,0.0,1
62.0,6.0,14.6,13.0,5388.0,33.0,2.0,0
60.0,5.0,2.0,15.0,5853.0,10.0,2.0,0
23.0,4.0,25.0,30.0,4193.0,4.0,1.0,0
40.0,2.0,2.0,5.0,1740.0,31.0,1.0,1
33.0,5.0,25.0,24.0,6271.0,81.0,0.0,1
44.0,2.0,14.0,53.0,8305.0,96.0,2.0,1
22.0,7.0,14.0,27.2,8110.0,59.0,2.0,1
48.0,0.0,24.0,27.0,5871.0,82.0,0.0,0
36.0,6.0,12.0,27.0,6574.0,87.0,2.0,0
18.0,7.0,26.0,36.0,7316.0,10.0,2.0,0
36.0,2.0,10.0,11.0,1885.0,83.0,1.0,1
43.0,1.0,4.0,50.0,9349.0,99.0,2.0,1
45.0,6.0,25.0,17.0,8073.0,44.0,2.0,1
42.0,2.0,20.0,57.0,14868.0,47.0,2.0,0
45.0,3.0,17.0,37.0,4507.0,76.0,1.0,1
40.0,2.0,22.0,31.0,6708.0,24.0,2.0,1
45.0,5.0,10.0,49.0,8443.0,42.0,1.0,1
53.0,7.0,7.0,10.0,6702.0,59.0,1.0,1
52.0,4.0,24.0,4.0,3569.0,77.0,1.0,0
46.0,0.0,23.0,16.0,4615.0,48.0,1.0,0
62.0,5.0,10.0,12.0,7746.0,12.0,2.0,0
60.0,4.0,2.0,33.0,12778.0,92.0,1.0,1
56.0,1.0,11.4,39.0,13328.0,72.0,1.0,0
62.0,5.0,18.0,48.0,5246.0,25.0,0.0,1
34.0,7.0,24.0,17.0,5773.0,38.0,1.0,1
55.0,7.0,13.0,51.0,14605.0,63.0,1.0,1
33.0,0.0,14.0,55.0,2238.0,13.0,2.0,0
46.8,0.0,16.0,37.0,810.0,66.0,1.0,0
20.0,0.0,11.0,30.0,3285.0,85.0,0.0,1
64.0,5.0,5.0,54.0,12517.0,17.0,2.0,0
64.0,6.0,18.0,50.0,725.0,72.0,2.0,0
28.0,3.0,8.0,44.0,4428.0,99.0,0.0,1
42.0,6.0,25.0,32.0,9448.0,6.0,0.0,0
150.0,5.0,27.0,58.0,1188.0,17.0,2.0,0
30.0,0.0,12.0,28.0,3730.0,50.0,2.0,1
62.0,7.0,23.0,28.0,14294.0,30.0,0.0,1
21.0,6.0,9.0,37.0,11270.0,34.0,1.0,1
24.0,0.0,19.6,43.0,11680.0,21.0,0.0,1
36.0,6.0,7.0,10.0,13344.0,81.0,2.0,0
63.0,5.0,28.0,31.0,12602.0,13.0,2.0,1
37.0,7.0,13.0,21.0,14342.0,19.0,2.0,0
29.8,3.0,21.0,12.0,9861.0,38.0,2.0,0
48.0,6.0,9.0,1.0,6604.0,8.0,0.0,0
41.0,7.0,19.0,36.0,7575.0,63.0,0.0,0
52.0,0.0,17.0,51.0,14554.0,14.0,1.0,1
56.0,3.0,23.0,43.2,12409.0,71.0,0.0,1
25.0,6.0,19.0,18.0,4250.0,61.0,2.0,0
64.0,7.0,2.0,13.0,5998.0,49.0,2.0,1
38.0,4.0,12.0,17.0,2775.0,33.0,1.0,0
34.0,0.0,5.0,48.0,12044.0,73.0,2.0,1
34.0,2.0,28.0,16.0,3843.0,90.0,0.0,0
30.0,1.0,10.0,48.0,2088.0,94.0,0.0,0
43.4,6.0,13.0,28.0,4305.0,37.0,0.0,1
64.0,3.0,11.0,30.0,6933.0,21.0,1.0,1
39.0,0.0,27.0,44.0,1890.0,80.0,1.0,1
47.0,3.0,26.0,39.0,1909.0,38.0,1.0,1
48.0,3.0,25.0,7.0,11903.0,63.0,0.0,1
49.0,4.0,4.0,57.0,1746.0,12.0,1.0,1
47.4,1.0,16.0,41.8,9734.0,74.0,1.0,1
41.0,5.0,12.0,2.0,5769.0,54.0,1.0,0
56.0,7.0,25.0,9.0,1376.0,5.0,0.0,1
39.0,4.0,27.0,54.0,11760.0,75.0,1.0,1
30.0,4.0,23.0,52.0,8428.0,50.0,1.0,0
33.0,4.0,20.0,29.0,5149.0,38.0,1.0,0
50.0,7.0,8.0,38.0,10864.0,80.0,0.0,1
62.0,5.0,19.0,32.0,13640.0,26.0,0.0,1
23.0,0.0,11.0,36.2,6777.0,76.0,1.0,0
60.0,3.0,12.0,51.0,678.0,45.0,0.0,1
52.0,4.0,8.0,17.0,7176.0,70.0,2.0,1
54.0,0.0,12.0,53.0,10337.0,43.0,1.0,0
36.0,5.0,9.0,41.0,3534.0,4.0,2.0,0
60.0,7.0,20.0,33.0,4955.0,62.0,1.0,1
25.0,3.0,16.0,39.8,13951.0,36.0,0.0,0
37.0,6.0,16.0,22.0,13056.0,17.0,2.0,0
53.0,1.0,4.0,27.0,9555.0,17.0,1.0,0
48.0,5.0,13.2,48.0,14155.0,14.0,2.0,1
25.0,2.0,17.0,15.0,12098.0,65.0,1.0,1
50.0,3.0,19.0,14.0,9696.0,57.0,1.0,1
38.0,1.0,11.0,3.0,14087.0,33.0,2.0,1
35.0,4.0,16.0,47.0,13707.0,13.0,0.0,1
44.0,5.0,13.0,52.0,2433.0,74.0,2.0,1
42.0,6.0,28.0,29.0,13414.0,32.0,2.0,0
40.0,1.0,22.0,10.0,12334.0,50.0,2.0,1
43.2,1.0,5.0,3.0,8828.0,42.0,1.0,1
62.0,7.0,7.0,33.0,6866.0,30.0,0.0,0
63.0,4.0,9.0,31.0,4582.0,65.0,2.0,0
33.8,2.0,13.0,30.0,8013.0,83.0,0.0,0
19.0,0.0,22.0,5.0,14125.0,87.0,1.0,1
18.0,2.0,12.0,24.0,7239.0,11.0,2.0,1
34.4,1.0,20.0,19.0,6026.0,34.0,0.0,0
41.0,7.0,20.0,29.0,1842.0,37.0,0.0,1
39.0,6.0,13.0,16.0,12746.0,69.0,1.0,1
20.0,6.0,25.0,21.0,11429.0,1.0,2.0,0
23.0,1.0,15.0,53.0,4922.0,43.0,0.0,0
49.4,1.0,11.0,58.0,4268.0,71.0,2.0,0
39.0,1.0,22.0,49.0,6981.0,55.0,1.0,1
58.0,0.0,20.0,39.0,12593.0,38.0,1.0,1
58.0,3.0,18.8,41.8,5955.0,55.0,1.0,0
58.0,6.0,3.0,32.2,4741.0,54.0,2.0,1
150.0,2.0,29.0,36.0,2482.0,49.0,2.0,0
21.0,7.0,5.0,54.0,8836.0,83.0,2.0,0
25.0,1.0,29.0,6.0,1396.0,42.0,2.0,0
46.0,6.0,26.0,7.0,11955.0,43.0,1.0,1
21.0,6.0,6.0,1.0,3412.0,17.0,2.0,0
29.0,7.0,25.0,20.0,13252.0,11.0,0.0,1
44.0,6.0,4.0,54.0,6606.0,92.0,2.0,0
41.0,4.0,14.0,41.0,10000.0,59.0,0.0,0
48.0,0.0,2.0,34.0,9161.0,12.0,1.0,1
55.0,5.0,25.0,46.0,11752.0,77.0,1.0,1
42.0,7.0,4.0,39.0,2122.0,92.0,1.0,1
55.0,4.0,18.0,57.0,8672.0,78.0,0.0,1
59.0,5.0,6.0,41.0,1696.0,23.0,1.0,0
58.0,0.0,19.0,41.0,7735.0,51.0,2.0,1
28.0,2.0,26.0,12.0,1837.0,64.0,0.0,0
48.0,5.0,18.0,19.0,7222.0,60.0,2.0,1
53.0,5.0,4.0,19.0,10274.0,64.0,1.0,0
54.0,7.0,25.0,10.0,14715.0,62.0,0.0,1
27.0,2.0,15.0,40.0,3740.0,47.0,2.0,0
26.0,1.0,16.0,6.0,2543.0,70.0,2.0,1
64.0,4.0,25.0,33.0,4304.0,86.0,2.0,0
28.0,1.0,17.6,57.0,5517.0,46.0,1.0,1
56.0,3.0,29.0,18.0,13445.0,35.0,0.0,0
32.4,5.0,1.0,52.0,13304.0,16.0,2.0,0
54.0,5.0,11.0,52.0,5631.0,55.0,1.0,0
23.0,6.0,9.0,10.0,3598.0,73.0,1.0,1
27.0,0.0,27.0,6.0,1683.0,98.0,1.0,0
36.0,5.0,5.0,28.0,4818.0,18.0,1.0,0
40.2,1.0,24.0,34.0,8098.0,33.0,1.0,1
27.0,1.0,28.0,13.0,4316.0,93.0,1.0,1
58.0,1.0,18.0,38.0,1061.0,29.0,2.0,0
32.0,2.0,20.0,40.0,13539.0,17.0,0.0,0
28.0,0.0,15.0,15.0,12279.0,21.0,0.0,0
36.0,3.0,15.0,24.0,8268.0,66.0,1.0,1
36.0,5.0,18.0,59.0,4487.0,33.0,1.0,0
24.0,2.0,22.0,6.0,6911.0,29.0,2.0,0
27.0,4.0,1.0,51.0,8437.0,99.0,0.0,0
26.0,5.0,20.0,7.0,4509.0,61.0,1.0,0
54.0,5.0,28.0,46.0,8737.0,16.0,0.0,0
57.0,7.0,25.0,23.4,7062.0,22.0,0.0,0
53.0,2.0,27.0,27.0,5907.0,70.0,1.0,0
18.0,3.0,15.0,35.0,14287.0,60.0,1.0,1
19.0,1.0,3.0,48.0,3433.0,6.0,2.0,0
30.0,2.0,8.0,35.0,2850.0,30.0,0.0,1
29.0,7.0,5.0,27.0,10889.0,31.0,1.0,1
26.0,7.0,1.0,45.4,3841.0,82.0,1.0,0
39.0,1.0,24.0,24.0,11181.0,5.0,2.0,1
40.0,7.0,6.0,33.0,4640.0,30.0,0.0,0
35.0,2.0,17.0,28.0,5445.0,37.0,1.0,1
46.0,4.0,18.0,48.0,14409.0,25.0,0.0,0
47.0,6.0,8.0,18.0,10525.0,77.0,1.0,0
61.0,2.0,21.0,4.0,12698.0,71.0,2.0,1
62.0,2.0,20.0,39.0,13212.0,87.0,1.0,1
63.0,5.0,4.0,40.0,12185.0,67.0,1.0,1
48.0,1.0,13.0,11.0,10632.0,44.0,1.0,1
22.0,6.0,19.0,41.0,6460.0,1.0,1.0,0
26.0,6.0,14.0,9.0,13009.0,91.0,1.0,0
60.0,3.0,13.0,34.0,6308.0,70.0,0.0,0
39.0,4.0,24.0,44.0,4735.0,18.0,2.0,0
48.0,4.0,18.0,36.0,13616.0,95.0,1.0,0
34.0,6.0,21.0,13.0,1553.0,64.0,1.0,0
19.0,5.0,20.0,25.0,12757.0,7.0,0.0,1
42.0,7.0,18.0,54.0,12128.0,86.0,2.0,1
44.0,0.0,7.0,31.6,3024.0,35.0,2.0,0
53.0,4.0,2.0,45.0,12502.0,25.0,1.0,0
41.0,7.0,27.0,38.0,11337.0,62.0,2.0,0
27.0,0.0,15.0,28.4,2247.0,3.0,1.0,1
57.0,2.0,24.0,11.0,4235.0,20.0,1.0,0
48.0,5.0,10.0,47.0,9294.0,29.0,0.0,0
50.0,7.0,17.0,54.0,6324.0,5.0,0.0,0
18.0,0.0,26.0,31.6,13018.0,25.0,1.0,1
19.0,3.0,19.0,3.0,9313.0,70.0,0.0,1
57.0,3.0,7.0,29.2,3747.0,64.0,0.0,1
20.0,1.0,23.0,46.0,3507.0,27.0,1.0,0
38.0,1.0,19.0,4.0,4760.0,59.0,0.0,0
39.0,4.0,19.0,54.0,4177.0,95.0,1.0,1
28.0,6.0,8.0,22.0,5600.0,55.0,1.0,1
61.0,6.0,2.0,4.0,13103.0,4.0,2.0,0
22.0,0.0,11.0,34.0,6910.0,65.0,1.0,0
37.4,4.0,15.0,32.0,10104.0,26.0,0.0,0
21.0,5.0,29.0,59.0,9873.0,62.0,1.0,1
63.0,2.0,14.0,34.0,9539.0,78.0,2.0,1
52.0,0.0,18.0,13.0,8713.0,97.0,2.0,0
27.0,1.0,21.0,31.0,5765.0,6.0,1.0,0
37.0,4.0,19.0,30.2,13087.0,65.0,2.0,1
40.0,0.0,16.0,35.6,8951.0,37.0,0.0,1
56.0,2.0,29.0,18.0,3774.0,26.0,0.0,1
33.0,7.0,27.0,32.6,9960.0,92.0,0.0,0
62.0,3.0,18.0,3.0,2037.0,68.0,2.0,0
50.0,1.0,24.0,1.0,7280.0,79.0,0.0,1
35.0,4.0,8.2,50.0,8210.0,50.0,2.0,1
24.0,1.0,27.0,25.0,7893.0,26.0,2.0,1
29.0,2.0,9.0,52.0,2607.0,95.0,1.0,0
63.0,4.0,24.0,39.0,3940.0,99.0,1.0,0
40.0,1.0,22.0,58.0,7319.0,21.0,1.0,0
62.0,3.0,25.0,17.0,4640.0,56.0,0.0,0
64.0,5.0,27.0,40.0,8969.0,38.0,2.0,0
49.0,5.0,3.0,37.0,2752.0,71.0,1.0,1
29.0,1.0,22.0,3.0,6084.0,16.0,0.0,0
47.0,6.0,20.0,20.0,9842.0,27.0,0.0,0
36.0,2.0,3.0,6.0,11346.0,39.0,2.0,0
34.0,2.0,23.0,54.0,3558.0,3.0,2.0,0
21.0,6.0,11.0,44.0,999.0,70.0,0.0,0
63.0,7.0,17.0,51.0,2145.0,96.0,2.0,1
59.0,1.0,5.0,37.0,5742.0,93.0,2.0,1
43.0,6.0,18.0,35.0,9294.0,76.0,0.0,1
20.0,5.0,3.0,29.0,13050.0,78.0,2.0,0
39.2,3.0,22.0,28.0,3086.0,77.0,2.0,1
35.0,7.0,10.0,49.0,3822.0,90.0,0.0,0
57.0,2.0,11.0,43.0,6736.0,94.0,2.0,1
57.0,2.0,27.0,23.0,4488.0,42.0,2.0,0
41.0,4.0,7.0,10.0,14752.0,94.0,0.0,1
23.0,3.0,19.0,33.0,9811.0,23.0,0.0,0
40.0,6.0,27.0,50.0,13392.0,16.0,0.0,1
52.0,7.0,11.0,23.0,11539.0,88.0,1.0,1
36.0,3.0,23.0,51.0,2561.0,87.0,2.0,1
58.0,1.0,19.0,56.0,8736.0,35.0,2.0,1
57.0,4.0,18.0,22.0,4092.0,2.0,0.0,0
43.0,5.0,2.0,8.0,14046.0,17.0,1.0,0
25.0,1.0,8.0,9.0,12351.0,32.0,1.0,0
28.0,3.0,6.0,42.0,12746.0,68.0,2.0,1
49.0,2.0,27.0,35.0,1237.0,27.0,0.0,1
19.0,2.0,14.0,12.0,10233.0,20.0,1.0,1
47.0,4.0,27.0,2.0,12281.0,75.0,0.0,1
23.0,0.0,4.0,7.0,9180.0,41.0,1.0,0
47.0,6.0,26.0,41.0,9443.0,70.0,0.0,0
38.0,1.0,21.0,18.0,14064.0,14.0,0.0,0
26.0,2.0,2.0,4.0,13149.0,89.0,0.0,1
59.0,1.0,26.0,48.0,8393.0,78.0,0.0,0
22.0,1.0,11.0,26.0,2684.0,37.0,0.0,0
64.0,0.0,12.0,10.0,12935.0,65.0,0.0,1
57.0,5.0,28.0,36.0,4410.0,57.0,1.0,0
27.0,0.0,8.0,49.0,12135.0,71.0,2.0,1
39.0,7.0,5.0,24.8,8787.0,3.0,1.0,0
23.0,0.0,5.0,47.0,14297.0,78.0,0.0,1
49.0,2.0,3.0,50.0,14985.0,65.0,2.0,0
38.0,1.0,10.0,9.0,1678.0,22.0,0.0,1
59.0,7.0,4.0,25.0,2631.0,55.0,0.0,0
20.0,4.0,20.0,39.0,6086.0,15.0,1.0,1
25.0,6.0,14.0,4.0,6977.0,16.0,1.0,0
37.0,1.0,9.0,3.0,14073.0,26.0,1.0,0
55.0,1.0,18.4,47.0,12405.0,91.0,0.0,1
48.0,3.0,10.0,35.0,12258.0,71.0,2.0,0
18.0,3.0,28.0,55.0,2021.0,55.0,1.0,0
62.0,2.0,14.0,5.0,13879.0,73.0,1.0,1
55.0,7.0,6.0,14.0,5124.0,45.0,2.0,0
40.0,7.0,16.6,26.0,7425.0,7.0,2.0,0
43.0,3.0,13.0,44.0,12718.0,55.0,2.0,0
33.0,1.0,29.0,27.0,1988.0,65.0,1.0,1
51.0,6.0,25.0,9.0,4613.0,79.0,0.0,0
39.0,2.0,23.0,22.0,11275.0,57.0,2.0,0
52.0,0.0,20.0,27.0,5834.0,60.0,2.0,1
29.0,5.0,27.0,38.0,2755.0,57.0,2.0,1
47.0,2.0,4.0,13.0,4775.0,61.0,1.0,0
53.0,3.0,21.0,23.0,11982.0,5.0,0.0,0
37.0,2.0,25.0,15.0,5891.0,38.0,1.0,1
37.0,6.0,18.0,8.0,496.0,23.0,2.0,1
34.0,7.0,23.0,40.0,12097.0,22.0,1.0,1
64.0,7.0,1.0,34.0,1535.0,40.0,1.0,1
56.0,3.0,16.0,1.0,8823.0,59.0,2.0,1
38.0,6.0,11.0,44.0,7194.0,1.0,0.0,1
55.0,3.0,13.8,21.0,10501.0,19.0,1.0,1
50.0,7.0,28.0,31.0,14663.0,77.0,0.0,0
64.0,3.0,5.0,58.0,13616.0,47.0,0.0,1
47.0,7.0,9.0,32.8,10216.0,5.0,1.0,0
38.0,5.0,16.0,57.0,11977.0,69.0,1.0,1
18.0,7.0,23.0,27.0,4524.0,4.0,2.0,1
31.0,7.0,6.0,23.0,2028.0,63.0,0.0,1
43.0,2.0,12.0,44.0,7528.0,9.0,0.0,0
28.0,1.0,19.0,34.0,13858.0,21.0,2.0,0
56.0,4.0,14.0,4.0,1906.0,76.0,0.0,1
59.0,3.0,26.0,5.0,8762.0,40.0,2.0,1
32.0,1.0,20.0,24.0,5038.0,86.0,2.0,0
25.0,5.0,14.0,23.0,6548.0,27.0,2.0,0
55.0,6.0,20.0,27.0,12992.0,1.0,1.0,0
58.0,1.0,18.0,40.0,10545.0,78.0,0.0,1
45.0,4.0,29.0,47.0,12070.0,50.0,2.0,0
50.0,6.0,8.0,9.0,5885.0,92.0,2.0,0
42.0,1.0,16.6,19.0,11826.0,8.0,1.0,0
34.4,2.0,18.2,36.0,7133.0,71.0,0.0,1
46.0,3.0,17.0,45.0,10269.0,76.0,1.0,1
56.0,7.0,11.0,30.0,1045.0,95.0,2.0,1
40.0,2.0,11.0,20.0,1837.0,84.0,0.0,0
49.0,0.0,16.0,43.0,14077.0,17.0,0.0,0
55.0,3.0,6.0,28.0,5614.0,86.0,2.0,0
20.0,6.0,1.0,43.0,7383.0,57.0,2.0,0
24.0,2.0,16.0,39.0,14277.0,59.0,1.0,0
42.0,7.0,24.0,20.8,12963.0,11.0,1.0,1
55.0,4.0,12.0,51.0,8446.0,79.0,2.0,0
30.0,2.0,24.0,31.0,4731.0,63.0,1.0,1
42.0,0.0,25.0,43.0,10542.0,33.0,2.0,0
32.0,7.0,23.0,47.0,4547.0,40.0,1.0,0
58.0,2.0,20.0,28.4,13258.0,63.0,2.0,1
20.0,6.0,12.6,31.0,13339.0,45.0,0.0,0
18.0,2.0,28.0,54.0,13870.0,87.0,0.0,0
50.0,6.0,20.0,56.0,2086.0,53.0,1.0,1
36.0,5.0,15.0,38.0,5786.0,16.0,0.0,1
29.0,0.0,4.0,36.0,1227.0,94.0,2.0,0
48.0,0.0,9.0,40.0,9405.0,34.0,0.0,0
42.0,3.0,18.4,44.0,14678.0,24.0,0.0,0
42.0,2.0,17.0,49.0,11374.0,26.0,2.0,0
42.0,4.0,29.0,4.0,6362.0,70.0,1.0,0
54.0,0.0,1.0,7.0,3677.0,61.0,1.0,1
61.0,7.0,21.0,23.0,3054.0,93.0,1.0,1
23.0,0.0,19.0,33.0,8552.0,85.0,2.0,0
21.0,3.0,23.0,46.0,375.0,15.0,1.0,0
28.0,0.0,9.0,37.0,13214.0,11.0,0.0,1
61.0,4.0,17.0,46.0,5970.0,40.0,2.0,0
24.0,6.0,12.0,34.0,10808.0,25.0,0.0,1
63.0,6.0,18.0,32.0,1571.0,82.0,0.0,0
42.0,4.0,27.0,20.0,1981.0,49.0,0.0,1
22.0,1.0,6.0,40.0,13339.0,83.0,1.0,1
19.0,0.0,13.0,56.0,10846.0,37.0,2.0,0
47.0,1.0,1.0,54.0,12610.0,23.0,0.0,1
37.8,1.0,2.0,25.0,3596.0,83.0,0.0,1
25.0,5.0,1.0,57.0,11990.0,30.0,1.0,0
42.6,2.0,25.0,24.0,5147.0,84.0,0.0,1
60.0,7.0,29.0,1.0,1822.0,28.0,0.0,1
35.0,7.0,25.0,40.0,5927.0,44.0,2.0,1
20.0,7.0,12.0,56.0,6041.0,83.0,2.0,1
20.0,5.0,10.0,41.0,5537.0,70.0,0.0,1
32.0,7.0,1.0,31.0,5701.0,27.0,1.0,0
19.0,5.0,10.0,21.0,5883.0,29.0,1.0,0
54.0,7.0,4.0,27.0,1457.0,9.0,2.0,1
28.0,5.0,19.0,44.0,9388.0,53.0,1.0,0
57.0,2.0,1.0,43.0,1946.0,91.0,0.0,1
29.0,3.0,28.0,26.6,13194.0,25.0,0.0,1
36.0,1.0,20.0,8.0,10365.0,47.0,1.0,0
35.0,5.0,6.0,24.0,12829.0,72.0,2.0,0
21.0,7.0,12.0,34.0,9190.0,97.0,1.0,1
45.0,0.0,24.0,23.0,3844.0,83.0,0.0,0
58.0,1.0,21.0,34.6,3843.0,97.0,0.0,1
26.0,7.0,21.0,36.0,8289.0,98.0,0.0,0
32.2,2.0,8.0,1.0,11716.0,46.0,2.0,0
33.0,1.0,22.0,55.0,9871.0,44.0,0.0,0
29.0,1.0,28.0,50.0,14250.0,30.0,1.0,1
39.0,0.0,9.0,31.0,1433.0,71.0,1.0,0
48.0,7.0,12.0,20.0,4083.0,76.0,2.0,1
28.4,0.0,29.0,4.0,779.0,9.0,2.0,1
27.0,3.0,17.0,12.0,7990.0,62.0,0.0,0
29.0,6.0,23.0,39.0,3161.0,85.0,1.0,1
33.0,1.0,8.0,52.0,2533.0,58.0,0.0,1
33.0,7.0,1.0,19.0,12814.0,88.0,0.0,1
54.0,1.0,3.0,53.0,10807.0,42.0,0.0,0
31.0,1.0,23.4,5.0,6150.0,63.0,0.0,1
36.0,5.0,12.0,33.0,6164.0,65.0,0.0,0
24.0,3.0,14.8,31.0,12481.0,9.0,2.0,0
41.8,6.0,21.0,58.0,14131.0,71.0,0.0,1
20.0,7.0,4.0,40.0,11524.0,97.0,1.0,0
49.0,6.0,2.0,25.0,12528.0,80.0,2.0,1
41.0,5.0,29.0,19.0,4050.0,40.0,0.0,0
39.0,5.0,23.0,59.0,8881.0,2.0,0.0,0
25.0,0.0,10.0,57.0,14736.0,69.0,1.0,1
24.0,1.0,19.0,40.0,13711.0,4.0,1.0,1
24.0,4.0,8.0,1.0,9888.0,20.0,0.0,1
19.0,6.0,3.0,42.0,1105.0,15.0,0.0,0
60.0,6.0,17.0,23.0,14325.0,47.0,2.0,1
27.0,0.0,25.0,3.0,2584.0,41.0,0.0,0
48.0,6.0,21.0,51.0,13854.0,87.0,1.0,1
34.0,3.0,20.0,27.0,584.0,24.0,0.0,1
53.0,0.0,29.0,3.0,6225.0,25.0,0.0,1
24.0,0.0,9.0,18.0,4152.0,69.0,2.0,0
61.0,6.0,16.0,37.0,6352.0,18.0,2.0,0
46.0,3.0,1.0,37.0,8706.0,19.0,2.0,0
37.0,4.0,4.0,35.0,809.0,26.0,2.0,1
28.0,5.0,14.0,22.0,6451.0,80.0,0.0,1
43.0,6.0,4.0,4.0,13274.0,66.0,0.0,0
56.0,2.0,13.0,36.0,12744.0,10.0,0.0,0
26.0,1.0,21.0,49.0,8963.0,4.0,0.0,1
39.2,5.0,5.0,38.0,4769.0,93.0,1.0,0
55.0,2.0,27.0,2.0,7658.0,10.0,2.0,1
47.0,3.0,13.0,19.0,4702.0,68.0,1.0,1
60.0,7.0,11.0,56.0,13469.0,60.0,0.0,1
20.0,6.0,4.0,31.0,6831.0,42.0,0.0,0
52.0,0.0,15.0,59.0,9859.0,96.0,0.0,0
49.0,5.0,1.0,54.0,13210.0,11.0,1.0,0
25.0,1.0,6.0,39.0,12227.0,78.0,0.0,0
29.0,2.0,22.0,8.0,6799.0,4.0,2.0,1
53.0,0.0,26.0,23.0,12222.0,74.0,1.0,0
25.0,3.0,18.4,19.0,2878.0,39.0,2.0,0
45.0,1.0,29.0,22.0,11254.0,41.0,2.0,1
53.0,7.0,18.2,53.0,886.0,10.0,0.0,0
41.0,3.0,1.0,3.0,8910.0,90.0,1.0,0
52.0,4.0,26.0,58.0,7013.0,8.0,1.0,0
29.0,4.0,19.0,10.0,10793.0,6.0,0.0,1
63.0,1.0,9.0,42.0,4562.0,25.0,1.0,0
49.0,2.0,10.4,41.4,7197.0,41.0,1.0,0
54.0,3.0,1.0,43.0,400.0,56.0,2.0,1
52.0,2.0,18.0,48.0,6043.0,24.0,0.0,1
35.0,1.0,17.0,30.0,10922.0,53.0,0.0,1
63.0,3.0,19.4,47.0,2280.0,93.0,1.0,0
24.0,7.0,13.0,7.0,13250.0,2.0,0.0,0
61.0,6.0,27.0,14.0,7952.0,50.0,2.0,0
20.0,7.0,4.0,13.0,4577.0,23.0,1.0,1
57.0,4.0,4.0,10.0,4283.0,78.0,1.0,0
52.0,5.0,2.0,45.0,13418.0,69.0,0.0,1
44.0,5.0,27.0,17.0,11010.0,14.0,1.0,0
23.0,2.0,5.0,21.0,9602.0,47.0,0.0,0
50.0,7.0,6.0,35.0,7881.0,99.0,1.0,0
58.0,7.0,26.0,56.0,7343.0,26.0,2.0,1
46.0,2.0,26.0,18.0,1947.0,54.0,1.0,0
45.0,6.0,15.0,56.0,14641.0,58.0,1.0,0
42.2,0.0,8.0,9.0,11952.0,75.0,1.0,0
46.0,1.0,15.0,5.0,12752.0,93.0,0.0,0
26.0,6.0,23.0,24.0,1969.0,28.0,0.0,0
49.0,2.0,9.0,4.0,14388.0,17.0,2.0,0
23.0,1.0,17.0,32.0,7461.0,70.0,0.0,1
34.0,1.0,14.0,26.0,11062.0,30.0,2.0,1
21.0,3.0,29.0,11.0,10067.0,50.0,0.0,0
55.0,4.0,27.0,36.0,12471.0,51.0,0.0,1
44.0,7.0,23.0,44.0,12383.0,61.0,0.0,1
60.0,6.0,21.0,56.0,889.0,6.0,0.0,0
46.0,1.0,19.0,14.0,600.0,65.0,0.0,1
55.0,7.0,2.0,35.0,14059.0,92.0,0.0,1
50.0,3.0,13.0,30.0,14565.0,20.0,0.0,1
46.0,0.0,22.0,27.0,12146.0,20.0,0.0,1
41.0,2.0,6.0,16.0,10541.0,69.0,0.0,1
43.0,2.0,13.0,43.0,6602.0,44.0,1.0,1
24.0,7.0,20.0,17.0,6267.0,5.0,2.0,1
53.0,1.0,2.0,24.0,3953.0,96.0,0.0,0
39.0,4.0,24.0,24.0,12185.0,12.0,0.0,1
49.0,6.0,15.0,22.0,12489.0,43.0,0.0,0
43.0,1.0,11.0,56.0,415.0,83.0,2.0,1
44.0,7.0,22.0,8.0,3142.0,48.0,0.0,1
22.0,2.0,8.0,29.0,9096.0,77.0,2.0,1
34.0,1.0,8.0,31.0,4131.0,1.0,1.0,1
59.0,0.0,10.0,21.0,835.0,59.0,0.0,0
33.0,4.0,14.0,17.0,9924.0,22.0,2.0,0
64.0,4.0,5.0,50.0,8787.0,96.0,0.0,0
25.0,0.0,14.0,12.0,12642.0,84.0,0.0,0
60.0,7.0,9.0,46.0,9051.0,86.0,0.0,0
37.0,0.0,5.0,54.0,6617.0,82.0,1.0,1
59.0,6.0,7.0,24.0,10326.0,88.0,0.0,1
36.0,2.0,25.0,58.0,9768.0,29.0,0.0,1
41.0,6.0,23.0,38.0,9346.0,57.0,2.0,0
61.0,4.0,26.0,47.0,14771.0,16.0,2.0,1
62.0,6.0,13.4,7.0,12902.0,42.0,2.0,0
37.0,5.0,13.0,53.0,339.0,73.0,2.0,1
41.0,5.0,3.0,52.0,13591.0,34.0,2.0,1
45.0,6.0,25.0,58.0,737.0,86.0,1.0,0
26.0,6.0,25.0,13.0,7106.0,23.0,0.0,1
43.0,0.0,4.0,41.0,10946.0,15.0,0.0,0
39.0,1.0,12.0,39.0,14334.0,16.0,2.0,0
40.0,2.0,16.2,25.0,14277.0,80.0,0.0,1
45.0,5.0,10.2,30.0,4319.0,2.0,0.0,0
25.0,4.0,19.0,27.0,1344.0,4.0,1.0,1
30.0,6.0,3.0,37.0,3907.0,85.0,1.0,1
55.0,7.0,3.0,19.0,4756.0,54.0,1.0,1
21.0,5.0,25.0,55.0,445.0,88.0,2.0,1
43.0,7.0,28.0,29.0,2108.0,64.0,1.0,0
22.0,0.0,23.0,55.0,10687.0,95.0,0.0,0
25.0,0.0,20.0,30.0,1333.0,51.0,1.0,0
24.0,6.0,4.0,37.0,10707.0,71.0,1.0,1
27.0,4.0,20.0,7.0,3308.0,60.0,0.0,1
39.0,4.0,21.0,10.0,2261.0,28.0,2.0,0
36.0,7.0,22.0,33.0,1886.0,4.0,0.0,0
41.0,5.0,3.0,20.0,9349.0,87.0,1.0,1
61.0,2.0,20.4,57.0,11352.0,73.0,0.0,1
23.0,7.0,26.0,50.0,9968.0,32.0,2.0,1
59.0,1.0,11.0,45.0,4616.0,89.0,2.0,1
42.0,7.0,15.0,34.0,10161.0,28.0,1.0,0
37.0,1.0,29.0,4.0,13370.0,42.0,2.0,1
44.0,2.0,13.0,36.0,10302.0,91.0,1.0,1
64.0,5.0,9.0,19.0,2149.0,14.0,2.0,1
56.0,5.0,12.0,6.0,7880.0,48.0,1.0,1
57.0,6.0,1.0,22.0,4039.0,21.0,2.0,0
23.0,1.0,13.0,27.0,13728.0,72.0,1.0,1
54.0,6.0,20.0,40.0,9520.0,90.0,0.0,0
56.0,0.0,22.0,18.0,5776.0,34.0,2.0,0
55.0,3.0,12.0,43.0,9029.0,84.0,1.0,1
42.0,4.0,12.0,56.0,686.0,41.0,2.0,0
58.0,2.0,10.0,33.0,5383.0,80.0,0.0,1
50.0,0.0,9.0,10.0,4052.0,38.0,0.0,1
20.0,2.0,1.0,53.0,884.0,64.0,1.0,0
37.0,2.0,16.0,4.0,13958.0,42.0,2.0,1
34.0,6.0,1.0,13.0,14516.0,27.0,2.0,0
41.2,2.0,8.0,9.0,3971.0,31.0,1.0,0
44.0,6.0,9.0,28.0,11397.0,51.0,2.0,1
56.0,4.0,8.0,19.0,3532.0,27.0,2.0,1
43.0,1.0,12.2,14.0,9048.0,89.0,1.0,0
47.0,5.0,17.0,30.0,11697.0,86.0,2.0,0
56.0,5.0,18.0,32.0,14520.0,1.0,0.0,0
58.0,1.0,3.0,30.0,10104.0,42.0,0.0,0
33.0,1.0,10.0,38.4,1105.0,89.0,2.0,1
38.0,5.0,7.0,20.0,4526.0,23.0,1.0,1
41.0,2.0,6.0,54.0,7945.0,15.0,0.0,1
23.0,1.0,19.0,47.0,9719.0,25.0,1.0,1
45.0,1.0,20.0,8.0,13130.0,70.0,1.0,1
45.0,5.0,19.0,4.0,6083.0,86.0,1.0,1
64.0,7.0,11.0,3.0,14715.0,20.0,2.0,1
35.4,6.0,9.0,14.0,13979.0,3.0,1.0,1
48.0,3.0,10.0,31.0,13894.0,47.0,0.0,0
27.0,6.0,16.0,34.0,999999.0,51.0,0.0,0
20.0,4.0,25.0,7.0,8304.0,62.0,0.0,0
24.0,1.0,6.0,11.0,2606.0,7.0,2.0,0
28.0,4.0,24.0,31.0,8064.0,62.0,1.0,1
43.0,3.0,10.0,53.0,12038.0,87.0,2.0,1
53.0,5.0,1.0,43.0,13826.0,70.0,0.0,0
39.0,2.0,18.0,9.0,13048.0,31.0,0.0,1
44.0,5.0,28.0,49.0,791.0,6.0,2.0,1
54.0,6.0,26.0,23.0,3634.0,58.0,2.0,0
40.2,6.0,6.0,34.0,5760.0,23.0,1.0,1
29.0,6.0,15.0,22.0,11983.0,77.0,1.0,0
58.0,7.0,22.0,35.0,2240.0,32.0,2.0,1
20.0,5.0,3.0,16.0,13301.0,26.0,0.0,1
29.0,0.0,3.0,7.0,7390.0,21.0,0.0,0
32.0,4.0,13.0,40.0,10883.0,95.0,1.0,1
54.0,3.0,26.0,47.0,9741.0,97.0,2.0,0
45.0,2.0,9.0,54.0,4818.0,52.0,1.0,1
63.0,3.0,22.0,52.0,328.0,78.0,2.0,1
40.0,1.0,13.0,48.0,5939.0,79.0,0.0,1
56.0,7.0,2.0,41.0,6050.0,23.0,2.0,0
50.0,2.0,4.0,18.0,8268.0,94.0,0.0,1
64.0,4.0,19.6,16.0,11300.0,8.0,1.0,0
31.0,6.0,10.0,38.0,11562.0,29.0,2.0,0
45.0,7.0,16.0,47.0,12487.0,76.0,0.0,1
26.0,2.0,25.0,35.0,913.0,10.0,1.0,0
57.0,1.0,23.0,28.0,7951.0,62.0,2.0,1
34.0,4.0,21.0,12.0,3534.0,28.0,0.0,1
43.0,4.0,18.0,43.0,13413.0,62.0,2.0,1
58.0,7.0,13.0,34.0,7745.0,12.0,2.0,0
57.0,6.0,15.0,31.0,486.0,84.0,0.0,0
29.4,7.0,16.0,17.0,10794.0,7.0,0.0,1
61.0,6.0,2.0,22.0,9031.0,16.0,1.0,0
37.0,3.0,24.0,2.0,14174.0,98.0,2.0,0
36.4,6.0,9.0,32.0,10759.0,44.0,1.0,0
33.0,5.0,15.0,50.0,3330.0,59.0,0.0,1
38.0,3.0,16.0,31.0,14572.0,15.0,2.0,0
49.0,5.0,27.0,56.0,10389.0,69.0,1.0,1
34.0,5.0,25.0,47.0,12068.0,65.0,2.0,1
38.0,4.0,16.6,25.0,5041.0,45.0,1.0,0
60.0,4.0,15.8,31.0,2125.0,41.0,2.0,1
44.0,4.0,23.0,45.0,708.0,25.0,2.0,1
43.0,2.0,17.0,24.0,14948.0,8.0,0.0,0
47.0,3.0,22.0,37.0,10944.0,57.0,0.0,1
35.4,6.0,10.0,29.0,2206.0,74.0,1.0,0
57.0,1.0,7.0,1.0,9031.0,37.0,2.0,0
18.0,5.0,26.0,11.0,5395.0,72.0,1.0,0
50.0,6.0,6.0,17.0,14405.0,42.0,2.0,0
33.0,0.0,22.0,42.0,10187.0,77.0,2.0,0
25.0,2.0,3.0,12.0,3722.0,54.0,0.0,1
37.0,4.0,29.0,34.0,999999.0,81.0,2.0,1
19.0,3.0,17.0,47.0,6510.0,90.0,0.0,0
47.0,6.0,10.0,31.0,2482.0,43.0,0.0,0
63.0,3.0,3.0,18.0,7020.0,41.0,1.0,0
57.0,6.0,22.0,2.0,1313.0,46.0,1.0,1
35.0,6.0,4.0,3.0,2108.0,70.0,0.0,0
48.0,2.0,17.0,50.0,5495.0,82.0,2.0,0
40.0,3.0,8.0,39.0,2402.0,6.0,1.0,0
35.0,4.0,23.0,4.0,8362.0,70.0,2.0,1
35.0,7.0,13.0,22.0,2691.0,84.0,2.0,1
61.0,7.0,7.0,56.0,4001.0,32.0,2.0,1
37.0,6.0,24.0,25.0,617.0,37.0,2.0,0
25.0,7.0,5.0,3.0,5536.0,32.0,1.0,1
31.0,7.0,13.0,40.0,7519.0,67.0,0.0,1
36.0,6.0,8.0,39.0,11482.0,64.0,2.0,1
51.0,5.0,4.0,40.0,4090.0,23.0,0.0,0
36.0,3.0,15.0,24.2,11656.0,23.0,0.0,0
56.0,4.0,29.0,26.8,3618.0,13.0,0.0,0
45.0,6.0,6.0,6.0,14843.0,1.0,0.0,1
44.0,3.0,16.2,12.0,773.0,76.0,0.0,0
44.0,6.0,8.0,5.0,14294.0,61.0,0.0,1
43.0,6.0,19.0,32.0,12204.0,32.0,0.0,0
42.0,7.0,12.0,1.0,5625.0,21.0,2.0,0
33.0,7.0,5.0,56.0,13253.0,34.0,2.0,0
39.4,3.0,10.0,16.0,5915.0,16.0,2.0,1
53.0,5.0,7.0,42.0,7774.0,60.0,2.0,1
38.0,2.0,13.0,56.0,10202.0,93.0,1.0,1
52.0,0.0,5.0,1.0,8788.0,54.0,1.0,0
23.0,2.0,22.0,21.0,2130.0,90.0,0.0,0
36.0,6.0,12.0,42.0,8107.0,53.0,2.0,0
58.0,2.0,12.0,34.0,3312.0,7.0,1.0,1
39.0,0.0,11.0,9.0,11788.0,69.0,1.0,0
43.0,2.0,26.0,38.0,14994.0,41.0,1.0,1
19.0,7.0,6.0,1.0,4277.0,33.0,1.0,0
50.0,6.0,12.0,55.0,12238.0,27.0,2.0,0
48.0,6.0,11.0,32.0,1263.0,78.0,1.0,0
54.0,0.0,26.0,1.0,4889.0,79.0,0.0,0
47.0,7.0,16.0,40.0,2916.0,57.0,2.0,0
51.0,6.0,18.0,35.0,5842.0,43.0,0.0,1
44.0,0.0,25.0,18.0,13382.0,22.0,1.0,1
53.0,1.0,12.0,31.0,9427.0,17.0,0.0,0
47.0,2.0,4.0,7.0,5497.0,96.0,2.0,1
19.0,0.0,4.0,56.0,3342.0,93.0,1.0,1
35.0,0.0,16.0,33.0,5844.0,16.0,0.0,1
45.0,6.0,16.0,2.0,4282.0,61.0,1.0,0
38.0,5.0,15.0,43.0,5760.0,64.0,1.0,0
19.0,2.0,9.0,23.0,8710.0,5.0,1.0,0
38.0,3.0,17.0,16.0,12078.0,6.0,2.0,1
42.0,6.0,8.0,13.0,5803.0,70.0,0.0,0
33.0,7.0,17.0,18.0,6078.0,39.0,1.0,0
64.0,2.0,22.0,1.0,8718.0,91.0,2.0,0
37.0,1.0,10.0,43.0,6363.0,86.0,0.0,0
48.0,7.0,23.0,7.0,1996.0,27.0,0.0,1
30.0,6.0,13.0,2.0,7621.0,94.0,2.0,0
49.0,5.0,8.0,20.0,4609.0,53.0,2.0,0
42.0,2.0,25.0,34.0,7847.0,45.0,2.0,1
34.0,4.0,8.0,2.0,2887.0,72.0,2.0,1
20.0,3.0,25.0,17.0,14839.0,36.0,1.0,0
34.0,0.0,23.0,8.0,9561.0,2.0,2.0,1
48.0,1.0,13.0,25.0,5574.0,91.0,1.0,1
53.0,6.0,9.0,1.0,13827.0,21.0,1.0,0
19.0,1.0,16.0,53.0,1964.0,37.0,1.0,1
54.0,0.0,18.0,4.0,12540.0,43.0,0.0,1
38.0,2.0,28.0,20.0,6133.0,47.0,1.0,1
150.0,6.0,7.0,4.0,12228.0,45.0,2.0,1
37.0,3.0,13.0,2.0,13661.0,27.0,2.0,0
50.0,0.0,14.8,52.0,2117.0,33.0,2.0,0
39.0,6.0,18.0,12.0,9733.0,97.0,2.0,0
58.0,1.0,20.0,44.0,13638.0,8.0,1.0,1
47.0,0.0,26.0,19.0,11361.0,14.0,0.0,0
25.0,4.0,9.0,22.0,986.0,51.0,1.0,0
55.0,4.0,27.0,3.0,14392.0,88.0,2.0,1
21.0,2.0,17.0,54.0,5014.0,54.0,2.0,1
40.0,7.0,18.0,52.0,5066.0,33.0,1.0,1
24.0,4.0,5.0,5.0,8732.0,90.0,0.0,1
29.0,2.0,16.2,43.0,6978.0,78.0,2.0,0
51.0,5.0,2.0,35.0,9632.0,85.0,1.0,1
25.0,2.0,16.0,12.0,5246.0,66.0,0.0,1
25.0,3.0,24.0,8.0,1027.0,22.0,1.0,0
43.6,7.0,22.0,32.0,9305.0,33.0,0.0,1
29.0,3.0,17.0,31.0,2603.0,81.0,1.0,1
41.0,2.0,10.0,34.0,409.0,45.0,2.0,1
38.4,4.0,28.0,48.0,7871.0,53.0,0.0,1
54.0,5.0,16.0,31.0,11676.0,33.0,0.0,1
42.0,3.0,8.2,37.0,1548.0,36.0,2.0,1
48.0,2.0,18.0,23.0,13854.0,33.0,0.0,1
24.0,4.0,25.0,13.0,3863.0,37.0,2.0,0
32.0,5.0,7.0,28.0,12402.0,37.0,2.0,1
48.0,5.0,12.0,47.0,11265.0,81.0,1.0,0
42.0,7.0,19.0,45.0,4642.0,78.0,2.0,1
33.0,2.0,24.0,22.0,6955.0,35.0,2.0,0
22.0,2.0,26.0,27.0,14677.0,60.0,0.0,0
36.0,1.0,23.0,20.0,10115.0,66.0,1.0,0
26.0,6.0,6.0,2.0,2505.0,18.0,2.0,0
32.0,6.0,17.0,6.0,8441.0,57.0,2.0,1
22.0,7.0,9.0,20.0,13903.0,16.0,0.0,0
51.0,5.0,18.0,55.0,13290.0,13.0,0.0,1
43.0,5.0,2.0,54.0,7298.0,30.0,0.0,1
21.0,5.0,27.0,39.0,13417.0,69.0,2.0,1
46.0,5.0,5.0,54.0,9026.0,68.0,2.0,1
30.4,3.0,26.0,17.0,6991.0,38.0,2.0,0
24.0,2.0,19.0,57.0,357.0,79.0,1.0,0
46.0,5.0,1.0,49.0,4041.0,13.0,1.0,1
46.0,5.0,8.0,58.0,5081.0,38.0,1.0,1
45.0,7.0,11.0,38.0,8329.0,31.0,0.0,0
50.0,1.0,18.0,57.0,2972.0,77.0,1.0,0
23.0,0.0,19.8,49.0,12582.0,55.0,1.0,0
46.0,7.0,26.0,53.0,12943.0,79.0,0.0,1
28.0,6.0,21.0,17.0,9006.0,95.0,0.0,0
48.0,7.0,24.0,42.0,5972.0,9.0,0.0,1
55.0,2.0,24.0,2.0,5939.0,28.0,0.0,1
28.0,2.0,22.0,8.0,1583.0,16.0,1.0,0
56.0,0.0,3.0,23.0,3412.0,21.0,2.0,1
41.0,2.0,15.0,11.0,1575.0,62.0,2.0,1
41.0,7.0,15.0,28.0,3389.0,70.0,0.0,1
62.0,7.0,26.0,51.0,8803.0,70.0,2.0,0
55.0,6.0,27.0,54.0,12587.0,53.0,2.0,1
53.0,2.0,27.0,7.0,5645.0,24.0,0.0,1
41.0,3.0,18.0,53.0,12226.0,48.0,0.0,1
58.0,6.0,26.0,24.0,2399.0,48.0,2.0,0
28.0,1.0,27.0,20.0,13235.0,85.0,0.0,1
40.0,0.0,4.0,27.0,9694.0,16.0,1.0,1
53.0,3.0,21.0,53.0,3977.0,53.0,2.0,1
38.0,7.0,14.0,53.0,6973.0,90.0,1.0,0
61.0,5.0,3.0,24.4,4549.0,49.0,0.0,0
37.0,7.0,20.0,17.0,1832.0,32.0,0.0,1
42.0,2.0,11.0,52.0,12911.0,80.0,1.0,1
42.0,0.0,27.0,26.0,854.0,14.0,0.0,0
53.0,3.0,18.0,19.0,6481.0,26.0,0.0,0
44.4,5.0,9.0,51.0,14525.0,70.0,0.0,0
60.0,7.0,19.0,7.0,3143.0,51.0,0.0,0
20.0,2.0,26.0,32.0,1568.0,71.0,0.0,1
34.0,6.0,11.0,14.0,8016.0,89.0,0.0,0
19.0,0.0,27.0,45.0,6438.0,89.0,2.0,0
24.0,7.0,13.0,21.0,13649.0,81.0,1.0,0
56.0,2.0,17.0,59.0,1174.0,61.0,1.0,1
64.0,3.0,27.0,1.0,4524.0,80.0,0.0,1
64.8,6.0,16.8,52.0,9762.0,18.0,1.0,0
30.0,6.0,16.4,51.0,9451.0,7.0,2.0,0
23.0,2.0,9.0,49.0,13169.0,23.0,0.0,1
43.0,3.0,27.0,35.0,2189.0,37.0,2.0,0
57.0,3.0,23.0,51.0,12227.0,86.0,0.0,0
54.0,5.0,5.0,6.0,12559.0,85.0,2.0,0
49.0,6.0,7.0,39.0,10161.0,74.0,2.0,0
47.0,4.0,11.0,4.0,7013.0,42.0,2.0,0
32.0,2.0,28.0,15.0,14756.0,34.0,2.0,1
42.0,5.0,15.0,31.0,8192.0,86.0,2.0,1
21.0,5.0,14.0,23.0,861.0,32.0,1.0,1
24.0,1.0,25.0,13.0,4579.0,17.0,0.0,1
50.0,4.0,2.0,4.0,747.0,71.0,1.0,0
49.6,3.0,3.0,18.0,6648.0,19.0,0.0,1
25.0,4.0,1.0,39.0,1886.0,83.0,1.0,1
27.0,4.0,7.0,18.0,10545.0,28.0,1.0,1
40.4,0.0,16.0,58.0,6319.0,42.0,2.0,0
42.0,2.0,4.0,48.0,10954.0,80.0,2.0,0
30.0,7.0,19.0,17.0,14088.0,10.0,0.0,0
31.0,2.0,15.0,38.0,13582.0,62.0,1.0,1
41.0,5.0,1.0,37.0,13874.0,31.0,2.0,1
30.0,3.0,1.0,12.0,12695.0,27.0,1.0,1
46.0,4.0,5.0,39.0,5917.0,28.0,0.0,1
36.0,2.0,14.0,45.0,12349.0,21.0,1.0,1
48.0,7.0,2.0,10.0,13316.0,28.0,2.0,0
20.0,1.0,5.0,48.0,6765.0,31.0,1.0,0
51.0,2.0,11.0,8.0,5461.0,44.0,1.0,0
33.0,6.0,14.6,16.0,14868.0,95.0,1.0,0
22.0,7.0,6.0,26.0,5506.0,79.0,1.0,1
57.0,7.0,13.0,17.0,4200.0,78.0,1.0,1
46.0,6.0,23.0,36.0,3076.0,39.0,1.0,0
22.0,7.0,9.0,33.4,8776.0,19.0,2.0,0
44.0,5.0,19.0,17.0,3849.0,6.0,1.0,0
36.0,0.0,2.0,12.0,4181.0,6.0,2.0,1
41.0,2.0,6.0,7.0,10494.0,59.0,2.0,0
49.0,3.0,8.0,39.0,4138.0,11.0,1.0,1
59.0,5.0,21.0,27.0,2126.0,50.0,2.0,1
58.0,1.0,7.0,56.0,1896.0,35.0,2.0,1
56.0,0.0,6.0,2.0,9713.0,63.0,0.0,0
18.0,4.0,13.0,26.0,11606.0,38.0,1.0,1
63.0,0.0,19.0,51.0,4155.0,83.0,1.0,1
25.0,4.0,15.0,35.0,11503.0,64.0,0.0,1
32.0,7.0,24.0,39.0,742.0,16.0,1.0,1
52.0,3.0,20.0,53.0,12409.0,98.0,1.0,0
24.0,1.0,29.0,33.2,14868.0,49.0,2.0,1
26.0,6.0,8.0,41.0,10060.0,95.0,0.0,1
49.0,4.0,16.0,7.0,12973.0,14.0,1.0,0
33.0,4.0,18.0,19.0,4296.0,37.0,2.0,0
51.0,4.0,24.0,51.0,11162.0,27.0,0.0,0
18.0,1.0,26.0,17.0,8112.0,46.0,1.0,1
42.0,7.0,13.0,3.0,8318.0,53.0,2.0,1
50.0,2.0,3.0,40.4,9740.0,33.0,2.0,0
63.0,3.0,19.0,4.0,11924.0,35.0,1.0,0
39.0,2.0,2.0,42.0,8794.0,17.0,1.0,1
43.0,5.0,25.0,51.0,13844.0,89.0,2.0,1
31.0,4.0,23.0,35.0,12594.0,93.0,1.0,1
49.0,7.0,22.0,49.0,5691.0,49.0,2.0,1
52.0,3.0,12.0,13.0,1270.0,72.0,1.0,1
53.0,7.0,8.0,8.0,4384.0,20.0,2.0,0
43.0,7.0,20.0,32.2,6048.0,43.0,0.0,1
62.0,2.0,25.0,15.0,14418.0,29.0,1.0,1
58.0,5.0,3.0,13.0,12591.0,60.0,0.0,0
31.0,3.0,28.0,49.0,3882.0,55.0,1.0,1
23.0,1.0,2.0,3.0,2235.0,5.0,2.0,1
62.0,7.0,22.0,2.0,13464.0,23.0,1.0,0
22.0,5.0,26.0,34.0,7040.0,11.0,1.0,1
47.0,5.0,14.0,38.0,12907.0,71.0,2.0,0
34.0,6.0,13.0,17.4,14108.0,2.0,2.0,0
54.0,1.0,22.0,5.0,11276.0,93.0,0.0,1
58.0,2.0,23.0,58.0,10367.0,45.0,0.0,0
59.0,6.0,28.0,36.0,2185.0,10.0,2.0,0
33.0,3.0,28.0,57.0,4691.0,19.0,0.0,1
64.0,4.0,9.0,44.0,7872.0,62.0,2.0,0
41.6,2.0,9.0,6.0,10034.0,86.0,1.0,1
29.0,1.0,5.0,35.0,14301.0,17.0,0.0,1
58.0,5.0,7.0,41.0,976.0,73.0,0.0,0
52.0,7.0,6.0,30.0,12521.0,39.0,1.0,1
29.0,6.0,11.0,44.0,9687.0,62.0,0.0,0
59.0,7.0,19.0,55.0,11038.0,87.0,2.0,0
38.0,7.0,16.0,50.0,13111.0,19.0,0.0,0
50.0,7.0,7.0,31.0,8513.0,81.0,2.0,0
44.0,1.0,29.0,33.0,8809.0,76.0,2.0,1
63.0,2.0,15.0,37.0,7886.0,95.0,0.0,0
29.0,3.0,24.0,12.0,4856.0,30.0,1.0,0
52.0,2.0,2.0,31.0,1461.0,78.0,1.0,1
23.0,2.0,1.0,32.0,7514.0,9.0,1.0,0
58.0,6.0,7.0,23.0,3037.0,63.0,1.0,0
57.0,4.0,26.0,52.0,3339.0,49.0,1.0,0
51.0,1.0,5.0,59.0,3431.0,60.0,1.0,0
58.0,1.0,12.0,58.0,10906.0,53.0,2.0,1
38.8,6.0,4.0,44.0,13139.0,72.0,0.0,1
28.0,4.0,18.2,19.0,2652.0,35.0,1.0,1
26.0,6.0,17.0,27.6,8383.0,71.0,2.0,0
60.0,5.0,16.0,19.0,6898.0,19.0,2.0,1
42.8,7.0,23.0,21.0,14533.0,28.0,2.0,0
60.0,7.0,10.0,43.0,2879.0,68.0,1.0,0
50.0,5.0,18.0,19.0,2017.0,66.0,2.0,1
36.0,7.0,25.0,7.0,13468.0,41.0,2.0,0
53.0,0.0,13.0,20.0,4736.0,73.0,0.0,1
59.0,0.0,9.0,59.0,10445.0,53.0,1.0,0
26.0,0.0,23.0,23.0,1176.0,22.0,1.0,1
64.0,1.0,9.0,18.0,3077.0,51.0,0.0,0
30.0,2.0,16.0,8.0,12908.0,82.0,1.0,1
47.0,3.0,17.0,34.0,4344.0,88.0,1.0,0
33.0,1.0,7.0,43.0,7192.0,44.0,2.0,0
60.0,4.0,2.0,2.0,12387.0,61.0,0.0,1
31.0,2.0,14.0,27.0,4431.0,74.0,1.0,1
23.0,5.0,19.8,40.0,3241.0,61.0,2.0,1
24.0,7.0,6.0,29.0,6989.0,39.0,0.0,0
24.0,3.0,11.0,11.0,14835.0,53.0,1.0,0
60.0,3.0,14.0,41.0,14035.0,50.0,2.0,0
55.0,1.0,29.0,13.0,5485.0,65.0,1.0,0
30.0,1.0,11.0,6.0,10664.0,3.0,2.0,0
19.0,2.0,18.0,32.0,7503.0,74.0,1.0,1
38.0,7.0,3.0,15.0,14345.0,83.0,2.0,1
58.0,2.0,4.0,45.0,8179.0,26.0,2.0,0
53.0,5.0,6.0,50.0,7134.0,40.0,1.0,1
35.0,2.0,10.6,32.0,10670.0,1.0,2.0,1
45.0,5.0,28.0,59.0,14907.0,25.0,2.0,0
42.0,6.0,10.0,1.0,13702.0,29.0,0.0,1
25.0,3.0,26.0,13.0,2902.0,63.0,1.0,0
63.0,1.0,29.0,18.0,9916.0,88.0,1.0,1
49.0,5.0,4.0,35.8,2108.0,39.0,2.0,0
57.0,0.0,20.0,22.0,980.0,10.0,2.0,1
61.0,7.0,14.0,20.0,1074.0,63.0,2.0,1
43.0,5.0,5.0,8.0,3763.0,43.0,1.0,1
51.0,6.0,29.0,25.0,4592.0,38.0,1.0,1
26.0,6.0,17.0,56.0,10202.0,3.0,2.0,1
55.0,2.0,2.0,45.0,10596.0,31.0,0.0,1
49.0,1.0,9.0,55.0,5515.0,77.0,2.0,1
29.0,7.0,21.0,13.0,2858.0,76.0,2.0,0
62.0,5.0,8.0,29.0,7776.0,40.0,0.0,1
28.0,3.0,26.0,48.0,12341.0,39.0,0.0,1
49.0,7.0,25.0,42.0,8067.0,97.0,2.0,1
35.0,7.0,4.0,10.0,7405.0,72.0,2.0,1
33.0,6.0,24.0,29.0,13475.0,21.0,2.0,1
44.0,6.0,23.0,43.0,10807.0,19.0,1.0,1
47.2,4.0,13.0,13.0,5051.0,23.0,0.0,0
53.0,5.0,3.0,31.0,8493.0,36.0,1.0,1
37.0,6.0,27.0,5.0,9899.0,28.0,1.0,0
32.0,5.0,9.0,18.0,2410.0,68.0,2.0,1
38.0,7.0,17.0,8.0,3392.0,43.0,0.0,1
18.0,5.0,21.0,2.0,1917.0,67.0,0.0,1
26.0,4.0,29.0,30.0,1735.0,70.0,0.0,1
24.0,6.0,10.0,44.0,14621.0,16.0,2.0,0
61.0,1.0,19.0,25.0,7442.0,20.0,1.0,0
19.0,1.0,23.0,2.0,12490.0,74.0,1.0,0
54.0,6.0,11.0,21.0,8001.0,88.0,1.0,0
21.0,0.0,22.0,23.4,9506.0,41.0,0.0,0
25.0,7.0,25.0,49.0,11520.0,85.0,1.0,0
42.0,5.0,9.0,25.0,6317.0,72.0,2.0,0
34.0,5.0,22.0,21.0,10365.0,35.0,0.0,0
33.0,7.0,27.0,9.0,563.0,60.0,0.0,0
22.0,0.0,23.0,17.0,14565.0,81.0,2.0,1
18.0,5.0,28.0,36.0,1761.0,21.0,2.0,1
63.0,3.0,19.0,43.0,4222.0,93.0,2.0,0
33.0,3.0,18.4,30.0,14120.0,48.0,0.0,0
48.0,0.0,6.0,32.0,8694.0,74.0,2.0,1
37.0,0.0,25.0,39.0,14507.0,61.0,2.0,0
46.0,0.0,25.0,19.0,4443.0,35.0,0.0,0
49.0,6.0,22.0,7.0,13943.0,5.0,1.0,1
55.0,3.0,13.0,8.0,12519.0,97.0,0.0,1
48.0,0.0,29.0,15.0,8378.0,28.0,1.0,0
24.0,7.0,25.0,36.6,7649.0,86.0,2.0,1
34.0,2.0,7.0,32.0,4377.0,53.0,0.0,0
47.0,5.0,16.0,36.0,7596.0,47.0,0.0,0
23.0,2.0,10.0,53.0,8132.0,50.0,0.0,0
41.0,2.0,16.0,16.0,8416.0,30.0,2.0,0
19.0,7.0,29.0,7.0,2614.0,56.0,1.0,0
58.0,1.0,26.0,53.0,14083.0,54.0,1.0,0
57.0,3.0,23.0,48.0,3948.0,71.0,0.0,1
55.0,0.0,5.0,35.0,14981.0,33.0,0.0,1
60.0,5.0,25.0,35.0,3724.0,75.0,2.0,0
26.0,7.0,9.0,33.0,5837.0,22.0,2.0,0
26.0,6.0,7.0,2.0,3559.0,81.0,1.0,0
64.0,2.0,11.0,1.0,1431.0,39.0,0.0,0
27.0,0.0,24.0,15.0,12789.0,41.0,1.0,0
32.0,3.0,26.0,24.0,12127.0,45.0,2.0,1
64.0,3.0,16.0,14.0,10635.0,50.0,1.0,0
28.0,7.0,24.0,29.0,1597.0,24.0,1.0,1
50.0,2.0,6.0,32.0,13972.0,25.0,0.0,0
35.2,5.0,13.0,49.0,9040.0,41.0,1.0,0
21.0,1.0,25.0,56.0,11536.0,75.0,1.0,0
41.0,7.0,18.0,13.0,6559.0,62.0,2.0,1
27.0,6.0,3.0,4.0,4381.0,3.0,2.0,1
26.0,2.0,2.0,11.0,699.0,54.0,2.0,0
42.0,7.0,26.0,4.0,14722.0,61.0,2.0,1
45.0,2.0,13.0,22.0,7908.0,26.0,2.0,1
47.0,6.0,28.0,56.0,3596.0,36.0,1.0,0
42.0,3.0,8.0,7.0,1045.0,42.0,0.0,0
62.0,3.0,9.0,43.0,1708.0,62.0,0.0,0
19.0,4.0,23.0,27.0,12620.0,71.0,2.0,1
58.0,1.0,26.0,28.0,1631.0,18.0,1.0,1
35.0,3.0,6.0,52.0,1228.0,68.0,0.0,1
39.0,2.0,27.0,30.0,11495.0,90.0,1.0,1
32.0,2.0,10.0,37.0,7176.0,48.0,1.0,1
26.0,0.0,17.0,56.0,546.0,64.0,0.0,0
41.0,4.0,19.0,58.0,4423.0,11.0,0.0,0
49.0,6.0,4.0,29.0,1710.0,73.0,2.0,1
43.0,0.0,1.0,2.0,4915.0,10.0,1.0,0
45.0,1.0,21.0,55.0,12050.0,33.0,1.0,1
19.0,2.0,29.0,47.0,5651.0,20.0,0.0,0
37.0,2.0,11.6,23.4,8409.0,39.0,1.0,0
38.0,0.0,3.0,31.0,927.0,68.0,0.0,0
29.0,3.0,4.0,41.0,13598.0,40.0,2.0,1
58.0,1.0,17.0,16.0,9784.0,81.0,0.0,1
36.0,1.0,27.0,59.0,8999.0,55.0,0.0,0
57.0,6.0,5.0,35.0,1612.0,76.0,0.0,1
26.0,2.0,2.0,27.0,9044.0,34.0,0.0,1
38.0,3.0,8.2,47.0,7961.0,37.0,1.0,0
19.0,4.0,28.0,18.0,1178.0,93.0,0.0,0
51.0,4.0,4.0,22.0,9623.0,10.0,0.0,0
35.0,7.0,18.2,17.0,13741.0,99.0,1.0,1
59.0,2.0,1.0,52.0,9796.0,55.0,0.0,0
63.0,2.0,25.0,33.0,1630.0,92.0,0.0,1
49.0,1.0,29.0,55.0,6914.0,13.0,0.0,0
27.0,3.0,27.0,44.0,14522.0,81.0,1.0,0
52.0,4.0,3.0,49.0,5877.0,25.0,2.0,1
55.0,2.0,13.0,3.0,14854.0,23.0,1.0,0
44.0,7.0,1.0,25.0,9747.0,34.0,2.0,0
50.4,5.0,21.0,40.0,4333.0,92.0,0.0,0
44.0,3.0,15.0,10.0,1339.0,12.0,2.0,0
48.0,5.0,17.0,51.0,13648.0,73.0,1.0,1
18.0,7.0,17.0,36.8,8861.0,73.0,1.0,1
51.0,0.0,11.0,8.0,4303.0,91.0,2.0,0
62.0,4.0,20.0,1.0,6920.0,1.0,1.0,1
63.0,6.0,22.0,12.0,5500.0,78.0,1.0,1
53.0,1.0,5.0,21.2,358.0,18.0,0.0,0
42.0,1.0,26.0,31.0,11837.0,57.0,2.0,1
63.0,1.0,29.0,36.0,674.0,83.0,1.0,0
28.0,5.0,12.4,43.0,13514.0,2.0,1.0,0
19.0,4.0,25.0,33.0,8385.0,19.0,1.0,1
57.0,7.0,25.0,33.0,10246.0,24.0,1.0,0
59.0,2.0,1.0,16.0,13964.0,50.0,1.0,1
43.0,1.0,20.0,30.0,6720.0,72.0,2.0,0
35.8,7.0,4.0,49.0,1832.0,23.0,2.0,0
28.0,1.0,11.8,30.0,12548.0,96.0,2.0,0
55.0,2.0,27.0,23.0,4307.0,62.0,1.0,0
49.0,3.0,28.0,44.0,7192.0,72.0,2.0,1
49.4,7.0,15.0,29.0,2750.0,6.0,2.0,1
62.0,1.0,14.0,13.0,2480.0,22.0,1.0,1
48.0,2.0,6.0,50.0,10653.0,6.0,2.0,1
38.0,5.0,28.0,19.0,12768.0,18.0,0.0,0
48.0,7.0,13.0,35.0,7249.0,50.0,1.0,0
55.0,5.0,16.0,5.0,12220.0,96.0,2.0,0
55.0,0.0,15.0,11.0,11677.0,30.0,2.0,1
42.0,2.0,24.0,32.0,7825.0,84.0,0.0,0
38.0,3.0,27.0,16.0,3057.0,45.0,1.0,0
53.0,6.0,14.0,53.0,8536.0,36.0,2.0,0
18.0,0.0,8.0,55.0,6346.0,23.0,0.0,1
33.0,6.0,25.0,56.0,4644.0,94.0,1.0,0
55.0,5.0,28.0,13.0,999999.0,20.0,1.0,1
45.0,2.0,22.0,1.0,6828.0,58.0,2.0,0
47.0,2.0,27.0,37.0,8868.0,47.0,0.0,0
32.0,5.0,10.0,55.0,14776.0,91.0,0.0,0
64.0,2.0,15.0,43.0,9556.0,23.0,1.0,1
33.0,4.0,20.0,37.0,10742.0,23.0,0.0,0
36.0,1.0,2.0,23.0,7548.0,27.0,1.0,0
34.0,4.0,25.0,26.2,4626.0,42.0,1.0,0
33.0,2.0,13.0,3.0,960.0,10.0,1.0,0
57.0,1.0,12.0,45.0,7718.0,67.0,0.0,1
50.0,5.0,7.0,15.0,11631.0,8.0,0.0,0
51.0,7.0,17.6,54.0,10897.0,62.0,2.0,1
47.0,0.0,5.0,42.0,1881.0,5.0,0.0,0
18.0,3.0,14.0,10.0,7009.0,72.0,2.0,0
37.0,7.0,27.0,14.0,2064.0,46.0,0.0,0
56.0,5.0,9.0,57.0,9109.0,39.0,0.0,1
28.0,1.0,18.0,14.0,5787.0,44.0,1.0,1
30.0,5.0,23.0,32.0,12320.0,60.0,1.0,0
56.0,1.0,22.0,41.0,3242.0,34.0,2.0,1
32.0,2.0,11.0,47.0,10066.0,43.0,1.0,0
45.0,5.0,28.0,34.6,6987.0,99.0,2.0,0
25.0,5.0,18.6,22.0,2839.0,64.0,1.0,1
24.0,4.0,24.0,7.0,14111.0,30.0,2.0,0
62.0,1.0,27.0,46.0,4397.0,19.0,1.0,1
62.0,6.0,7.0,44.0,838.0,12.0,0.0,0
62.0,4.0,7.0,23.0,14702.0,77.0,0.0,0
37.2,1.0,19.0,57.0,10681.0,76.0,1.0,1
53.0,1.0,10.0,41.0,3840.0,83.0,1.0,0
56.0,6.0,29.0,46.0,9900.0,37.0,2.0,1
25.0,0.0,20.0,18.6,3668.0,15.0,0.0,0
50.0,0.0,16.0,23.0,12914.0,8.0,0.0,0
59.0,6.0,21.0,33.0,2644.0,7.0,0.0,1
31.0,2.0,14.0,44.0,14063.0,20.0,2.0,1
47.0,6.0,26.0,39.0,8402.0,80.0,2.0,1
31.0,5.0,5.0,51.0,10225.0,33.0,1.0,1
30.0,5.0,1.0,11.0,9188.0,30.0,2.0,0
41.0,7.0,3.0,14.0,9213.0,74.0,2.0,0
61.0,0.0,24.0,28.0,4261.0,12.0,1.0,1
57.0,1.0,18.0,1.0,7529.0,90.0,2.0,0
34.0,5.0,10.0,35.0,13393.0,2.0,1.0,0
29.0,4.0,10.0,33.0,581.0,51.0,2.0,1
45.0,0.0,25.0,8.0,3307.0,35.0,1.0,1
42.0,0.0,13.4,22.0,1488.0,57.0,1.0,1
44.0,1.0,10.0,32.0,1740.0,99.0,2.0,1
44.2,4.0,1.0,26.0,13726.0,8.0,0.0,0
46.0,3.0,23.0,39.0,3685.0,37.0,0.0,1
49.2,6.0,3.0,25.0,6664.0,92.0,1.0,0
22.0,3.0,6.0,34.0,2110.0,59.0,1.0,0
48.0,2.0,15.0,29.0,8461.0,71.0,0.0,1
55.0,0.0,25.0,53.0,5496.0,15.0,0.0,0
45.0,3.0,11.0,6.0,6187.0,11.0,1.0,1
22.0,5.0,27.0,20.0,12887.0,75.0,0.0,0
62.0,5.0,11.0,25.0,6658.0,77.0,0.0,0
27.0,0.0,15.0,28.0,2905.0,22.0,2.0,1
48.0,1.0,12.0,7.0,7227.0,36.0,1.0,1
35.0,6.0,7.0,30.0,13034.0,4.0,0.0,1
64.0,7.0,11.0,1.0,14073.0,74.0,2.0,0
23.0,5.0,22.0,47.0,14189.0,21.0,0.0,0
50.0,0.0,2.0,15.0,11821.0,69.0,0.0,0
42.0,0.0,9.0,47.0,999999.0,44.0,0.0,1
64.0,2.0,19.0,15.0,5037.0,14.0,1.0,1
57.0,7.0,8.0,25.0,11359.0,27.0,2.0,0
54.0,1.0,23.0,43.0,10750.0,22.0,0.0,1
44.0,5.0,1.0,12.0,11383.0,95.0,0.0,0
63.0,2.0,27.0,55.0,11336.0,96.0,1.0,0
24.0,1.0,28.0,48.0,10382.0,2.0,0.0,0
52.0,5.0,7.0,17.0,9763.0,91.0,2.0,0
34.0,7.0,21.0,9.0,1136.0,25.0,1.0,1
64.0,5.0,21.0,27.4,7677.0,94.0,0.0,1
59.0,4.0,8.0,34.0,8142.0,95.0,0.0,0
52.0,1.0,27.0,20.0,7208.0,76.0,1.0,0
37.0,6.0,23.0,55.0,2649.0,58.0,2.0,1
56.0,4.0,22.0,55.0,13911.0,70.0,2.0,0
51.0,7.0,3.0,24.0,7549.0,71.0,2.0,0
20.0,6.0,16.0,41.0,10704.0,27.0,2.0,0
20.0,2.0,16.0,26.0,2097.0,42.0,2.0,0
44.8,7.0,15.0,49.0,12789.0,71.0,0.0,0
33.0,1.0,12.0,15.0,718.0,8.0,0.0,0
28.0,6.0,1.0,48.0,3347.0,45.0,1.0,0
45.0,1.0,23.0,53.0,5604.0,61.0,0.0,1
21.0,7.0,16.0,59.0,5558.0,88.0,1.0,0
25.0,1.0,29.0,22.0,14497.0,62.0,1.0,1
33.0,6.0,19.0,34.6,2129.0,60.0,2.0,1
27.0,3.0,3.0,19.0,6335.0,5.0,2.0,1
61.0,4.0,2.0,9.0,2723.0,79.0,1.0,1
64.0,3.0,26.0,2.0,7382.0,9.0,1.0,0
28.0,3.0,7.0,15.0,7134.0,97.0,1.0,0
35.0,1.0,5.0,49.0,7324.0,91.0,1.0,0
28.0,4.0,4.6,24.0,8122.0,83.0,2.0,1
51.0,2.0,2.0,40.0,11459.0,87.0,2.0,0
55.0,2.0,8.0,37.0,7985.0,26.0,0.0,1
40.8,2.0,27.0,56.0,12108.0,73.0,0.0,1
51.0,7.0,8.0,41.0,1808.0,45.0,0.0,1
41.8,4.0,8.0,6.0,11267.0,7.0,0.0,1
56.0,6.0,28.0,58.0,12300.0,57.0,2.0,1
61.0,7.0,27.0,33.0,12432.0,51.0,1.0,0
18.0,4.0,11.0,26.0,2015.0,40.0,1.0,0
49.0,0.0,24.0,8.0,11381.0,12.0,1.0,1
34.4,4.0,23.0,25.0,695.0,45.0,0.0,1
52.0,0.0,7.0,32.0,6555.0,96.0,1.0,1
29.0,1.0,17.0,3.0,14222.0,55.0,0.0,0
55.0,2.0,26.0,10.0,2101.0,3.0,1.0,0
43.0,4.0,24.0,17.0,12794.0,83.0,2.0,1
22.0,5.0,8.0,48.0,9389.0,23.0,2.0,1
35.0,6.0,25.0,23.0,1862.0,66.0,2.0,1
35.0,3.0,4.0,16.0,11139.0,86.0,0.0,0
20.0,7.0,22.0,6.0,9811.0,3.0,0.0,0
57.0,6.0,2.0,40.0,8288.0,32.0,1.0,1
51.0,0.0,21.0,37.0,2255.0,81.0,2.0,1
43.0,6.0,27.0,4.0,5616.0,29.0,1.0,0
48.0,6.0,14.0,55.0,9583.0,66.0,0.0,1
51.0,4.0,5.0,18.0,6156.0,28.0,0.0,1
60.0,5.0,7.0,43.0,1596.0,5.0,0.0,0
20.0,1.0,1.0,9.0,13304.0,16.0,0.0,0
38.0,4.0,24.0,39.0,12481.0,90.0,2.0,0
23.0,1.0,14.0,12.0,6372.0,18.0,2.0,1
62.0,0.0,6.0,53.0,256.0,51.0,2.0,0
18.0,7.0,15.0,51.0,8417.0,75.0,2.0,1
49.0,6.0,6.0,53.0,11242.0,60.0,2.0,0
28.0,3.0,18.0,35.8,3888.0,11.0,0.0,1
57.0,7.0,10.0,12.0,5250.0,56.0,2.0,0
25.0,0.0,24.0,1.0,10741.0,94.0,1.0,1
25.0,5.0,15.0,3.0,9234.0,80.0,0.0,0
44.0,1.0,15.4,29.0,5537.0,18.0,2.0,1
49.0,1.0,29.0,47.0,1161.0,4.0,0.0,0
56.0,4.0,9.0,7.0,577.0,57.0,1.0,1
55.0,2.0,5.0,38.0,13633.0,16.0,0.0,1
55.0,4.0,20.0,35.0,13893.0,43.0,0.0,0
38.4,0.0,20.0,10.0,10194.0,84.0,0.0,1
56.0,0.0,29.0,5.0,3598.0,9.0,0.0,0
49.0,0.0,12.0,46.0,7248.0,64.0,2.0,1
31.0,3.0,13.0,55.0,14091.0,83.0,0.0,0
41.2,7.0,27.0,25.0,4647.0,47.0,2.0,1
41.0,4.0,24.0,53.0,999999.0,40.0,1.0,1
37.0,3.0,2.0,6.0,4310.0,13.0,0.0,0
28.0,0.0,18.0,2.0,3718.0,44.0,0.0,1
59.0,5.0,12.0,9.0,11610.0,2.0,2.0,0
42.0,7.0,11.0,7.0,10169.0,93.0,2.0,1
48.0,4.0,19.0,10.0,1409.0,33.0,2.0,0
61.0,2.0,1.0,12.0,1441.0,61.0,1.0,1
33.0,7.0,13.0,8.0,10428.0,92.0,0.0,0
43.0,0.0,6.0,6.0,8675.0,40.0,1.0,1
48.0,0.0,9.0,52.0,10115.0,82.0,2.0,0
36.0,1.0,24.0,42.0,7391.0,32.0,1.0,0
56.0,0.0,9.0,57.0,3835.0,1.0,1.0,0
35.0,7.0,26.0,39.0,9692.0,56.0,2.0,1
50.0,2.0,18.0,6.0,14297.0,37.0,0.0,0
37.0,1.0,19.0,56.0,11021.0,64.0,0.0,1
48.0,0.0,22.0,38.0,3568.0,39.0,2.0,0
22.0,5.0,10.0,53.0,12146.0,93.0,1.0,0
29.0,5.0,23.0,43.0,9724.0,5.0,0.0,0
35.0,7.0,11.0,22.0,9893.0,85.0,2.0,0
50.0,0.0,12.0,45.0,5363.0,46.0,1.0,1
50.0,6.0,18.0,41.2,7165.0,21.0,2.0,1
23.0,6.0,1.0,34.8,10866.0,64.0,2.0,0
38.0,4.0,19.0,19.6,858.0,28.0,2.0,1
51.0,5.0,20.0,46.0,11627.0,93.0,1.0,0
43.0,4.0,24.0,42.0,2983.0,52.0,0.0,0
44.0,2.0,14.0,59.0,9026.0,37.0,1.0,1
47.0,1.0,24.0,49.0,13407.0,99.0,0.0,0
18.0,7.0,11.0,35.0,11131.0,37.0,1.0,0
46.0,3.0,4.0,59.0,1853.0,68.0,0.0,0
62.0,2.0,14.0,31.0,6514.0,49.0,1.0,0
56.0,6.0,11.0,44.0,5245.0,90.0,1.0,1
64.0,3.0,23.0,22.0,4332.0,31.0,1.0,0
49.0,4.0,24.0,12.0,11395.0,2.0,1.0,1
53.0,3.0,24.0,6.0,3019.0,64.0,1.0,1
49.0,1.0,4.0,12.0,1505.0,3.0,2.0,0
18.0,3.0,22.0,47.0,10982.0,11.0,0.0,0
20.0,7.0,8.0,59.0,11896.0,31.0,1.0,1
40.0,3.0,16.0,40.0,4756.0,6.0,2.0,0
44.0,2.0,6.0,40.8,5724.0,44.0,1.0,1
45.0,0.0,1.0,26.0,13805.0,23.0,2.0,0
30.0,0.0,20.4,7.0,1940.0,67.0,2.0,1
41.0,2.0,2.0,42.0,14624.0,38.0,1.0,0
39.0,1.0,22.0,23.0,1359.0,7.0,1.0,0
29.0,0.0,10.0,19.0,5080.0,50.0,1.0,0
36.0,0.0,2.0,56.0,9895.0,82.0,1.0,1
49.0,6.0,19.0,6.0,999.0,55.0,1.0,1
39.0,0.0,1.0,33.0,12462.0,33.0,0.0,1
23.0,4.0,26.0,47.0,14488.0,59.0,2.0,0
60.0,7.0,15.0,45.0,3669.0,96.0,1.0,1
48.0,5.0,24.0,5.0,12722.0,10.0,1.0,1
58.0,0.0,23.0,56.0,2366.0,91.0,1.0,1
24.0,1.0,7.0,47.0,7887.0,70.0,2.0,1
45.0,6.0,10.0,59.0,2272.0,38.0,2.0,0
42.0,4.0,4.0,6.0,9454.0,38.0,2.0,1
20.0,0.0,22.0,40.0,11692.0,55.0,0.0,0
50.0,1.0,13.0,31.0,6401.0,32.0,2.0,0
21.0,4.0,16.0,48.0,3369.0,88.0,0.0,1
26.0,5.0,21.0,1.0,7818.0,21.0,2.0,1
19.0,1.0,17.0,41.0,7043.0,69.0,2.0,1
33.0,6.0,28.0,45.0,6586.0,46.0,0.0,1
43.0,4.0,20.0,56.0,14921.0,1.0,1.0,1
57.0,4.0,23.0,4.0,6961.0,65.0,0.0,0
33.0,2.0,8.0,5.0,13399.0,82.0,1.0,1
52.0,0.0,18.6,6.0,2378.0,7.0,1.0,1
34.0,5.0,6.0,32.0,3748.0,76.0,2.0,1
52.0,3.0,11.0,41.0,6371.0,6.0,1.0,0
32.0,7.0,8.0,28.0,13993.0,54.0,1.0,1
61.0,1.0,4.0,30.0,1191.0,12.0,0.0,0
64.0,2.0,27.0,27.0,3563.0,5.0,1.0,1
39.0,6.0,19.0,6.0,14400.0,88.0,0.0,0
31.0,6.0,2.0,33.0,10415.0,96.0,1.0,0
57.0,1.0,17.0,15.0,786.0,60.0,2.0,0
53.0,5.0,16.0,48.0,6761.0,17.0,0.0,1
26.0,0.0,19.0,2.0,14157.0,29.0,0.0,1
32.0,4.0,19.8,57.0,14041.0,25.0,2.0,1
61.0,5.0,4.0,13.0,6078.0,62.0,2.0,0
57.0,5.0,4.0,4.0,9382.0,62.0,0.0,1
25.0,1.0,4.0,31.0,11868.0,1.0,2.0,0
39.0,1.0,13.0,8.0,14683.0,88.0,1.0,1
38.0,2.0,18.0,31.0,12178.0,41.0,2.0,1
45.0,0.0,6.0,37.0,5439.0,66.0,2.0,0
62.0,6.0,29.0,39.0,8133.0,26.0,0.0,0
61.0,2.0,10.0,32.0,9627.0,94.0,2.0,0
48.8,3.0,16.0,43.0,12061.0,15.0,1.0,0
64.0,4.0,24.0,21.0,14628.0,47.0,0.0,1
36.0,1.0,27.0,13.0,10256.0,54.0,2.0,1
51.0,5.0,5.0,15.0,1263.0,41.0,1.0,1
18.0,4.0,11.0,36.0,3823.0,90.0,1.0,1
19.0,3.0,18.0,57.0,5830.0,91.0,1.0,1
19.0,2.0,21.0,48.0,5958.0,56.0,0.0,0
18.0,3.0,11.0,35.0,7635.0,53.0,0.0,1
20.0,0.0,9.0,21.0,3019.0,99.0,0.0,1
27.0,5.0,9.0,9.0,594.0,52.0,2.0,0
23.0,4.0,20.0,46.0,14344.0,18.0,1.0,0
53.0,1.0,18.0,8.0,4525.0,52.0,0.0,0
19.0,1.0,14.0,58.0,5628.0,67.0,1.0,0
22.0,3.0,2.0,43.4,9404.0,97.0,2.0,0
48.0,2.0,17.0,53.0,13443.0,72.0,2.0,1
64.0,0.0,12.0,39.0,2070.0,84.0,2.0,0
35.0,2.0,23.0,41.2,3114.0,56.0,0.0,0
44.0,1.0,15.0,8.0,2387.0,73.0,0.0,1
37.0,2.0,13.0,40.6,480.0,95.0,1.0,0
58.0,1.0,22.0,33.0,5631.0,40.0,2.0,0
37.6,1.0,15.0,27.0,4999.0,31.0,0.0,0
60.0,6.0,15.0,58.0,999.0,83.0,1.0,0
45.0,3.0,18.0,25.0,460.0,86.0,0.0,1
57.0,4.0,5.0,29.0,11561.0,59.0,2.0,0
39.8,1.0,17.0,54.0,3826.0,93.0,1.0,1
34.0,3.0,17.0,14.0,9336.0,17.0,0.0,0
44.0,7.0,15.0,55.0,2878.0,13.0,1.0,0
41.0,2.0,8.0,24.0,4099.0,14.0,0.0,1
43.0,5.0,14.0,31.0,574.0,87.0,0.0,1
31.0,7.0,25.0,58.0,6483.0,13.0,0.0,0
35.0,1.0,11.0,13.0,8637.0,41.0,0.0,0
40.0,6.0,29.0,19.0,1662.0,92.0,1.0,1
59.0,6.0,13.0,28.0,9276.0,55.0,1.0,1
44.0,3.0,3.0,49.0,3460.0,72.0,1.0,0
32.0,2.0,1.0,52.0,12236.0,34.0,2.0,1
18.0,5.0,15.0,33.0,9193.0,62.0,1.0,0
42.0,3.0,10.0,7.0,9086.0,80.0,1.0,1
29.0,7.0,5.0,40.0,400.0,26.0,1.0,0
49.0,3.0,16.6,46.0,12126.0,64.0,1.0,1
28.0,5.0,27.0,45.0,8009.0,11.0,0.0,0
34.6,4.0,27.0,59.0,3123.0,39.0,2.0,0
26.0,2.0,3.0,9.0,2116.0,22.0,0.0,1
54.0,6.0,9.0,50.0,4018.0,32.0,0.0,1
26.0,2.0,14.0,26.0,2846.0,29.0,2.0,0
40.0,0.0,29.0,51.0,2298.0,11.0,2.0,0
23.0,7.0,17.0,11.0,11856.0,81.0,2.0,0
59.0,4.0,23.0,25.0,4995.0,91.0,1.0,0
27.0,5.0,2.0,19.0,4863.0,91.0,2.0,1
47.0,7.0,2.0,54.0,1287.0,59.0,2.0,1
32.0,7.0,29.0,8.0,13393.0,89.0,1.0,1
55.0,2.0,19.0,11.0,3981.0,75.0,2.0,0
49.0,4.0,24.0,27.0,9161.0,58.0,2.0,0
25.0,3.0,17.0,8.0,1622.0,41.0,0.0,1
24.0,0.0,3.0,26.0,8098.0,66.0,0.0,0
42.0,2.0,1.0,34.0,6716.0,84.0,1.0,0
39.0,6.0,25.0,53.0,10719.0,25.0,1.0,1
39.0,1.0,21.0,43.0,13927.0,78.0,2.0,1
24.0,5.0,23.0,6.0,7344.0,38.0,2.0,1
41.0,4.0,27.0,43.0,877.0,90.0,1.0,0
20.0,1.0,21.6,28.4,5350.0,96.0,0.0,1
22.0,1.0,12.0,2.0,2908.0,58.0,1.0,0
30.0,2.0,29.0,9.0,2164.0,3.0,1.0,1
37.0,5.0,21.0,12.0,11304.0,91.0,2.0,1
57.0,3.0,9.0,37.8,13996.0,98.0,0.0,0
49.0,3.0,19.0,37.0,14192.0,18.0,2.0,0
21.0,1.0,5.0,33.0,4487.0,60.0,0.0,0
43.0,0.0,12.2,58.0,8321.0,5.0,0.0,1
46.0,5.0,16.0,14.0,8888.0,53.0,2.0,1
31.0,2.0,14.0,22.0,14733.0,27.0,1.0,0
62.0,6.0,2.0,23.0,12465.0,54.0,2.0,0
25.0,4.0,6.0,31.0,13321.0,99.0,1.0,0
19.0,5.0,16.0,14.0,7086.0,17.0,2.0,0
49.0,7.0,27.0,55.0,2935.0,96.0,1.0,1
30.0,7.0,20.0,30.0,9049.0,57.0,1.0,1
21.0,5.0,10.0,55.0,8712.0,14.0,1.0,0
21.0,4.0,29.0,10.0,7167.0,85.0,0.0,1
45.0,2.0,8.0,43.0,1487.0,1.0,0.0,0
33.0,1.0,12.0,32.0,14001.0,85.0,1.0,0
40.0,3.0,20.0,34.0,13416.0,24.0,1.0,1
63.0,3.0,3.0,2.0,280.0,56.0,0.0,1
33.0,3.0,4.0,54.0,7567.0,97.0,0.0,0
52.0,1.0,23.0,32.0,12211.0,25.0,0.0,1
28.0,7.0,21.0,54.0,6276.0,3.0,1.0,1
24.0,1.0,20.0,33.0,3333.0,61.0,0.0,0
41.0,2.0,2.0,26.0,6987.0,14.0,1.0,1
29.0,5.0,16.0,57.0,11993.0,17.0,1.0,1
52.0,2.0,29.0,44.0,9097.0,58.0,2.0,0
36.0,2.0,15.0,52.0,13203.0,24.0,0.0,0
60.0,0.0,19.0,31.0,2911.0,75.0,2.0,1
32.0,6.0,4.0,47.0,14985.0,34.0,1.0,1
29.0,3.0,9.0,26.0,12913.0,80.0,2.0,1
38.0,7.0,14.0,35.0,3275.0,76.0,1.0,1
46.0,0.0,27.0,51.0,5339.0,59.0,0.0,1
62.0,3.0,9.0,36.4,3701.0,85.0,0.0,1
60.0,5.0,18.0,2.0,5339.0,48.0,2.0,0
29.0,5.0,28.0,13.0,4055.0,98.0,1.0,1
24.0,1.0,1.0,24.0,12255.0,95.0,1.0,1
30.0,3.0,29.0,28.0,9854.0,72.0,0.0,1
21.0,0.0,29.0,39.0,999999.0,47.0,1.0,1
27.0,1.0,11.0,58.0,11726.0,98.0,2.0,1
31.0,4.0,22.0,11.0,3200.0,87.0,2.0,1
47.0,7.0,12.0,44.0,5893.0,53.0,1.0,0
22.0,1.0,6.0,11.0,13247.0,79.0,2.0,0
35.0,7.0,13.0,53.0,11552.0,14.0,0.0,1
24.0,6.0,26.0,24.0,9641.0,73.0,1.0,1
46.0,3.0,23.0,47.0,11251.0,62.0,2.0,0
64.0,5.0,25.0,22.0,4816.0,52.0,1.0,0
53.0,5.0,27.0,4.0,5734.0,19.0,1.0,1
51.0,3.0,3.0,52.0,7045.0,99.0,2.0,1
43.0,3.0,15.8,10.0,7041.0,31.0,1.0,0
41.0,2.0,15.0,26.0,7010.0,27.0,2.0,1
63.0,6.0,19.0,55.0,8216.0,41.0,0.0,1
58.0,2.0,11.0,22.0,7771.0,49.0,2.0,0
38.0,3.0,15.0,53.0,5009.0,79.0,0.0,0
50.0,6.0,1.0,58.0,8389.0,35.0,0.0,0
55.4,7.0,15.0,22.0,11627.0,27.0,1.0,0
40.0,7.0,23.0,25.0,3017.0,20.0,1.0,0
64.0,0.0,22.0,24.0,12233.0,14.0,1.0,0
39.0,7.0,17.0,48.0,8926.0,98.0,2.0,1
24.0,0.0,20.0,58.0,1031.0,55.0,2.0,0
27.0,4.0,11.0,48.0,6727.0,24.0,1.0,1
27.0,4.0,14.0,25.0,11148.0,41.0,0.0,0
50.0,1.0,11.0,33.0,2451.0,26.0,1.0,1
39.0,5.0,11.0,52.0,13042.0,59.0,1.0,1
36.0,1.0,8.0,9.0,8786.0,61.0,0.0,1
60.0,2.0,16.0,18.0,5960.0,17.0,2.0,1
64.0,0.0,4.0,35.0,14280.0,63.0,0.0,0
54.0,1.0,4.0,41.0,13798.0,73.0,2.0,0
57.0,0.0,7.0,56.0,8608.0,30.0,0.0,0
32.0,0.0,26.0,32.0,769.0,63.0,0.0,0
40.0,2.0,5.0,55.0,5600.0,80.0,0.0,1
32.0,4.0,14.8,43.0,10359.0,29.0,2.0,1
38.0,4.0,23.0,52.0,12191.0,26.0,0.0,0
48.0,2.0,3.0,57.0,992.0,25.0,1.0,1
26.0,4.0,20.0,53.0,927.0,27.0,1.0,0
38.2,0.0,18.0,9.0,1992.0,78.0,1.0,1
54.0,6.0,19.0,15.0,8226.0,41.0,2.0,0
46.0,0.0,14.0,17.0,3140.0,73.0,2.0,1
46.0,2.0,26.0,57.0,5203.0,42.0,2.0,1
32.0,4.0,27.0,18.0,5382.0,11.0,1.0,1
22.0,7.0,5.0,57.0,2089.0,12.0,0.0,1
34.0,4.0,17.0,49.0,13948.0,14.0,0.0,1
29.0,2.0,9.0,35.0,10607.0,8.0,0.0,0
57.0,2.0,12.0,31.0,9954.0,98.0,2.0,1
45.0,4.0,24.0,32.0,11250.0,5.0,1.0,0
44.0,6.0,6.0,42.0,2416.0,88.0,1.0,0
52.0,3.0,21.0,59.0,4326.0,84.0,0.0,1
43.0,5.0,6.0,6.0,5240.0,34.0,1.0,0
51.0,3.0,26.0,28.0,13714.0,71.0,0.0,0
59.0,1.0,5.0,13.0,7109.0,90.0,1.0,0
61.0,5.0,4.0,57.0,14802.0,41.0,2.0,0
24.0,0.0,29.0,35.0,7032.0,71.0,0.0,1
38.0,1.0,17.0,50.0,13330.0,4.0,1.0,0
59.0,5.0,22.0,36.0,6918.0,56.0,0.0,1
150.0,6.0,23.0,48.0,9768.0,40.0,2.0,1
29.0,2.0,16.0,34.0,2869.0,16.0,0.0,0
19.0,3.0,14.0,53.0,9269.0,99.0,1.0,0
62.0,1.0,18.4,5.0,2013.0,45.0,1.0,1
45.0,7.0,12.0,24.2,14865.0,95.0,1.0,0
57.0,1.0,22.0,5.0,5902.0,27.0,1.0,0
64.0,2.0,22.0,18.0,12739.0,46.0,2.0,1
42.0,7.0,1.0,58.0,541.0,25.0,1.0,1
47.0,5.0,18.0,39.0,11769.0,49.0,2.0,0
61.0,4.0,14.0,33.4,14576.0,28.0,1.0,1
45.0,3.0,18.0,33.0,4171.0,54.0,2.0,1
38.0,1.0,4.0,53.0,2609.0,49.0,1.0,1
31.0,7.0,7.0,17.0,2846.0,40.0,1.0,1
63.0,6.0,23.0,22.0,10267.0,68.0,0.0,1
36.0,6.0,1.0,21.0,6603.0,66.0,2.0,1
55.0,2.0,20.0,17.0,1140.0,19.0,1.0,0
64.0,3.0,13.0,5.2,8707.0,98.0,2.0,1
22.0,2.0,2.0,30.0,13855.0,38.0,1.0,0
20.0,1.0,12.0,41.0,1623.0,72.0,1.0,0
21.0,0.0,19.0,34.2,4951.0,22.0,0.0,0
53.0,3.0,26.0,38.0,688.0,80.0,0.0,1
30.0,5.0,19.0,35.0,11260.0,7.0,1.0,0
33.0,7.0,26.0,8.0,837.0,25.0,2.0,0
58.0,0.0,17.0,57.0,1962.0,35.0,2.0,0
27.0,5.0,17.0,13.0,6996.0,99.0,1.0,1
35.0,7.0,2.0,15.0,7094.0,96.0,2.0,0
27.0,1.0,9.0,42.0,4513.0,94.0,0.0,1
41.0,0.0,14.8,59.0,13631.0,82.0,1.0,0
42.0,6.0,17.0,15.0,13593.0,60.0,1.0,1
25.0,3.0,22.0,53.0,7029.0,63.0,2.0,0
29.0,7.0,26.0,17.0,6428.0,20.0,2.0,0
64.0,1.0,27.0,28.0,10217.0,25.0,2.0,1
20.0,1.0,22.0,24.0,12705.0,18.0,1.0,1
48.0,0.0,27.0,41.0,8929.0,44.0,0.0,1
36.0,3.0,2.0,56.0,14456.0,83.0,2.0,0
31.0,6.0,29.0,44.0,10778.0,50.0,0.0,0
41.0,7.0,3.0,5.0,10604.0,37.0,1.0,1
29.0,5.0,3.0,4.0,8611.0,7.0,1.0,1
41.2,1.0,20.0,42.0,4098.0,75.0,2.0,1
64.0,2.0,21.0,58.0,3898.0,9.0,1.0,0
47.0,4.0,8.0,52.0,12885.0,95.0,2.0,0
52.0,6.0,13.0,30.4,9912.0,68.0,1.0,0
54.0,5.0,19.0,32.0,11244.0,17.0,0.0,1
62.0,7.0,19.0,15.0,9196.0,43.0,1.0,1
46.4,4.0,2.0,44.0,2205.0,19.0,1.0,1
61.0,7.0,7.0,52.0,12598.0,96.0,1.0,0
33.0,2.0,4.0,47.0,6599.0,38.0,0.0,0
37.0,7.0,18.0,19.0,8904.0,1.0,2.0,0
46.0,5.0,12.0,28.0,14818.0,11.0,2.0,1
62.0,4.0,29.0,11.0,6749.0,77.0,1.0,1
27.0,6.0,26.0,50.0,12901.0,14.0,0.0,0
40.0,2.0,9.0,41.0,13967.0,11.0,2.0,1
50.0,2.0,8.0,5.0,3563.0,36.0,2.0,0
21.0,3.0,9.0,25.0,13533.0,19.0,2.0,0
43.0,2.0,17.0,28.6,355.0,46.0,1.0,1
42.0,1.0,8.0,23.0,11249.0,20.0,0.0,0
39.0,5.0,24.0,8.0,14670.0,9.0,1.0,1
45.0,3.0,26.0,30.0,14940.0,94.0,1.0,1
20.0,4.0,26.0,47.0,8164.0,87.0,2.0,1
58.0,4.0,15.0,59.0,13761.0,85.0,2.0,0
38.0,5.0,20.0,8.0,9740.0,57.0,0.0,1
54.0,3.0,11.0,59.0,6611.0,63.0,2.0,1
18.0,2.0,15.0,52.0,11874.0,21.0,2.0,1
34.0,4.0,14.0,26.0,1819.0,49.0,1.0,1
52.0,6.0,15.0,57.0,9213.0,46.0,0.0,1
41.0,0.0,11.0,36.0,6766.0,73.0,2.0,0
36.0,5.0,22.0,46.0,9073.0,26.0,1.0,0
35.0,2.0,12.0,5.0,12654.0,25.0,2.0,1
38.0,7.0,7.0,49.0,8564.0,27.0,2.0,1
64.0,6.0,7.0,38.0,13241.0,65.0,0.0,0
41.0,0.0,21.6,4.0,542.0,18.0,0.0,1
46.0,5.0,5.0,40.0,8494.0,73.0,1.0,1
42.0,6.0,1.0,39.0,14836.0,55.0,0.0,0
50.0,7.0,16.0,56.0,2344.0,46.0,2.0,0
40.0,1.0,28.0,6.0,4605.0,90.0,2.0,0
36.0,1.0,13.0,6.0,7193.0,6.0,2.0,1
48.0,2.0,12.0,59.0,7846.0,37.0,2.0,0
35.0,3.0,1.0,57.0,12376.0,75.0,1.0,0
57.0,1.0,28.0,24.4,14424.0,95.0,1.0,1
20.0,2.0,27.0,14.0,6321.0,18.0,0.0,1
20.0,7.0,21.0,10.0,11606.0,60.0,2.0,1
41.0,5.0,22.0,36.0,7670.0,63.0,0.0,0
33.0,7.0,11.0,45.0,13636.0,20.0,1.0,1
29.0,7.0,20.0,56.0,559.0,18.0,0.0,0
22.0,0.0,12.2,53.0,11246.0,33.0,0.0,1
38.6,6.0,16.0,42.0,12126.0,41.0,2.0,0
29.0,4.0,20.0,9.0,11626.0,89.0,1.0,0
19.0,2.0,18.0,39.0,8386.0,72.0,1.0,1
36.0,6.0,16.0,37.0,4378.0,24.0,1.0,0
150.0,6.0,3.0,33.0,6990.0,76.0,0.0,0
25.0,6.0,27.0,18.0,6813.0,87.0,1.0,1
32.0,7.0,21.0,38.0,7131.0,84.0,2.0,1
39.0,3.0,14.4,55.0,14534.0,84.0,2.0,1
48.0,3.0,10.0,23.0,9395.0,61.0,0.0,1
57.0,4.0,10.0,51.0,4244.0,64.0,0.0,1
30.0,6.0,15.0,44.0,11476.0,13.0,1.0,0
52.0,4.0,19.0,43.0,8795.0,32.0,2.0,0
48.6,7.0,12.0,49.0,1806.0,82.0,1.0,0
48.0,5.0,3.0,21.0,7569.0,3.0,2.0,0
23.0,7.0,25.0,47.0,5778.0,34.0,2.0,0
55.0,6.0,5.0,6.0,14685.0,23.0,2.0,1
29.0,6.0,23.0,29.0,9499.0,12.0,2.0,0
38.0,4.0,3.0,22.0,7306.0,89.0,1.0,1
32.0,4.0,14.0,20.0,9479.0,31.0,1.0,0
33.2,2.0,13.0,40.0,8715.0,16.0,1.0,1
42.0,4.0,26.0,40.0,8078.0,22.0,0.0,1
47.0,1.0,3.0,55.0,12022.0,1.0,1.0,1
43.0,5.0,5.0,58.0,5257.0,17.0,1.0,1
45.0,4.0,10.0,8.0,11977.0,77.0,2.0,0
35.0,7.0,12.0,43.0,7987.0,99.0,1.0,1
55.0,4.0,7.0,54.0,6436.0,96.0,2.0,1
59.4,2.0,29.0,23.6,5361.0,95.0,0.0,0
57.0,1.0,14.0,43.0,9727.0,67.0,2.0,1
57.0,4.0,17.0,53.0,1046.0,20.0,0.0,1
26.0,4.0,16.0,10.0,10538.0,17.0,2.0,1
43.0,3.0,21.0,14.0,10470.0,12.0,0.0,0
22.0,0.0,28.0,7.0,6956.0,93.0,0.0,0
26.0,0.0,8.0,30.0,4333.0,5.0,1.0,1
26.0,7.0,12.0,34.0,5433.0,54.0,2.0,0
30.0,4.0,10.0,27.0,5086.0,1.0,2.0,1
41.0,2.0,18.0,24.0,13262.0,30.0,1.0,0
28.0,5.0,13.0,43.0,11224.0,28.0,0.0,0
18.0,3.0,29.0,2.0,4763.0,30.0,2.0,1
56.0,6.0,7.0,34.0,13877.0,23.0,2.0,1
52.0,3.0,24.0,2.0,12636.0,16.0,1.0,1
22.0,3.0,17.0,19.0,11724.0,95.0,2.0,1
61.0,7.0,9.6,50.0,6357.0,44.0,1.0,0
38.0,6.0,24.0,24.0,2599.0,39.0,1.0,0
48.0,0.0,1.0,44.0,463.0,15.0,1.0,0
62.0,1.0,27.0,10.0,13442.0,20.0,2.0,0
27.0,1.0,12.0,19.0,2500.0,48.0,1.0,1
36.0,1.0,2.0,44.0,2816.0,61.0,1.0,1
21.0,6.0,26.0,28.0,5779.0,46.0,2.0,0
37.0,1.0,27.0,55.0,2851.0,80.0,1.0,1
31.0,5.0,23.0,40.0,8127.0,17.0,2.0,0
32.0,5.0,20.0,53.0,11225.0,48.0,1.0,1
37.0,7.0,19.0,28.0,987.0,30.0,1.0,0
59.0,5.0,25.0,1.0,9716.0,60.0,0.0,0
54.0,5.0,8.0,11.0,8037.0,94.0,0.0,1
61.0,7.0,18.0,54.0,4554.0,5.0,0.0,1
34.0,6.0,11.0,11.0,8656.0,5.0,0.0,1
40.0,7.0,6.0,31.0,13949.0,68.0,1.0,1
40.0,4.0,4.0,6.0,4920.0,6.0,1.0,0
34.0,2.0,14.0,47.0,12518.0,98.0,2.0,0
23.0,6.0,6.0,6.0,1716.0,66.0,2.0,0
39.0,5.0,26.0,19.8,11055.0,44.0,2.0,0
23.0,7.0,18.0,5.0,13751.0,90.0,2.0,0
50.0,3.0,12.0,20.0,2233.0,70.0,2.0,1
50.0,6.0,24.0,45.0,12491.0,9.0,0.0,0
53.0,7.0,11.0,45.0,5212.0,9.0,2.0,1
59.0,1.0,3.0,9.0,5127.0,48.0,1.0,1
53.0,3.0,26.0,53.0,2350.0,88.0,2.0,0
61.0,1.0,6.0,55.0,9258.0,65.0,0.0,0
39.0,1.0,16.6,7.0,2853.0,92.0,2.0,1
61.0,7.0,23.0,40.0,9391.0,77.0,0.0,0
48.0,3.0,7.0,40.0,8952.0,28.0,1.0,0
24.0,1.0,28.0,40.0,7866.0,73.0,1.0,1
42.4,5.0,1.0,51.0,485.0,65.0,2.0,1
150.0,6.0,7.0,20.0,11658.0,77.0,2.0,1
48.2,4.0,27.0,1.0,7643.0,4.0,1.0,0
25.0,5.0,8.0,59.0,11727.0,39.0,2.0,0
52.0,0.0,5.0,50.0,3439.0,88.0,1.0,0
55.0,6.0,22.0,28.0,10049.0,26.0,1.0,0
21.0,3.0,20.0,28.8,8700.0,75.0,0.0,1
54.0,4.0,6.0,38.0,6616.0,24.0,0.0,1
24.0,1.0,20.0,55.0,4206.0,77.0,1.0,0
42.0,0.0,9.0,16.0,4900.0,52.0,2.0,1
30.0,5.0,12.0,9.0,2127.0,18.0,2.0,1
53.0,4.0,11.0,42.0,10535.0,56.0,2.0,1
57.0,2.0,3.0,43.0,11084.0,27.0,1.0,1
40.0,4.0,2.0,46.0,3283.0,68.0,2.0,0
64.0,3.0,3.0,2.0,13090.0,40.0,0.0,1
46.6,4.0,17.4,24.4,6914.0,45.0,0.0,1
46.0,5.0,15.0,24.0,4438.0,85.0,2.0,0
43.2,2.0,10.0,16.0,5791.0,71.0,2.0,1
35.0,7.0,26.0,35.4,4272.0,50.0,1.0,1
61.0,1.0,26.0,49.0,5242.0,64.0,2.0,0
53.0,5.0,6.0,17.0,11763.0,41.0,1.0,0
30.0,7.0,4.0,13.0,5951.0,9.0,2.0,1
29.0,3.0,20.0,13.0,4001.0,88.0,1.0,0
28.0,5.0,9.0,36.4,8191.0,80.0,1.0,0
19.0,0.0,20.0,26.0,461.0,71.0,1.0,1
51.0,6.0,9.0,21.0,2231.0,28.0,1.0,0
54.0,4.0,26.0,52.0,7491.0,72.0,2.0,1
64.0,4.0,28.0,33.0,12662.0,68.0,2.0,0
49.4,4.0,26.0,25.2,3145.0,97.0,2.0,0
55.0,6.0,12.0,10.0,6244.0,66.0,2.0,1
47.0,0.0,15.0,14.0,4806.0,74.0,2.0,1
51.0,1.0,9.0,28.0,13076.0,95.0,2.0,1
46.0,6.0,16.0,44.0,14452.0,98.0,0.0,1
49.0,0.0,22.0,34.0,9660.0,5.0,2.0,0
39.0,6.0,8.0,17.0,8132.0,88.0,1.0,1
26.0,6.0,23.0,7.0,13109.0,25.0,2.0,1
57.0,1.0,5.0,40.0,3480.0,16.0,1.0,1
46.0,4.0,22.0,9.0,12742.0,35.0,0.0,0
34.0,6.0,12.0,18.0,10907.0,35.0,1.0,0
150.0,1.0,19.0,14.0,10114.0,94.0,1.0,0
38.0,3.0,11.0,46.0,558.0,75.0,1.0,1
63.0,4.0,15.0,3.0,9104.0,55.0,0.0,0
46.0,4.0,6.0,8.0,3066.0,24.0,2.0,0
30.0,1.0,19.0,52.0,12127.0,87.0,0.0,1
55.0,4.0,22.0,45.0,999999.0,23.0,2.0,1
18.0,3.0,5.0,39.0,6329.0,36.0,1.0,1
37.0,7.0,23.0,6.0,7959.0,21.0,2.0,0
18.0,0.0,28.0,39.0,11002.0,30.0,0.0,1
64.0,7.0,16.0,36.0,9727.0,67.0,2.0,1
150.0,4.0,18.4,23.0,5344.0,76.0,2.0,1
47.0,7.0,9.0,29.0,2332.0,13.0,1.0,1
60.0,2.0,28.0,52.0,4255.0,1.0,1.0,1
55.0,6.0,29.0,30.0,3407.0,86.0,1.0,0
30.0,2.0,11.0,3.0,6078.0,62.0,2.0,1
50.0,3.0,8.0,14.0,551.0,71.0,0.0,0
18.0,7.0,7.0,8.0,9375.0,25.0,1.0,1
33.0,0.0,20.0,15.0,9938.0,45.0,2.0,0
60.0,2.0,15.0,20.0,11490.0,60.0,0.0,1
45.0,3.0,16.4,32.0,8773.0,77.0,0.0,0
61.0,5.0,12.0,4.0,6537.0,10.0,0.0,1
61.0,4.0,24.0,16.0,12290.0,23.0,2.0,0
56.0,1.0,19.0,35.0,9958.0,62.0,0.0,0
52.0,0.0,28.0,13.0,2392.0,26.0,1.0,0
33.0,2.0,13.0,23.0,10951.0,42.0,1.0,0
45.0,2.0,3.0,50.0,4287.0,82.0,2.0,0
53.0,3.0,21.0,54.0,11294.0,75.0,0.0,0
49.0,4.0,19.0,41.0,4796.0,18.0,2.0,0
43.2,6.0,7.0,8.0,9792.0,93.0,2.0,0
37.0,5.0,6.0,8.0,10476.0,40.0,2.0,0
31.0,0.0,11.0,12.0,12508.0,84.0,2.0,0
31.0,1.0,8.0,15.0,4537.0,29.0,2.0,1
60.0,4.0,21.0,28.6,12306.0,94.0,1.0,1
35.0,3.0,20.0,43.0,13814.0,18.0,1.0,0
42.0,0.0,28.0,25.0,1992.0,28.0,1.0,0
22.0,4.0,20.0,6.0,10489.0,79.0,2.0,0
24.0,5.0,1.0,57.0,3938.0,80.0,0.0,1
42.0,4.0,22.0,47.0,12585.0,86.0,1.0,1
49.0,6.0,4.0,47.0,14525.0,66.0,0.0,0
48.0,6.0,22.0,38.0,8712.0,24.0,0.0,0
42.0,4.0,2.0,27.0,10387.0,27.0,0.0,0
40.0,6.0,1.0,39.0,8241.0,87.0,1.0,1
28.0,5.0,27.0,6.0,9349.0,50.0,0.0,1
35.0,5.0,2.0,55.0,3997.0,92.0,0.0,1
52.0,5.0,3.0,2.0,9629.0,99.0,0.0,1
43.0,6.0,29.0,56.0,5943.0,55.0,0.0,1
59.0,2.0,1.0,58.0,1678.0,18.0,2.0,1
57.0,2.0,21.0,8.0,6643.0,63.0,2.0,1
26.0,3.0,23.0,43.0,4229.0,20.0,0.0,0
20.0,6.0,29.0,38.0,11292.0,55.0,0.0,0
25.0,7.0,12.0,14.0,12481.0,89.0,2.0,0
55.0,1.0,25.0,3.0,5357.0,69.0,1.0,1
53.0,7.0,5.0,39.0,4769.0,93.0,2.0,0
19.0,2.0,19.0,39.0,12657.0,24.0,2.0,0
26.0,2.0,22.0,23.0,7773.0,20.0,2.0,1
57.0,2.0,21.0,9.0,8650.0,86.0,0.0,1
31.0,0.0,7.0,26.0,653.0,85.0,2.0,0
52.0,3.0,2.0,40.0,7149.0,20.0,2.0,1
38.0,5.0,7.0,38.0,7871.0,67.0,1.0,1
23.0,4.0,21.0,43.0,1936.0,98.0,1.0,1
35.0,3.0,6.0,38.0,13357.0,53.0,1.0,1
53.0,6.0,7.0,35.0,10484.0,89.0,2.0,0
38.8,6.0,2.0,30.0,6416.0,41.0,2.0,0
51.0,4.0,19.4,41.0,2301.0,48.0,1.0,0
42.4,5.0,16.0,25.0,7487.0,3.0,1.0,1
43.0,6.0,9.0,27.0,5033.0,32.0,0.0,1
45.0,7.0,3.0,13.0,8021.0,34.0,2.0,1
54.0,3.0,28.0,4.0,3941.0,4.0,1.0,0
60.0,0.0,24.0,30.0,6790.0,27.0,1.0,0
63.0,1.0,20.0,17.0,7624.0,26.0,0.0,0
45.0,1.0,10.0,26.0,5188.0,64.0,2.0,0
22.0,3.0,18.0,48.0,10751.0,23.0,2.0,0
59.0,3.0,27.0,8.0,14728.0,67.0,1.0,0
43.0,3.0,23.0,59.0,3067.0,96.0,2.0,0
50.0,6.0,3.0,15.0,10065.0,95.0,0.0,1
45.0,1.0,22.0,24.0,14647.0,80.0,0.0,1
40.0,2.0,1.0,30.0,12908.0,2.0,1.0,1
29.0,0.0,20.6,26.0,10029.0,35.0,0.0,1
24.0,4.0,16.0,24.0,4854.0,59.0,1.0,0
53.0,7.0,24.0,47.0,4964.0,62.0,2.0,1
60.0,1.0,6.0,41.0,6411.0,7.0,0.0,0
58.0,2.0,4.0,20.8,4383.0,91.0,2.0,1
37.8,7.0,25.0,45.2,13416.0,49.0,2.0,0
57.0,6.0,6.0,31.0,5103.0,44.0,1.0,1
53.0,3.0,9.0,33.4,1239.0,16.0,1.0,0
51.0,5.0,2.0,43.8,8203.0,35.0,0.0,1
37.0,5.0,29.0,46.0,9223.0,20.0,0.0,1
35.0,1.0,24.0,31.0,10638.0,65.0,2.0,1
24.0,4.0,22.0,39.0,13322.0,18.0,0.0,0
54.0,7.0,15.0,40.0,3776.0,81.0,1.0,1
61.0,7.0,1.0,49.0,12155.0,30.0,2.0,1
40.0,0.0,15.0,34.0,14417.0,34.0,2.0,0
64.0,6.0,10.0,25.0,4006.0,94.0,2.0,0
38.0,2.0,10.0,12.0,13666.0,31.0,2.0,1
150.0,6.0,10.0,48.0,3527.0,97.0,2.0,1
24.0,2.0,22.0,46.0,13086.0,43.0,1.0,1
23.0,2.0,7.0,2.0,999999.0,88.0,1.0,1
34.0,1.0,23.0,45.0,10957.0,10.0,1.0,1
64.0,7.0,6.0,58.0,9958.0,63.0,2.0,1
39.2,7.0,3.0,36.0,13598.0,39.0,2.0,1
36.0,5.0,6.0,10.0,2544.0,2.0,2.0,1
27.0,1.0,17.0,49.0,14097.0,82.0,0.0,0
51.0,3.0,20.0,50.0,8826.0,97.0,1.0,0
33.0,6.0,22.0,20.0,11143.0,12.0,2.0,1
22.0,2.0,29.0,7.0,521.0,43.0,2.0,0
33.8,4.0,12.0,38.0,7530.0,51.0,2.0,1
59.0,2.0,18.0,46.0,11158.0,53.0,1.0,1
37.0,0.0,7.0,40.0,4509.0,66.0,0.0,0
42.0,2.0,9.0,31.0,11911.0,91.0,1.0,0
46.0,4.0,10.0,41.0,3106.0,40.0,0.0,1
40.0,5.0,8.0,41.0,5095.0,34.0,1.0,1
19.0,7.0,1.0,16.0,4529.0,5.0,1.0,1
37.0,3.0,17.0,6.0,13701.0,58.0,2.0,0
33.0,5.0,13.4,44.0,7968.0,51.0,1.0,0
46.0,6.0,22.0,32.0,3303.0,74.0,1.0,0
19.0,4.0,27.0,42.0,4405.0,26.0,0.0,1
54.0,7.0,29.0,37.0,6888.0,81.0,0.0,0
20.0,4.0,5.0,48.0,876.0,78.0,2.0,0
47.0,5.0,5.0,5.0,1400.0,22.0,2.0,1
63.0,3.0,3.0,53.0,8401.0,78.0,2.0,1
50.0,7.0,1.0,21.0,2500.0,49.0,2.0,1
35.0,4.0,17.0,58.0,7428.0,81.0,1.0,0
43.0,5.0,1.0,23.0,2421.0,57.0,1.0,0
47.0,0.0,24.0,29.0,5423.0,18.0,0.0,1
27.0,2.0,22.0,53.0,5594.0,59.0,1.0,0
39.0,4.0,1.0,44.0,6443.0,98.0,1.0,0
57.0,4.0,19.0,31.0,11035.0,94.0,0.0,0
38.0,1.0,28.0,24.0,2519.0,37.0,0.0,1
40.0,3.0,20.0,20.0,5013.0,20.0,1.0,1
61.0,6.0,23.0,4.0,10782.0,53.0,1.0,0
37.0,1.0,13.0,20.0,9985.0,59.0,0.0,1
55.0,0.0,12.0,59.0,7801.0,69.0,0.0,0
57.0,2.0,16.0,38.2,9010.0,27.0,0.0,1
41.0,3.0,8.0,57.0,5727.0,6.0,1.0,0
48.0,4.0,7.0,16.0,1764.0,58.0,1.0,0
45.0,4.0,19.0,56.0,14574.0,89.0,1.0,0
47.0,1.0,9.0,4.0,6596.0,6.0,1.0,1
55.0,4.0,12.0,26.0,3886.0,12.0,2.0,0
64.0,7.0,9.0,53.0,14174.0,74.0,1.0,1
64.0,4.0,15.0,17.0,268.0,34.0,0.0,1
29.0,3.0,25.0,35.0,9077.0,4.0,0.0,0
21.0,3.0,23.0,13.0,11682.0,4.0,2.0,1
57.0,2.0,19.0,3.0,8637.0,18.0,0.0,1
45.0,6.0,25.0,37.0,9230.0,51.0,2.0,0
49.0,6.0,9.0,11.0,6344.0,26.0,0.0,0
21.0,3.0,9.0,14.0,6873.0,87.0,1.0,0
21.0,5.0,9.0,31.0,11799.0,18.0,2.0,0
24.0,2.0,2.0,2.0,6368.0,25.0,0.0,0
52.0,5.0,22.0,33.0,2568.0,58.0,2.0,1
61.0,1.0,20.0,28.0,7323.0,97.0,0.0,0
63.0,6.0,26.0,48.0,866.0,64.0,0.0,1
61.0,5.0,28.0,1.0,11465.0,25.0,0.0,1
44.0,7.0,17.0,56.0,1216.0,38.0,2.0,1
58.0,1.0,29.0,15.0,9229.0,37.0,2.0,1
28.0,5.0,17.2,24.0,5758.0,41.0,1.0,1
45.0,4.0,16.0,21.0,13217.0,31.0,0.0,1
36.0,3.0,27.0,55.0,6620.0,68.0,0.0,1
47.0,0.0,5.0,52.0,10252.0,77.0,0.0,1
63.0,7.0,10.0,23.0,8271.0,90.0,2.0,1
50.0,7.0,28.0,51.0,7919.0,71.0,2.0,1
23.0,1.0,14.4,2.0,471.0,8.0,2.0,1
26.0,0.0,4.0,10.0,3991.0,2.0,2.0,1
23.0,0.0,22.0,51.0,5148.0,17.0,2.0,0
37.0,3.0,12.0,20.0,6858.0,96.0,0.0,0
39.0,2.0,6.0,45.0,10490.0,8.0,1.0,1
57.0,0.0,29.0,32.0,6129.0,87.0,0.0,0
19.0,1.0,14.0,42.0,2555.0,53.0,0.0,0
55.0,3.0,11.0,36.0,13387.0,52.0,2.0,0
48.0,3.0,19.0,39.2,8728.0,60.0,2.0,1
33.0,0.0,7.0,26.0,9171.0,86.0,2.0,0
19.0,6.0,10.6,46.0,7490.0,26.0,0.0,1
46.0,3.0,16.0,50.0,13990.0,30.0,0.0,0
40.8,5.0,26.0,20.0,1124.0,70.0,0.0,1
46.0,4.0,27.0,29.0,5956.0,50.0,1.0,0
27.0,7.0,8.0,3.0,14549.0,19.0,0.0,1
58.0,5.0,6.0,43.0,13309.0,83.0,1.0,1
53.0,0.0,17.0,30.0,3750.0,95.0,1.0,1
56.0,1.0,15.0,44.0,10970.0,72.0,1.0,1
28.0,6.0,24.0,53.0,14795.0,53.0,0.0,0
49.0,2.0,11.0,3.0,635.0,2.0,2.0,0
32.0,1.0,16.0,20.2,6154.0,91.0,1.0,0
31.0,7.0,25.0,21.0,1986.0,3.0,2.0,0
41.0,6.0,12.0,54.0,8196.0,11.0,0.0,1
37.0,6.0,11.0,46.0,2685.0,21.0,0.0,0
39.0,4.0,17.0,7.0,7860.0,31.0,2.0,1
55.0,0.0,14.0,34.0,7858.0,77.0,0.0,1
24.0,2.0,1.0,28.0,9478.0,72.0,1.0,1
46.0,6.0,10.0,10.0,13096.0,65.0,2.0,1
42.0,6.0,21.0,48.0,6181.0,15.0,2.0,0
33.0,2.0,23.0,42.0,11049.0,83.0,2.0,1
30.0,4.0,10.0,33.0,3170.0,45.0,1.0,1
33.4,7.0,18.0,55.0,4667.0,41.0,0.0,1
32.0,3.0,26.0,9.0,4700.0,71.0,1.0,0
22.0,0.0,10.0,9.0,576.0,12.0,2.0,0
19.0,2.0,4.0,17.0,7053.0,16.0,2.0,1
53.0,7.0,27.0,59.0,8047.0,33.0,2.0,1
19.0,3.0,29.0,20.0,8012.0,85.0,0.0,1
40.0,6.0,12.0,4.0,14355.0,97.0,1.0,1
39.0,6.0,14.4,12.0,12961.0,69.0,0.0,0
28.0,5.0,26.0,15.0,12821.0,68.0,1.0,0
29.0,6.0,10.8,21.0,2910.0,22.0,2.0,0
19.0,3.0,12.0,45.0,14968.0,25.0,0.0,1
34.0,5.0,6.0,25.0,11777.0,4.0,2.0,1
24.0,7.0,16.0,30.0,637.0,34.0,0.0,0
41.0,3.0,18.0,9.0,12175.0,37.0,2.0,1
56.0,2.0,5.0,47.0,12042.0,40.0,2.0,0
19.0,1.0,25.0,19.0,5239.0,64.0,2.0,0
26.0,6.0,10.0,10.0,14096.0,11.0,0.0,1
64.0,7.0,7.0,36.0,7326.0,11.0,1.0,1
42.0,3.0,13.0,51.0,4049.0,2.0,1.0,0
24.0,7.0,4.0,39.0,3936.0,44.0,0.0,1
27.0,0.0,10.0,34.0,10221.0,34.0,2.0,1
57.0,0.0,11.0,6.0,1390.0,41.0,1.0,0
51.0,2.0,1.0,6.0,3000.0,12.0,1.0,0
25.0,5.0,17.0,30.0,1093.0,32.0,1.0,1
60.0,3.0,14.0,4.0,820.0,43.0,0.0,0
58.0,6.0,16.0,46.0,6561.0,81.0,0.0,1
34.0,3.0,16.0,46.0,6096.0,11.0,0.0,0
60.0,4.0,6.0,45.0,14946.0,49.0,2.0,1
58.0,7.0,6.0,44.0,6654.0,61.0,0.0,0
61.0,6.0,21.0,24.0,11089.0,99.0,1.0,1
34.0,5.0,10.0,49.0,2038.0,63.0,2.0,0
64.0,6.0,17.0,25.0,5182.0,23.0,2.0,0
46.0,5.0,25.0,32.0,3334.0,92.0,2.0,1
63.0,0.0,22.0,22.0,8808.0,84.0,1.0,1
35.0,7.0,20.0,2.0,11803.0,37.0,0.0,0
59.0,7.0,22.0,24.0,2104.0,93.0,0.0,1
43.0,0.0,3.0,25.0,1001.0,46.0,0.0,0
25.0,0.0,6.0,58.0,6623.0,32.0,1.0,1
27.0,0.0,2.0,49.0,10467.0,46.0,2.0,1
46.0,5.0,3.0,8.0,13565.0,38.0,2.0,1
38.0,0.0,29.0,8.0,11221.0,53.0,2.0,1
44.0,1.0,18.0,47.0,1329.0,95.0,1.0,0
25.0,2.0,27.0,42.0,9906.0,5.0,2.0,0
37.0,6.0,15.0,4.0,9369.0,58.0,2.0,0
45.0,3.0,15.0,57.0,7496.0,69.0,1.0,1
59.0,5.0,10.0,41.0,3696.0,11.0,1.0,1
46.0,1.0,25.0,48.0,12943.0,41.0,2.0,0
35.0,5.0,12.0,33.0,14449.0,9.0,1.0,1
51.0,3.0,24.0,25.0,6347.0,12.0,2.0,1
45.0,4.0,28.0,32.0,12341.0,62.0,0.0,1
58.0,0.0,5.0,4.0,7434.0,90.0,2.0,0
54.0,7.0,19.0,46.0,5212.0,70.0,2.0,0
59.0,6.0,14.0,30.0,13388.0,3.0,1.0,0
26.0,6.0,8.0,18.0,12302.0,88.0,0.0,1
44.0,0.0,19.0,5.0,12622.0,78.0,2.0,0
60.0,2.0,20.0,2.0,5915.0,47.0,1.0,1
47.8,0.0,9.0,38.0,7784.0,50.0,0.0,0
62.0,5.0,6.0,11.0,9931.0,84.0,1.0,1
60.0,0.0,6.0,26.0,3129.0,79.0,0.0,1
32.0,4.0,19.0,2.0,10241.0,64.0,2.0,0
23.0,3.0,1.0,57.0,2662.0,33.0,1.0,1
60.0,5.0,19.0,29.4,10558.0,5.0,2.0,0
29.0,0.0,17.0,44.0,14665.0,20.0,1.0,0
22.0,5.0,7.0,9.0,5596.0,39.0,2.0,0
47.0,7.0,2.0,33.4,9629.0,3.0,2.0,1
30.0,7.0,6.0,2.0,1714.0,5.0,2.0,0
31.0,5.0,8.0,51.0,5015.0,20.0,1.0,0
18.0,0.0,27.0,56.0,3638.0,4.0,0.0,0
55.0,0.0,15.0,48.0,9916.0,27.0,2.0,1
28.0,0.0,14.0,23.0,6770.0,62.0,2.0,1
28.0,2.0,12.0,27.0,13149.0,96.0,2.0,1
30.0,4.0,7.0,9.0,276.0,44.0,0.0,0
36.0,1.0,22.0,51.0,14306.0,60.0,1.0,1
37.0,5.0,4.0,23.0,11149.0,14.0,2.0,0
64.0,4.0,26.0,36.0,1700.0,59.0,0.0,0
20.0,6.0,15.0,11.0,7158.0,83.0,0.0,0
42.0,3.0,7.0,48.0,14004.0,55.0,0.0,1
23.0,4.0,17.0,46.0,13642.0,33.0,1.0,0
26.0,5.0,18.6,25.0,5212.0,72.0,1.0,0
35.0,0.0,27.0,32.0,10836.0,46.0,2.0,0
22.0,6.0,14.0,52.0,8687.0,47.0,2.0,1
49.0,0.0,13.0,41.0,587.0,69.0,2.0,1
60.0,1.0,13.0,28.0,424.0,47.0,1.0,1
35.0,3.0,21.0,29.0,1773.0,62.0,1.0,0
43.0,1.0,13.0,17.0,3657.0,68.0,2.0,1
33.0,4.0,20.0,53.0,7163.0,30.0,0.0,0
26.0,4.0,8.0,4.0,5634.0,82.0,2.0,1
48.0,0.0,21.0,35.0,13639.0,56.0,1.0,1
31.0,2.0,6.0,23.0,4788.0,64.0,0.0,1
32.0,3.0,18.0,50.0,13685.0,15.0,2.0,0
25.0,7.0,8.0,29.0,8534.0,1.0,2.0,1
50.0,2.0,14.0,26.0,9951.0,25.0,2.0,1
23.0,5.0,16.0,42.0,1482.0,45.0,0.0,0
23.0,7.0,19.0,49.0,439.0,44.0,2.0,0
26.0,3.0,5.0,26.0,12815.0,67.0,1.0,1
54.0,5.0,2.0,8.0,10395.0,32.0,1.0,0
41.0,3.0,24.0,35.0,8712.0,51.0,1.0,0
20.0,2.0,7.0,7.0,9230.0,9.0,2.0,0
28.0,5.0,7.0,49.0,7539.0,50.0,1.0,0
61.0,0.0,10.0,39.0,3273.0,43.0,2.0,0
48.0,1.0,26.0,48.0,4013.0,29.0,2.0,0
20.0,3.0,17.0,29.0,10516.0,50.0,2.0,0
31.0,0.0,19.0,36.0,6176.0,37.0,1.0,0
24.0,3.0,26.0,3.0,4668.0,50.0,2.0,0
46.0,2.0,19.0,14.0,7771.0,12.0,2.0,0
49.6,0.0,13.8,30.0,10341.0,75.0,1.0,1
19.0,2.0,18.0,56.0,12655.0,79.0,0.0,0
36.4,7.0,29.0,28.0,7826.0,27.0,2.0,1
52.0,4.0,14.0,9.0,13258.0,59.0,2.0,1
61.0,1.0,21.0,19.0,3629.0,58.0,1.0,1
31.0,0.0,6.0,9.0,7030.0,86.0,2.0,0
62.0,6.0,23.0,48.0,12588.0,94.0,1.0,0
45.0,2.0,3.0,21.0,5685.0,2.0,0.0,0
42.0,5.0,18.0,43.0,10777.0,45.0,2.0,0
52.0,1.0,23.0,52.0,13899.0,95.0,1.0,0
57.0,7.0,28.0,13.0,4904.0,28.0,1.0,0
59.0,4.0,6.0,53.0,3376.0,19.0,2.0,0
45.8,6.0,11.0,53.0,8232.0,25.0,2.0,1
48.0,4.0,27.0,39.0,3521.0,48.0,1.0,0
50.0,7.0,6.0,37.0,14527.0,98.0,0.0,0
37.6,7.0,15.0,51.0,1097.0,70.0,0.0,1
61.0,3.0,13.0,2.0,14083.0,83.0,1.0,0
31.0,6.0,18.0,25.0,6946.0,37.0,2.0,1
37.0,5.0,16.0,31.0,10621.0,37.0,2.0,1
22.0,6.0,6.0,34.0,8994.0,50.0,2.0,1
41.0,6.0,11.0,31.0,10768.0,69.0,0.0,1
56.0,5.0,3.0,38.0,14689.0,43.0,1.0,1
62.0,5.0,1.0,17.0,11794.0,95.0,2.0,1
47.0,2.0,10.0,16.0,7153.0,20.0,2.0,1
22.0,1.0,16.0,32.0,4145.0,12.0,2.0,1
55.0,6.0,3.0,15.0,9002.0,73.0,0.0,1
42.0,0.0,23.0,44.0,8862.0,67.0,2.0,1
40.0,2.0,21.0,41.0,6716.0,61.0,0.0,0
49.0,3.0,21.0,15.0,4871.0,34.0,1.0,1
62.0,4.0,25.0,58.0,6101.0,56.0,2.0,0
28.0,4.0,24.0,36.0,11255.0,2.0,1.0,0
42.0,1.0,28.0,13.0,9834.0,23.0,0.0,0
56.0,3.0,26.0,24.0,12664.0,24.0,0.0,1
25.0,6.0,4.0,30.0,10740.0,41.0,1.0,0
37.0,1.0,13.0,44.0,3625.0,10.0,0.0,0
38.0,2.0,10.0,52.0,1379.0,47.0,1.0,1
39.0,1.0,16.0,26.6,5657.0,50.0,2.0,0
36.0,5.0,2.0,20.0,5670.0,94.0,0.0,0
57.0,2.0,12.0,52.0,13990.0,97.0,2.0,1
46.2,3.0,24.0,31.0,2164.0,68.0,0.0,0
44.0,1.0,16.6,29.0,12832.0,45.0,2.0,0
32.0,4.0,4.0,46.0,6088.0,14.0,1.0,0
34.0,4.0,7.0,32.0,11754.0,31.0,0.0,0
25.0,0.0,10.0,37.0,9654.0,93.0,0.0,1
19.0,1.0,8.0,18.0,5685.0,1.0,2.0,1
57.0,1.0,14.0,52.0,1056.0,31.0,2.0,0
18.0,6.0,7.0,37.0,11480.0,43.0,1.0,0
60.0,6.0,9.0,31.0,10506.0,16.0,2.0,1
63.0,0.0,9.0,45.0,2310.0,48.0,1.0,0
59.0,3.0,10.0,34.0,6362.0,44.0,2.0,1
27.0,5.0,8.0,48.0,11140.0,78.0,1.0,0
44.0,6.0,10.0,13.0,4952.0,82.0,1.0,1
29.0,6.0,13.0,6.0,7881.0,67.0,0.0,0
50.0,6.0,6.0,29.0,1200.0,76.0,1.0,1
56.0,0.0,17.0,29.0,12396.0,24.0,0.0,0
63.0,6.0,19.6,53.0,8110.0,42.0,0.0,0
45.0,1.0,15.0,44.0,2103.0,35.0,2.0,0
58.0,7.0,28.0,31.0,3517.0,27.0,0.0,0
49.0,4.0,9.0,23.0,9596.0,3.0,2.0,1
50.0,1.0,21.0,51.0,3349.0,6.0,0.0,0
19.0,4.0,13.0,31.0,9597.0,44.0,2.0,1
60.0,4.0,9.0,1.0,7467.0,4.0,1.0,1
61.0,4.0,20.0,37.0,4268.0,60.0,0.0,0
51.0,3.0,13.0,21.0,1713.0,33.0,1.0,1
37.0,4.0,18.0,52.0,12212.0,91.0,0.0,0
42.0,1.0,28.0,6.0,1576.0,84.0,1.0,1
26.0,7.0,10.0,24.0,4383.0,29.0,0.0,0
46.0,3.0,29.0,39.0,8793.0,18.0,0.0,0
42.0,3.0,14.0,7.0,11163.0,2.0,2.0,1
45.0,2.0,5.0,52.0,14637.0,78.0,2.0,1
21.0,6.0,4.0,33.0,14287.0,88.0,2.0,0
41.0,1.0,7.0,12.0,7355.0,88.0,1.0,1
28.0,5.0,25.0,6.0,10990.0,65.0,2.0,0
43.0,0.0,4.0,27.8,9900.0,70.0,0.0,1
61.0,5.0,29.0,14.0,6780.0,52.0,2.0,1
36.0,7.0,15.0,54.0,2299.0,27.0,1.0,0
31.0,2.0,4.0,52.0,10759.0,64.0,0.0,0
41.0,3.0,20.8,16.0,9921.0,7.0,0.0,0
43.8,6.0,15.0,45.0,6041.0,31.0,2.0,1
64.0,5.0,20.0,25.0,4013.0,14.0,1.0,0
18.0,1.0,29.0,26.0,3097.0,87.0,2.0,0
60.0,7.0,9.0,47.0,11218.0,19.0,0.0,1
57.0,3.0,26.0,1.0,314.0,69.0,1.0,1
47.0,3.0,10.0,19.0,9974.0,14.0,2.0,0
47.0,5.0,28.0,25.8,2648.0,36.0,0.0,1
57.0,5.0,2.0,48.0,11906.0,77.0,0.0,0
35.0,0.0,13.0,33.0,7579.0,97.0,0.0,1
56.0,5.0,21.0,42.0,9425.0,2.0,2.0,1
47.0,1.0,14.0,7.0,4194.0,42.0,0.0,0
23.0,1.0,21.0,10.0,5364.0,51.0,1.0,0
59.0,1.0,26.0,55.0,4943.0,27.0,2.0,1
24.0,0.0,18.0,58.0,2100.0,85.0,1.0,0
38.0,6.0,12.0,6.0,1482.0,48.0,2.0,1
36.0,3.0,13.0,28.0,4495.0,33.0,2.0,0
25.0,5.0,8.0,19.0,1294.0,35.0,0.0,1
57.0,7.0,7.0,14.0,5200.0,78.0,2.0,1
48.0,6.0,15.0,30.0,12277.0,18.0,1.0,0
28.0,2.0,9.0,10.0,6766.0,5.0,0.0,1
20.0,7.0,15.2,47.0,4914.0,88.0,1.0,1
30.0,6.0,27.0,25.0,4172.0,24.0,0.0,1
19.0,3.0,12.0,36.0,14297.0,91.0,2.0,1
23.0,5.0,19.0,44.0,14425.0,54.0,2.0,1
29.0,6.0,18.0,54.0,5512.0,97.0,2.0,0
35.8,1.0,20.0,34.0,5141.0,14.0,0.0,1
49.0,7.0,10.0,8.0,8721.0,12.0,0.0,0
53.0,5.0,4.0,31.0,14934.0,37.0,1.0,0
30.0,7.0,26.0,59.0,2845.0,47.0,2.0,1
63.0,0.0,17.0,29.0,1621.0,3.0,2.0,1
49.0,3.0,21.0,8.0,14866.0,2.0,2.0,1
57.0,6.0,4.0,15.0,5055.0,53.0,1.0,1
63.0,7.0,28.0,39.0,10561.0,32.0,1.0,1
53.0,0.0,16.0,8.0,7287.0,53.0,2.0,1
39.0,1.0,8.0,5.0,13277.0,48.0,1.0,0
37.0,7.0,1.0,53.0,6884.0,89.0,1.0,0
28.0,6.0,6.0,4.0,9419.0,71.0,1.0,0
31.0,3.0,15.0,7.0,3938.0,70.0,2.0,1
20.0,1.0,10.0,54.0,14912.0,58.0,1.0,1
23.0,0.0,14.0,56.0,5176.0,40.0,0.0,1
40.0,3.0,21.0,30.0,13256.0,46.0,0.0,1
43.0,7.0,4.0,28.0,12665.0,49.0,0.0,0
56.0,7.0,18.0,49.0,10087.0,36.0,0.0,0
35.0,1.0,17.0,3.0,9551.0,84.0,2.0,1
47.0,6.0,23.0,58.0,5932.0,87.0,1.0,0
37.0,0.0,22.0,29.0,2947.0,86.0,0.0,0
47.0,5.0,3.0,43.0,2100.0,64.0,1.0,1
48.0,3.0,16.0,38.0,7018.0,92.0,0.0,1
40.0,2.0,21.6,54.0,639.0,75.0,1.0,1
27.0,3.0,25.0,31.0,861.0,18.0,1.0,0
61.0,2.0,29.0,46.0,7229.0,45.0,0.0,0
21.0,5.0,12.0,14.0,300.0,73.0,1.0,1
32.0,2.0,11.0,12.0,11515.0,32.0,0.0,1
54.0,6.0,3.0,27.0,5708.0,24.0,0.0,0
61.0,1.0,1.0,20.0,2573.0,56.0,0.0,0
43.0,0.0,23.0,43.0,3432.0,44.0,2.0,1
46.0,0.0,18.0,20.0,10699.0,86.0,2.0,0
64.0,7.0,13.0,22.0,5347.0,22.0,2.0,1
50.0,7.0,8.0,53.0,14448.0,87.0,2.0,1
40.0,7.0,29.0,35.0,4207.0,2.0,0.0,0
36.0,7.0,6.0,55.0,1164.0,17.0,2.0,0
19.0,3.0,13.0,54.0,13766.0,75.0,0.0,0
34.0,0.0,15.0,13.0,6752.0,66.0,0.0,1
51.0,5.0,14.0,20.0,13924.0,56.0,2.0,0
49.0,1.0,11.8,57.0,6109.0,43.0,1.0,0
62.0,2.0,10.0,31.0,8034.0,59.0,0.0,0
28.0,1.0,17.0,54.0,1472.0,15.0,1.0,0
22.0,7.0,28.0,38.0,4324.0,23.0,0.0,0
55.0,1.0,18.0,38.0,11730.0,29.0,1.0,1
34.0,6.0,24.0,27.0,1663.0,38.0,2.0,0
34.0,3.0,27.0,23.0,14796.0,13.0,2.0,1
23.0,3.0,17.0,40.0,10473.0,34.0,1.0,1
55.0,7.0,21.0,34.6,4547.0,26.0,1.0,1
30.0,0.0,5.0,16.0,9900.0,49.0,2.0,0
21.0,0.0,19.0,27.0,9046.0,20.0,1.0,0
64.0,2.0,6.0,30.0,12336.0,20.0,2.0,0
38.0,0.0,9.0,2.0,10096.0,8.0,0.0,0
25.0,1.0,23.0,56.0,7251.0,53.0,2.0,0
35.0,2.0,12.0,32.0,12919.0,3.0,0.0,1
49.2,1.0,9.0,49.0,6445.0,74.0,0.0,0
55.0,1.0,9.0,14.0,14416.0,64.0,0.0,0
53.0,7.0,1.0,25.0,2531.0,50.0,1.0,1
64.0,0.0,18.0,1.0,1607.0,86.0,1.0,0
57.0,2.0,5.0,59.0,13780.0,42.0,1.0,1
52.0,7.0,15.0,5.0,9534.0,18.0,1.0,1
31.0,7.0,12.0,22.6,1529.0,67.0,0.0,0
29.0,3.0,9.0,17.0,12088.0,48.0,2.0,0
23.0,1.0,14.0,15.0,9519.0,31.0,2.0,1
60.0,2.0,28.0,12.0,1170.0,84.0,2.0,0
41.0,4.0,28.0,48.0,11400.0,89.0,0.0,0
41.0,6.0,8.0,49.0,6184.0,59.0,0.0,0
42.0,4.0,13.2,7.0,2182.0,77.0,1.0,0
23.0,0.0,23.0,49.0,1622.0,81.0,1.0,1
55.0,4.0,22.0,51.0,1151.0,84.0,2.0,0
21.0,1.0,21.0,23.0,4620.0,13.0,2.0,0
23.0,1.0,3.0,16.0,5680.0,59.0,0.0,0
56.0,6.0,27.0,24.2,4536.0,98.0,0.0,0
59.0,5.0,29.0,56.0,8764.0,9.0,1.0,0
44.0,6.0,10.0,57.0,3770.0,95.0,1.0,0
52.0,1.0,14.0,31.0,12110.0,62.0,0.0,1
33.0,0.0,8.0,4.0,7577.0,91.0,2.0,0
21.0,6.0,28.0,53.0,6016.0,24.0,1.0,1
28.0,7.0,26.0,47.0,10242.0,73.0,1.0,1
29.0,3.0,13.0,38.0,1695.0,38.0,1.0,1
31.0,1.0,27.0,46.0,5003.0,86.0,0.0,1
63.0,4.0,28.0,36.0,8175.0,4.0,0.0,0
51.0,4.0,28.0,42.0,6262.0,64.0,0.0,1
45.0,7.0,16.0,1.0,4406.0,64.0,2.0,0
51.0,5.0,12.0,36.0,13740.0,27.0,1.0,0
53.0,4.0,6.0,52.0,250.0,92.0,2.0,0
51.0,6.0,18.0,22.0,3923.0,31.0,1.0,1
20.0,3.0,17.0,42.0,8082.0,83.0,2.0,1
47.0,4.0,7.0,14.0,11210.0,15.0,1.0,0
28.0,2.0,12.0,24.0,8864.0,63.0,0.0,1
47.0,2.0,21.0,8.0,1758.0,76.0,0.0,1
60.0,5.0,7.0,52.0,10188.0,52.0,1.0,0
20.0,3.0,18.0,3.0,14643.0,90.0,2.0,0
24.0,6.0,26.0,2.0,4867.0,24.0,1.0,0
62.0,1.0,27.0,3.0,11409.0,12.0,2.0,0
46.0,1.0,16.6,21.0,11090.0,92.0,0.0,0
28.0,1.0,14.0,8.0,11496.0,12.0,0.0,1
34.0,0.0,22.0,45.0,5567.0,40.0,0.0,1
28.0,7.0,6.0,24.0,1712.0,84.0,2.0,1
48.0,3.0,24.0,12.0,10642.0,21.0,2.0,0
49.0,3.0,18.0,10.0,4998.0,23.0,2.0,1
38.0,0.0,28.0,25.0,2576.0,41.0,0.0,0
26.0,2.0,23.0,42.0,3706.0,28.0,0.0,0
36.0,6.0,6.0,44.0,11938.0,88.0,0.0,1
41.6,5.0,18.0,25.0,13800.0,33.0,0.0,1
50.0,0.0,15.0,17.0,12889.0,95.0,0.0,0
35.0,2.0,24.0,21.0,3235.0,10.0,1.0,1
60.0,6.0,20.0,31.0,4995.0,77.0,0.0,1
52.0,6.0,4.0,58.0,9916.0,34.0,0.0,0
21.0,1.0,15.0,49.0,12379.0,14.0,1.0,0
63.0,0.0,20.0,13.0,12520.0,77.0,2.0,1
62.0,7.0,17.0,9.0,5403.0,89.0,2.0,1
56.0,4.0,8.0,8.0,9971.0,51.0,1.0,0
56.0,6.0,16.0,34.0,14589.0,68.0,2.0,1
50.0,2.0,25.0,24.0,6675.0,2.0,1.0,0
61.0,0.0,12.0,1.0,13743.0,9.0,0.0,0
26.0,0.0,22.0,35.0,4244.0,12.0,1.0,1
33.0,5.0,6.0,58.0,2703.0,44.0,0.0,0
52.0,1.0,2.0,13.0,9792.0,47.0,2.0,1
23.0,0.0,28.0,23.0,11366.0,5.0,2.0,0
25.0,1.0,4.0,55.0,4798.0,58.0,1.0,1
29.0,4.0,20.0,47.0,2719.0,59.0,1.0,1
36.0,7.0,23.0,56.0,3666.0,37.0,0.0,0
27.0,1.0,15.0,14.0,13034.0,17.0,2.0,0
40.0,2.0,23.0,48.0,12947.0,92.0,0.0,0
18.0,5.0,5.0,41.0,2903.0,43.0,0.0,1
60.0,0.0,25.0,15.0,1229.0,72.0,2.0,0
57.0,1.0,23.0,20.0,3146.0,84.0,0.0,0
47.0,1.0,13.0,37.0,10255.0,62.0,2.0,1
36.0,1.0,27.0,25.0,2943.0,4.0,0.0,1
49.0,6.0,18.0,10.0,839.0,31.0,2.0,1
49.0,3.0,22.0,14.0,13320.0,89.0,0.0,1
21.0,4.0,16.0,38.0,7255.0,12.0,1.0,0
64.0,3.0,9.0,48.0,8409.0,51.0,1.0,1
57.0,2.0,19.0,52.0,1264.0,74.0,0.0,0
52.0,4.0,7.0,30.0,8533.0,60.0,2.0,0
41.0,1.0,10.0,54.0,12872.0,90.0,2.0,1
25.0,6.0,11.0,33.0,1390.0,4.0,2.0,1
45.8,3.0,5.0,12.0,8118.0,1.0,0.0,1
30.0,5.0,26.0,32.0,3883.0,10.0,0.0,0
18.0,0.0,16.0,34.0,11365.0,4.0,1.0,1
45.0,3.0,4.0,12.0,5279.0,96.0,1.0,0
54.0,0.0,14.0,19.0,7350.0,70.0,0.0,0
42.0,6.0,13.0,14.0,2386.0,45.0,0.0,1
25.0,0.0,21.0,14.0,8675.0,45.0,1.0,0
30.0,4.0,6.0,30.0,6282.0,59.0,2.0,1
35.0,2.0,3.0,48.0,12538.0,73.0,0.0,0
24.0,3.0,7.0,28.0,522.0,23.0,0.0,1
63.0,4.0,25.0,8.0,5587.0,56.0,1.0,0
36.0,3.0,20.0,4.0,12514.0,66.0,0.0,1
27.0,7.0,11.0,18.0,3991.0,33.0,2.0,1
35.0,0.0,7.0,37.0,356.0,35.0,1.0,1
46.0,5.0,2.0,47.0,363.0,77.0,0.0,0
31.0,5.0,23.0,41.0,776.0,21.0,0.0,1
26.0,4.0,12.0,38.0,10866.0,52.0,0.0,0
55.0,0.0,10.0,44.0,4524.0,39.0,2.0,0
49.0,3.0,19.0,24.0,12158.0,96.0,2.0,1
23.0,3.0,29.0,20.0,7259.0,87.0,0.0,1
25.0,1.0,16.0,52.0,6638.0,65.0,1.0,1
27.0,4.0,15.0,58.0,6619.0,24.0,2.0,1
44.0,1.0,23.0,54.0,6208.0,43.0,1.0,1
50.0,0.0,23.0,26.0,7504.0,1.0,1.0,1
34.0,4.0,11.0,43.0,14260.0,27.0,0.0,0
53.0,3.0,7.0,23.0,11983.0,75.0,0.0,0
55.0,0.0,25.0,32.0,11030.0,94.0,1.0,1
63.0,3.0,29.0,19.0,11290.0,65.0,2.0,0
60.0,2.0,22.0,41.0,4626.0,7.0,2.0,0
25.0,6.0,8.0,46.0,8274.0,24.0,1.0,1
20.0,1.0,2.0,40.0,3153.0,80.0,2.0,1
52.0,6.0,22.0,16.0,3288.0,30.0,1.0,1
22.0,3.0,6.0,16.0,865.0,45.0,0.0,1
40.0,2.0,12.0,2.0,4111.0,10.0,1.0,1
56.0,1.0,17.0,24.0,814.0,73.0,2.0,0
19.0,3.0,25.0,55.0,14854.0,69.0,0.0,0
45.0,4.0,12.0,31.2,3278.0,6.0,0.0,1
51.0,7.0,1.0,27.0,7278.0,25.0,1.0,0
27.0,0.0,13.0,49.0,13020.0,82.0,2.0,0
41.0,0.0,29.0,17.0,1139.0,36.0,1.0,1
61.0,0.0,4.0,28.0,3328.0,60.0,0.0,0
56.0,4.0,7.0,4.0,7633.0,70.0,0.0,1
57.0,2.0,5.0,9.0,2160.0,54.0,0.0,1
42.0,0.0,21.0,53.0,9090.0,6.0,1.0,1
63.0,7.0,6.0,38.0,10831.0,13.0,2.0,1
33.0,5.0,19.0,53.0,900.0,78.0,1.0,1
31.0,6.0,13.0,16.0,5845.0,44.0,2.0,0
40.0,4.0,8.0,21.8,13603.0,73.0,0.0,1
45.0,0.0,25.0,19.0,11695.0,4.0,2.0,0
58.0,3.0,11.0,45.0,5931.0,72.0,0.0,0
49.0,2.0,22.0,24.0,4505.0,1.0,0.0,1
22.0,2.0,3.0,24.0,4003.0,70.0,2.0,0
41.0,2.0,12.0,24.0,5867.0,71.0,1.0,1
18.0,7.0,23.0,25.0,1445.0,21.0,0.0,1
56.0,3.0,13.2,17.0,14808.0,27.0,2.0,0
43.2,1.0,14.0,39.0,9294.0,4.0,2.0,1
42.0,7.0,13.0,22.0,12002.0,93.0,1.0,1
54.0,7.0,5.0,48.0,13705.0,67.0,2.0,1
63.0,7.0,19.0,28.0,11467.0,27.0,2.0,1
58.0,5.0,12.0,53.0,8490.0,62.0,0.0,0
41.0,4.0,13.0,31.0,13556.0,82.0,1.0,1
27.0,7.0,13.0,9.0,6229.0,42.0,2.0,1
46.2,0.0,15.0,50.0,14010.0,50.0,0.0,1
48.0,6.0,19.0,8.0,5115.0,93.0,2.0,1
33.0,4.0,23.0,10.0,1932.0,68.0,1.0,1
53.0,1.0,12.0,7.0,1640.0,39.0,0.0,0
23.0,1.0,19.0,39.0,6745.0,97.0,0.0,1
62.0,2.0,11.0,11.0,8755.0,31.0,0.0,0
41.0,4.0,25.0,46.0,8109.0,49.0,1.0,1
32.0,6.0,13.0,22.0,8315.0,76.0,1.0,1
62.0,5.0,17.0,13.0,9413.0,39.0,0.0,0
46.0,0.0,9.0,41.0,6027.0,23.0,1.0,1
31.0,3.0,27.0,21.0,3047.0,79.0,0.0,0
44.0,0.0,11.8,11.0,929.0,42.0,1.0,1
64.0,7.0,17.0,28.0,14592.0,7.0,1.0,1
46.0,1.0,27.0,25.0,1194.0,29.0,2.0,1
63.0,2.0,22.0,42.0,13957.0,61.0,1.0,0
48.0,6.0,17.0,50.0,1197.0,20.0,2.0,0
22.0,6.0,26.0,10.0,14267.0,61.0,1.0,1
63.0,4.0,13.0,20.6,6675.0,64.0,1.0,0
58.0,6.0,21.0,52.0,12235.0,5.0,2.0,1
44.0,3.0,24.0,36.8,7860.0,92.0,2.0,1
39.0,6.0,21.0,49.0,3836.0,8.0,1.0,1
39.0,1.0,24.0,43.0,6402.0,51.0,0.0,0
31.0,6.0,5.0,27.0,1977.0,36.0,2.0,1
45.0,5.0,8.0,56.0,13227.0,26.0,2.0,0
24.0,1.0,5.0,50.0,12040.0,40.0,1.0,0
27.0,0.0,13.0,6.0,9033.0,67.0,2.0,0
60.0,5.0,10.0,24.0,12523.0,25.0,2.0,0
33.0,3.0,5.0,11.0,13393.0,83.0,2.0,1
47.0,0.0,14.6,29.0,14152.0,69.0,2.0,0
29.0,6.0,12.0,15.0,14808.0,94.0,1.0,0
55.0,7.0,20.0,50.0,14583.0,41.0,0.0,1
51.0,7.0,13.2,30.0,9393.0,19.0,2.0,1
42.0,3.0,18.0,42.0,3692.0,72.0,1.0,1
45.0,4.0,24.0,4.0,729.0,50.0,1.0,0
23.0,7.0,26.0,58.0,10983.0,19.0,2.0,0
41.0,1.0,11.0,54.0,3208.0,29.0,2.0,0
51.0,6.0,6.0,38.0,4167.0,98.0,1.0,0
21.0,3.0,26.0,48.0,322.0,29.0,1.0,0
41.6,6.0,28.0,1.0,4899.0,72.0,1.0,1
34.0,0.0,26.0,8.0,10078.0,69.0,1.0,0
64.0,1.0,12.0,2.0,545.0,90.0,2.0,1
35.0,1.0,3.0,32.0,14457.0,31.0,2.0,1
47.0,4.0,18.0,23.0,12071.0,52.0,0.0,0
35.0,2.0,4.2,51.0,4769.0,95.0,2.0,0
46.0,6.0,13.0,25.0,2555.0,75.0,2.0,1
19.0,6.0,7.0,28.0,4657.0,16.0,0.0,0
63.0,4.0,17.0,9.0,2565.0,40.0,0.0,1
36.0,0.0,25.0,16.0,6264.0,83.0,1.0,1
51.0,5.0,20.0,33.0,12986.0,44.0,0.0,1
28.0,0.0,10.0,58.0,8405.0,87.0,1.0,1
39.0,0.0,11.0,53.0,8068.0,76.0,1.0,0
42.0,0.0,20.0,15.0,6140.0,90.0,2.0,1
38.0,6.0,28.0,34.0,12639.0,96.0,2.0,0
54.0,6.0,6.0,16.0,12910.0,53.0,2.0,0
55.0,5.0,17.0,32.0,11724.0,68.0,0.0,1
21.0,0.0,8.0,59.0,9640.0,70.0,1.0,1
31.0,5.0,4.0,59.0,5575.0,23.0,0.0,1
26.0,5.0,10.0,51.0,10900.0,96.0,2.0,1
48.6,0.0,17.0,35.0,3778.0,47.0,1.0,0
25.0,2.0,9.0,20.0,3210.0,3.0,0.0,0
32.0,1.0,13.0,51.0,6289.0,13.0,1.0,0
19.0,1.0,8.0,40.0,14707.0,92.0,2.0,1
55.0,2.0,15.0,12.0,11456.0,63.0,0.0,1
39.0,4.0,24.0,44.0,14037.0,9.0,1.0,0
26.0,5.0,8.0,34.0,6731.0,16.0,1.0,1
38.0,0.0,20.0,28.0,11950.0,95.0,1.0,1
43.0,5.0,17.0,36.0,13930.0,65.0,0.0,1
39.0,4.0,1.0,35.0,2673.0,76.0,1.0,0
58.0,6.0,11.0,28.0,4835.0,95.0,0.0,1
22.0,5.0,11.0,56.0,924.0,76.0,1.0,0
64.0,6.0,14.8,3.0,11090.0,58.0,1.0,1
56.0,7.0,12.2,14.0,7594.0,84.0,0.0,1
56.0,0.0,23.0,1.0,715.0,54.0,0.0,1
56.0,7.0,7.0,2.0,13004.0,24.0,2.0,1
28.0,1.0,23.0,23.0,2394.0,32.0,1.0,1
25.0,4.0,20.0,19.0,11171.0,74.0,0.0,1
19.0,2.0,5.0,51.0,14865.0,96.0,0.0,0
25.0,0.0,2.0,29.0,11139.0,23.0,2.0,0
61.0,2.0,28.0,22.0,4542.0,26.0,2.0,0
42.0,5.0,18.0,26.0,9197.0,22.0,2.0,1
40.0,0.0,20.0,53.0,11585.0,61.0,2.0,0
50.0,2.0,3.0,40.0,9771.0,40.0,1.0,1
58.0,0.0,29.0,42.0,7020.0,91.0,2.0,1
36.0,4.0,18.0,50.0,309.0,34.0,0.0,1
26.0,1.0,14.0,22.0,9201.0,64.0,0.0,0
26.0,5.0,11.0,31.0,10191.0,40.0,1.0,1
27.0,0.0,3.0,18.0,11513.0,39.0,2.0,0
48.0,4.0,12.0,32.0,11680.0,91.0,2.0,1
25.0,1.0,3.0,27.0,7936.0,82.0,0.0,1
47.0,6.0,5.0,1.0,12957.0,13.0,0.0,1
51.0,0.0,16.2,48.0,8835.0,97.0,1.0,0
52.0,4.0,3.0,45.0,6774.0,71.0,0.0,0
29.0,4.0,17.0,20.0,10148.0,4.0,0.0,0
57.0,1.0,21.0,9.0,8045.0,1.0,0.0,1
57.0,2.0,26.0,57.0,5788.0,13.0,0.0,0
20.0,3.0,21.0,13.0,9417.0,29.0,0.0,1
39.0,5.0,23.0,15.0,12925.0,63.0,2.0,1
29.0,7.0,18.0,35.0,12594.0,91.0,1.0,0
18.0,5.0,10.0,32.0,6872.0,21.0,2.0,0
56.0,4.0,10.0,43.0,2694.0,93.0,2.0,0
62.0,5.0,4.0,43.0,13223.0,77.0,2.0,1
44.0,7.0,14.0,36.0,6134.0,36.0,0.0,1
32.0,4.0,24.0,27.0,14991.0,81.0,1.0,1
42.0,7.0,9.0,40.0,12567.0,13.0,2.0,0
34.0,1.0,8.0,51.0,14234.0,17.0,2.0,1
33.0,2.0,25.0,51.0,7616.0,51.0,1.0,0
23.0,4.0,25.0,52.0,932.0,68.0,0.0,1
50.0,5.0,11.0,31.0,5515.0,93.0,0.0,0
53.0,4.0,21.0,1.0,793.0,68.0,2.0,1
57.0,2.0,26.0,40.0,883.0,5.0,0.0,1
52.0,2.0,11.0,11.0,14784.0,56.0,0.0,1
20.0,4.0,7.0,37.0,7220.0,64.0,1.0,1
42.0,3.0,11.0,35.0,10089.0,8.0,2.0,1
19.0,5.0,21.0,39.0,2124.0,71.0,1.0,1
55.0,0.0,17.2,20.0,14894.0,43.0,2.0,1
21.0,0.0,7.0,23.6,3696.0,94.0,0.0,1
36.0,0.0,3.0,13.0,8444.0,8.0,2.0,1
58.0,5.0,10.0,24.0,14518.0,15.0,1.0,1
27.0,1.0,27.0,53.0,2827.0,58.0,0.0,1
60.0,7.0,11.0,56.0,12853.0,16.0,0.0,1
41.0,6.0,16.0,6.0,4546.0,33.0,1.0,0
41.2,2.0,29.0,26.0,726.0,87.0,1.0,0
49.0,5.0,21.0,17.4,6824.0,37.0,1.0,0
23.0,4.0,28.0,6.0,1996.0,66.0,2.0,0
33.0,6.0,26.0,17.0,13598.0,60.0,0.0,0
19.0,5.0,24.0,37.0,14493.0,11.0,1.0,1
39.0,6.0,9.0,58.0,517.0,47.0,2.0,1
19.0,4.0,16.0,12.0,8633.0,38.0,2.0,1
51.0,2.0,13.0,10.0,1459.0,40.0,1.0,0
23.0,7.0,13.0,13.0,6910.0,24.0,0.0,1
54.0,0.0,22.0,5.0,2206.0,41.0,1.0,1
44.0,5.0,4.0,34.0,9410.0,32.0,1.0,1
44.0,2.0,20.0,4.0,12192.0,41.0,0.0,1
22.0,2.0,15.0,13.0,3467.0,11.0,1.0,1
43.0,2.0,10.0,12.0,6169.0,82.0,2.0,1
56.0,4.0,9.0,39.0,3946.0,86.0,1.0,1
46.0,7.0,7.0,8.0,7850.0,82.0,1.0,1
36.0,0.0,4.0,22.0,2104.0,19.0,1.0,0
27.0,4.0,4.0,18.0,10398.0,76.0,2.0,1
48.0,1.0,4.0,40.0,5692.0,33.0,2.0,0
